"V1","V2","V3","V4","V5","V6","V7","V8","V9","V10"
"Row0",0.0378777009539285,0.0280872927085443,0.0736368880356132,0,0.134865610897825,0.00569639409689969,0,0,0,0
"Row1",0.0378777009539285,0.0281873600299179,0.0734912799909455,0,0.137113931779791,0.00690149215063332,0,0,0,0
"Row2",0.0378777009539285,0.0283913399456999,0.0731944932969522,0,0.136956107009139,0.00722636109541995,0,0,0,0
"Row3",0.0378777009539285,0.0283655789037123,0.0729934754281758,0,0.136750393747536,0.00734124505942368,0,0,0,0
"Row4",0.0378777009539285,0.028419455703097,0.0725505899607086,0,0.137043209060156,0.00775050960727345,0,0,0,0
"Row5",0.0378777009539285,0.0285514980186421,0.072165558635092,0,0.136008651904813,0.00711908835850506,0,0,0,0
"Row6",0.0378777009539285,0.0286119371418387,0.0724077744054597,0,0.13641254480262,0.00572782717471887,0,0,0,0
"Row7",0.0378777009539285,0.0285519781464273,0.0730079777998465,0,0.135351688853158,0.00605669482871374,0,0,0,0
"Row8",0.0378777009539285,0.0285451975992126,0.0729456250862578,0,0.135802088209536,0.00649971929839165,0,0,0,0
"Row9",0.0378777009539285,0.0283097717976816,0.0732601511559736,0,0.136593177260997,0.00476327972736256,0,0,0,0
"Row10",0.0378777009539285,0.0291075557175194,0.072645583514549,0,0.135672682395858,0.00376249320790623,0,0,0,0
"Row11",0.0378777009539285,0.0289926628985201,0.0729316179184751,0,0.135239687314676,0.00340033195650952,0,0,0,0
"Row12",0.0378777009539285,0.0289041170486609,0.0729422004791604,0,0.134868644632624,0.0034195224547026,0,0,0,0
"Row13",0.0378777009539285,0.0288170253236694,0.0731238154363952,0,0.134087754528571,0.00464466416182424,0,0,0,0
"Row14",0.0378777009539285,0.0289518564657865,0.0729760022117991,0,0.135070592054066,0.00318746156091736,0,0,0,0
"Row15",0.0378777009539285,0.0285548400357847,0.0711814744745965,0,0.136355302581106,0.00333043081326349,0,0,0,0
"Row16",0.0378777009539285,0.028561770508959,0.0710543286944506,0,0.135472748889373,0.00286102154399909,0,0,0,0
"Row17",0.0378777009539285,0.0290733707225238,0.0715584372585369,0,0.135448056763833,0.00136385297277554,0,0,0,0
"Row18",0.0378777009539285,0.0291727370325055,0.0706753828804293,0,0.134372491288988,0.00164085628131578,0,0,0,0
"Row19",0.0378777009539285,0.0291055439330069,0.070602190547515,0,0.134686839659603,0.0013575855003181,0,0,0,0
"Row20",0.0378777009539285,0.0289793267439658,0.07027014242672,0,0.134243185954024,0.00110932360695917,0,0,0,0
"Row21",0.0378777009539285,0.0286929933766217,0.0702098916859219,0,0.132411900917838,0.000646782189075608,0,0,0,0
"Row22",0.0378777009539285,0.0290479532502,0.0695963398263446,0,0.130713687302743,0.000190864752660947,0,0,0,0
"Row23",0.0378777009539285,0.0285101567341977,0.0694944382668561,0,0.127970519666413,-1.58296383567886e-06,0,0,0,0
"Row24",0.0378777009539285,0.0286806540499286,0.0689390439185136,0,0.128152052285964,-1.96782766798672e-05,0,0,0,0
"Row25",0.0378777009539285,0.0279100005256334,0.0678313348847866,0,0.126788979701954,-0.00242938453938467,0,0,0,0
"Row26",0.0378777009539285,0.0278954712764892,0.0678339941715099,0,0.126838112055463,-0.00233792553341723,0,0,0,0
"Row27",0.0378777009539285,0.0275004819982894,0.0677528661443269,0,0.124640064676847,-0.00315345327458218,0,0,0,0
"Row28",0.0378777009539285,0.0271797931336832,0.0665044642055324,0,0.123810577544229,-0.00307423005051717,0,0,0,0
"Row29",0.0378777009539285,0.0269699314028711,0.0662494763989071,0,0.11956649731436,-0.00315594993609166,0,0,0,0
"Row30",0.0378777009539285,0.0269640456158188,0.0659251724372251,0,0.119136263240947,-0.00336471179047027,0,0,0,0
"Row31",0.0378777009539285,0.0268917011006097,0.0659627084738277,0,0.119094037211784,-0.00345063737181069,0,0,0,0
"Row32",0.0378777009539285,0.026570010933063,0.066078967747513,0,0.118137505153894,-0.00432008596179511,0,0,0,0
"Row33",0.0378777009539285,0.0256763556948729,0.0655422662564491,0,0.116539415669516,-0.0057510299567856,0,0,0,0
"Row34",0.0378777009539285,0.0255568335445173,0.0655100987744029,0,0.116084893600689,-0.00554853882540168,0,0,0,0
"Row35",0.0378777009539285,0.0254727830200626,0.065504156159191,0,0.115946390780978,-0.00592547071975586,0,0,0,0
"Row36",0.0378777009539285,0.0254027505509911,0.0654234992459242,0,0.114130976494946,-0.00583773968547607,0,0,0,0
"Row37",0.0378777009539285,0.0253909253945779,0.0654780466284983,0,0.113596709001484,-0.00562741631978049,0,0,0,0
"Row38",0.0378777009539285,0.0254132294692526,0.0653011663128047,0,0.112443520831992,-0.00552663387462529,0,0,0,0
"Row39",0.0378777009539285,0.0252815902277589,0.0646153194857271,0,0.111166123348588,-0.00645005933639943,0,0,0,0
"Row40",0.0378777009539285,0.0252734209800698,0.0640483614844682,0,0.110677708460238,-0.00739353998175709,0,0,0,0
"Row41",0.0378777009539285,0.0255567218942003,0.0622480283618208,0,0.106640104306489,-0.00941976671001721,0,0,0,0
"Row42",0.0378777009539285,0.0257550716860179,0.0605547702126218,0,0.10362037386369,-0.0120197858435971,0,0,0,0
"Row43",0.0378777009539285,0.0261010427571902,0.0587974056364875,0,0.0989913373299944,-0.0126808233303754,0,0,0,0
"Row44",0.0378777009539285,0.0260967171039611,0.0584605753859819,0,0.0979154211430724,-0.0126098915765642,0,0,0,0
"Row45",0.0378777009539285,0.0258521559707369,0.058167770853304,0,0.0911059453708592,-0.0160188464887518,0,0,0,0
"Row46",0.0378777009539285,0.0257764387331231,0.0582623955153146,0,0.0910183211258792,-0.0161757558674908,0,0,0,0
"Row47",0.0378777009539285,0.0257326240227381,0.0583147668128429,0,0.090825720029781,-0.0161769614343223,0,0,0,0
"Row48",0.0378777009539285,0.0257791077742333,0.0583066882231244,0,0.0909063076198673,-0.016212126874345,0,0,0,0
"Row49",0.0378777009539285,0.025449779751219,0.0580165397974793,0,0.0905214175571664,-0.0162186231195578,0,0,0,0
"Row50",0.0378777009539285,0.0255967622519265,0.0578306003904724,0,0.0898455917278427,-0.0170614010167553,0,0,0,0
"Row51",0.0378777009539285,0.0255904007032896,0.0572457283262488,0,0.0882509188085924,-0.0174792543227974,0,0,0,0
"Row52",0.0378777009539285,0.0249540658785135,0.0559359065408288,0,0.0834614758925662,-0.0171098179014571,0,0,0,0
"Row53",0.0378777009539285,0.0250986965966253,0.0560135762632388,0,0.0808632905596968,-0.0180636303592526,0,0,0,0
"Row54",0.0378777009539285,0.0247084458342998,0.0546935290926748,0,0.0762085773291525,-0.0189984297877936,0,0,0,0
"Row55",0.0378777009539285,0.0246888773227349,0.0544031044740081,0,0.0753777014415348,-0.0191764115611067,0,0,0,0
"Row56",0.0378777009539285,0.0239331353895021,0.0534421456496143,0,0.0709683172862058,-0.0182860812986519,0,0,0,0
"Row57",0.0378777009539285,0.0241778092358139,0.0514510328531952,0,0.0603226317245585,-0.0209519336460793,0,0,0,0
"Row58",0.0378777009539285,0.0241173938674943,0.0490049107637651,0,0.0552428839038778,-0.0216693001024743,0,0,0,0
"Row59",0.0378777009539285,0.0240210904088839,0.0481315541033327,0,0.0534956433569612,-0.0230014499293065,0,0,0,0
"Row60",0.0378777009539285,0.0239126359929296,0.0466758330073834,0,0.0493817224334187,-0.0243691338017313,0,0,0,0
"Row61",0.0378777009539285,0.0239592705684067,0.046740759143332,0,0.0495117914557696,-0.0244092684420745,0,0,0,0
"Row62",0.0378777009539285,0.0240044197678646,0.0465082343187406,0,0.0439727382635348,-0.0255531062021769,0,0,0,0
"Row63",0.0378777009539285,0.0236693422571987,0.0456012659001556,0,0.0419562488469323,-0.0258761570557504,0,0,0,0
"Row64",0.0378777009539285,0.0233968726419771,0.044826382181385,0,0.0380739058036712,-0.0272327338372517,0,0,0,0
"Row65",0.0378777009539285,0.022610591973611,0.0454290326917023,0,0.0344590056857411,-0.0268562491356541,0,0,0,0
"Row66",0.0378777009539285,0.0226625655234254,0.0453910996108118,0,0.0344979801576574,-0.0268944071277168,0,0,0,0
"Row67",0.0378777009539285,0.0226697920506477,0.0448139461945267,0,0.0343117376585512,-0.0273593710669724,0,0,0,0
"Row68",0.0378777009539285,0.0227057534835873,0.0448506086327675,0,0.0332032733092019,-0.027586351262127,0,0,0,0
"Row69",0.0378777009539285,0.0228482360556432,0.0447395638843636,0,0.0312641812989549,-0.028280187460511,0,0,0,0
"Row70",0.0378777009539285,0.0228464299291498,0.0449661198326595,0,0.0305253339333222,-0.0283477181857749,0,0,0,0
"Row71",0.0378777009539285,0.0225000444999803,0.0426837047205099,0,0.0245198644328335,-0.0286011272039365,0,0,0,0
"Row72",0.0378777009539285,0.0222217090934976,0.0410366994327943,0,0.0178550081745269,-0.0302621944414708,0,0,0,0
"Row73",0.0378777009539285,0.021962152547116,0.0405653255125441,0,0.0157689249687737,-0.0307441076590462,0,0,0,0
"Row74",0.0378777009539285,0.0218307639853106,0.0398821828438696,0,0.0135450359577863,-0.0310100448781173,0,0,0,0
"Row75",0.0378777009539285,0.0217559871482793,0.0396745045574947,0,0.0131857804084622,-0.0311682513326461,0,0,0,0
"Row76",0.0378777009539285,0.0218193450113464,0.0396931440065318,0,0.0133741534015773,-0.0311823883259714,0,0,0,0
"Row77",0.0378777009539285,0.0216058111905268,0.0394982837397511,0,0.00474248405886293,-0.033483165113681,0,0,0,0
"Row78",0.0378777009539285,0.0215682804732066,0.0398051188803778,0,0.00273174050570015,-0.0335782559645861,0,0,0,0
"Row79",0.0378777009539285,0.0215646357006985,0.0395327933237656,0,0.00221919142034321,-0.0339242206929421,0,0,0,0
"Row80",0.0378777009539285,0.0215581006668077,0.0394867350185015,0,0.00219174582953227,-0.0339291865141766,0,0,0,0
"Row81",0.0378777009539285,0.0217616265705789,0.0376341421119473,0,0.000602001655384534,-0.0331170053912079,0,0,0,0
"Row82",0.0378777009539285,0.0218917940397992,0.037031561828849,0,0.000537420028691275,-0.0322556762716172,0,0,0,0
"Row83",0.0378777009539285,0.0218947452795605,0.0367947301420541,0,0.000301165200814591,-0.0311441706773346,0,0,0,0
"Row84",0.0378777009539285,0.0218215794194161,0.036124874900826,0,0.000208939050882476,-0.0311586652855233,0,0,0,0
"Row85",0.0378777009539285,0.0218131439033806,0.0357960007041873,0,9.1982868621729e-05,-0.0294824566333927,0,0,0,0
"Row86",0.0378777009539285,0.0217843254186393,0.0356193250929168,0,0.000100814042040569,-0.0292740881042682,0,0,0,0
"Row87",0.0378777009539285,0.0220815731812933,0.0353888071113273,0,6.93930198338716e-05,-0.0285573054568131,0,0,0,0
"Row88",0.0378777009539285,0.0220062676247358,0.0332047173802383,0,3.36226444623359e-05,-0.0248052197984328,0,0,0,0
"Row89",0.0378777009539285,0.0219673089423804,0.0330566296414405,0,3.42534296621017e-05,-0.0246892234946454,0,0,0,0
"Row90",0.0378777009539285,0.0217017315445514,0.0332625355216966,0,3.2138432269728e-05,-0.0241763611997952,0,0,0,0
"Row91",0.0378777009539285,0.0215274955386466,0.0324096397588321,0,2.67457542939643e-05,-0.0239700604467229,0,0,0,0
"Row92",0.0378777009539285,0.0209004805404355,0.0307389277911436,0,1.70248158878356e-05,-0.0207173516673467,0,0,0,0
"Row93",0.0378777009539285,0.0208854418558993,0.0310001455108002,0,1.74030004350998e-05,-0.0206803753464675,0,0,0,0
"Row94",0.0378777009539285,0.0208168217829477,0.0307860985703221,0,1.59872536434903e-05,-0.0194487454387353,0,0,0,0
"Row95",0.0378777009539285,0.020859320602912,0.0302758873267302,0,1.44820937771906e-05,-0.0194394195669303,0,0,0,0
"Row96",0.0378777009539285,0.0209175793625521,0.0299676420388778,0,1.39510877653935e-05,-0.0189958242149341,0,0,0,0
"Row97",0.0378777009539285,0.021571832917354,0.0292750972499004,0,1.43986804240178e-05,-0.0180909983999665,0,0,0,0
"Row98",0.0378777009539285,0.0219469820932229,0.0286707446111917,0,1.15060335478634e-05,-0.0146936957527504,0,0,0,0
"Row99",0.0378777009539285,0.0224454380544461,0.0265435394572844,0,1.12515150545181e-05,-0.0104311164020825,0,0,0,0
"Row100",0.0378777009539285,0.0228173000459938,0.0263824613438678,0,1.05681959943972e-05,-0.00938177138717978,0,0,0,0
"Row101",0.0378777009539285,0.0232595493935194,0.0252358169277595,0,9.42795229634797e-06,-0.00627271478877359,0,0,0,0
"Row102",0.0378777009539285,0.0237545872555712,0.0242804212600682,0,9.35965781755769e-06,-0.0051683146369145,0,0,0,0
"Row103",0.0378777009539285,0.0237481484854484,0.0242419310626303,0,9.26701925286039e-06,-0.00540309747248125,0,0,0,0
"Row104",0.0378777009539285,0.0239162621755588,0.0247870870881096,0,8.75847984240768e-06,-0.00385044541790585,0,0,0,0
"Row105",0.0378777009539285,0.024389025779589,0.0243692049301488,0,9.60464553366609e-06,-0.00369845530266934,0,0,0,0
"Row106",0.0378777009539285,0.0246774823047581,0.0229848226905199,0,8.3312748194981e-06,-0.00236696611796376,0,0,0,0
"Row107",0.0378777009539285,0.0248156552063803,0.0228903469580355,0,8.16833316200276e-06,-0.00217568043827569,0,0,0,0
"Row108",0.0378777009539285,0.02494305281317,0.0228779561649845,0,7.9916737512756e-06,-0.00204536540487968,0,0,0,0
"Row109",0.0378777009539285,0.0250589215162869,0.0226590422253666,0,7.89014466077386e-06,-0.00153375401920929,0,0,0,0
"Row110",0.0378777009539285,0.0251323425861939,0.022432514384033,0,7.64597088176461e-06,-0.00125746403269975,0,0,0,0
"Row111",0.0378777009539285,0.0253160160335632,0.0224806757528952,0,7.33549911591138e-06,-0.00111888176108529,0,0,0,0
"Row112",0.0378777009539285,0.0252791602310826,0.0222262604438835,0,7.19268786695438e-06,-0.000950369608470917,0,0,0,0
"Row113",0.0378777009539285,0.0250784110847791,0.0216654378698508,0,6.75866194809032e-06,2.78404519457988e-05,0,0,0,0
"Row114",0.0378777009539285,0.0253195152365287,0.0216720446799476,0,6.99125954624016e-06,0.000142862837440625,0,0,0,0
"Row115",0.0378777009539285,0.0252550907493081,0.0217136231733868,0,7.07281603619997e-06,0.000287812219643166,0,0,0,0
"Row116",0.0378777009539285,0.0256115345981172,0.0203456515052308,0,6.02754759511647e-06,0.00122656095874355,0,0,0,0
"Row117",0.0378777009539285,0.0265048930212841,0.0180488619996839,0,4.81631370182124e-06,0.00753694503907377,0,0,0,0
"Row118",0.0378777009539285,0.0271945107993544,0.0162542630956451,0,4.12299342676522e-06,0.0155105811755513,0,0,0,0
"Row119",0.0378777009539285,0.0271041409107084,0.0162614068437383,0,4.03053010590044e-06,0.0150561366649553,0,0,0,0
"Row120",0.0378777009539285,0.0269830113915704,0.0156744100760863,0,4.06072011361972e-06,0.0167966142853898,0,0,0,0
"Row121",0.0378777009539285,0.0282515116607255,0.0139637786422648,0,3.7642517977868e-06,0.0203724917109294,0,0,0,0
"Row122",0.0378777009539285,0.0207047609135368,0.0309493861067816,0,1.67243007435045e-05,-0.0207056559998332,0,0,0,0
"Row123",0.0378777009539285,0.0205223552564407,0.030551248574681,0,1.59774001488817e-05,-0.020811477329018,0,0,0,0
"Row124",0.0378777009539285,0.0201109028674277,0.031065733206858,0,1.65306430301217e-05,-0.0209453405744793,0,0,0,0
"Row125",0.0378777009539285,0.0198699424229164,0.0316378495011002,0,1.49846878437692e-05,-0.0211153039501291,0,0,0,0
"Row126",0.0378777009539285,0.0197689448406045,0.0314714030867512,0,1.4952851338891e-05,-0.0217775560092131,0,0,0,0
"Row127",0.0378777009539285,0.0194552798253814,0.0313926428158782,0,1.4941861709854e-05,-0.0220309786031521,0,0,0,0
"Row128",0.0378777009539285,0.0195313211989245,0.0314990177930199,0,1.36418922473683e-05,-0.0216740672900298,0,0,0,0
"Row129",0.0378777009539285,0.0187182001446776,0.0323402027446685,0,1.43417685593891e-05,-0.0229971050818532,0,0,0,0
"Row130",0.0378777009539285,0.0183784003089849,0.0322940924799491,0,1.42516436002612e-05,-0.0229341162971684,0,0,0,0
"Row131",0.0378777009539285,0.018241792648035,0.032143011899406,0,1.40760206719687e-05,-0.0227757867131816,0,0,0,0
"Row132",0.0378777009539285,0.0173734911867284,0.0329567493222513,0,1.43153190767444e-05,-0.0249794202787518,0,0,0,0
"Row133",0.0378777009539285,0.0165389559713718,0.0317746273229094,0,1.42771350894824e-05,-0.0252916415690404,0,0,0,0
"Row134",0.0378777009539285,0.0156982260083138,0.0320610360810037,0,1.57469640963123e-05,-0.0274209696149235,0,0,0,0
"Row135",0.0378777009539285,0.0139155866463977,0.0324056594692138,0,1.21358654118258e-05,-0.0283195080181048,0,0,0,0
"Row136",0.0378777009539285,0.0139137559003257,0.0323288493625448,0,1.09375282226826e-05,-0.0278466851726764,0,0,0,0
"Row137",0.0378777009539285,0.0138010028752219,0.0325333655715614,0,9.02061202390007e-06,-0.0269315017965866,0,0,0,0
"Row138",0.0378777009539285,0.013609330350898,0.0322461185519783,0,8.57101115822075e-06,-0.0265624472515664,0,0,0,0
"Row139",0.0378777009539285,0.0131048533659939,0.0310762829041522,0,6.83955552959236e-06,-0.0262009219268302,0,0,0,0
"Row140",0.0378777009539285,0.012554171591229,0.0301791216785591,0,7.1666370794293e-06,-0.0256770518512471,0,0,0,0
"Row141",0.0378777009539285,0.0120904721398113,0.0304354509395995,0,7.27200577937935e-06,-0.0250872605027487,0,0,0,0
"Row142",0.0378777009539285,0.0121766435449662,0.0303750247401668,0,7.33941197870504e-06,-0.025041600826341,0,0,0,0
"Row143",0.0378777009539285,0.0114771715111232,0.0308358750791826,0,5.72537099389121e-06,-0.0252106218694135,0,0,0,0
"Row144",0.0378777009539285,0.0107945087445718,0.0289798411278352,0,5.33360572285679e-06,-0.0252407505770625,0,0,0,0
"Row145",0.0378777009539285,0.0109352305225708,0.028202290790527,0,5.51438420592282e-06,-0.0264839822962025,0,0,0,0
"Row146",0.0378777009539285,0.0109781732733139,0.0277250457777849,0,5.13649999152731e-06,-0.0263280037979328,0,0,0,0
"Row147",0.0378777009539285,0.010783396112404,0.0278778138927708,0,5.45763602905427e-06,-0.0267715432438109,0,0,0,0
"Row148",0.0378777009539285,0.0110159349374135,0.0283749411469129,0,5.63538614087904e-06,-0.0268111799791135,0,0,0,0
"Row149",0.0378777009539285,0.0110080217248005,0.0284366187071627,0,5.61363773325201e-06,-0.0274313190803447,0,0,0,0
"Row150",0.0378777009539285,0.0108656645588662,0.0280953633890679,0,5.46417816757754e-06,-0.0266874567425516,0,0,0,0
"Row151",0.0378777009539285,0.00896395186100375,0,0,0,0,0,0,0,0
"Row152",0.0378777009539285,0.00919565424039762,0,0,0,0,0,0,0,0
"Row153",0.0378777009539285,0.0092281153512933,0,0,0,0,0,0,0,0
"Row154",0.0378777009539285,0.00746098520753066,0,0,0,0,0,0,0,0
"Row155",0.0378777009539285,0.00660985775970162,0,0,0,0,0,0,0,0
"Row156",0.0378777009539285,0.00619441923160399,0,0,0,0,0,0,0,0
"Row157",0.0378777009539285,0.00533687866520692,0,0,0,0,0,0,0,0
"Row158",0.0378777009539285,0.00509632284602829,0,0,0,0,0,0,0,0
"Row159",0.0378777009539285,0.00469480848674725,0,0,0,0,0,0,0,0
"Row160",0.0378777009539285,0.00470473685492282,0,0,0,0,0,0,0,0
"Row161",0.0378777009539285,0.00427351944440039,0,0,0,0,0,0,0,0
"Row162",0.0378777009539285,0.0037932698177644,0,0,0,0,0,0,0,0
"Row163",0.0378777009539285,0.00303444695984436,0,0,0,0,0,0,0,0
"Row164",0.0378777009539285,0.00296664146071864,0,0,0,0,0,0,0,0
"Row165",0.0378777009539285,0.00245991202914755,0,0,0,0,0,0,0,0
"Row166",0.0378777009539285,0.00215113311537736,0,0,0,0,0,0,0,0
"Row167",0.0378777009539285,0.00210189691309464,0,0,0,0,0,0,0,0
"Row168",0.0378777009539285,0.00137024406828943,0,0,0,0,0,0,0,0
"Row169",0.0378777009539285,0.0010188324521902,0,0,0,0,0,0,0,0
"Row170",0.0378777009539285,0.00076376443269529,0,0,0,0,0,0,0,0
"Row171",0.0378777009539285,0.000153056067193282,0,0,0,0,0,0,0,0
"Row172",0.0378777009539285,6.69456948406177e-06,0,0,0,0,0,0,0,0
"Row173",0.0378777009539285,-0.000149011039464684,0,0,0,0,0,0,0,0
"Row174",0.0378777009539285,-0.000439485534991931,0,0,0,0,0,0,0,0
"Row175",0.0378777009539285,-0.000549558210649572,0,0,0,0,0,0,0,0
"Row176",0.0378777009539285,-0.000776812414323537,0,0,0,0,0,0,0,0
"Row177",0.0378777009539285,-0.0011914475776745,0,0,0,0,0,0,0,0
"Row178",0.0378777009539285,-0.00135495992070215,0,0,0,0,0,0,0,0
"Row179",0.0378777009539285,-0.00147451337735697,0,0,0,0,0,0,0,0
"Row180",0.0378777009539285,-0.0020391354676239,0,0,0,0,0,0,0,0
"Row181",0.0378777009539285,-0.00217221160764018,0,0,0,0,0,0,0,0
"Row182",0.0378777009539285,-0.00224868061493589,0,0,0,0,0,0,0,0
"Row183",0.0378777009539285,-0.0029643257554318,0,0,0,0,0,0,0,0
"Row184",0.0378777009539285,-0.00340544515169522,0,0,0,0,0,0,0,0
"Row185",0.0378777009539285,-0.00347276179618286,0,0,0,0,0,0,0,0
"Row186",0.0378777009539285,-0.00339699448042275,0,0,0,0,0,0,0,0
"Row187",0.0378777009539285,-0.00416136346280197,0,0,0,0,0,0,0,0
"Row188",0.0378777009539285,-0.0042067696733289,0,0,0,0,0,0,0,0
"Row189",0.0378777009539285,-0.00449806380372782,0,0,0,0,0,0,0,0
"Row190",0.0378777009539285,-0.00498775533086908,0,0,0,0,0,0,0,0
"Row191",0.0378777009539285,-0.00501893086447569,0,0,0,0,0,0,0,0
"Row192",0.0378777009539285,-0.00498557924079287,0,0,0,0,0,0,0,0
"Row193",0.0378777009539285,-0.00534885304170907,0,0,0,0,0,0,0,0
"Row194",0.0378777009539285,-0.00572976286589688,0,0,0,0,0,0,0,0
"Row195",0.0378777009539285,-0.00591267685822176,0,0,0,0,0,0,0,0
"Row196",0.0378777009539285,-0.0072081094159137,0,0,0,0,0,0,0,0
"Row197",0.0378777009539285,-0.00717409361408311,0,0,0,0,0,0,0,0
"Row198",0.0378777009539285,-0.00735032285600917,0,0,0,0,0,0,0,0
"Row199",0.0378777009539285,-0.00741276338045458,0,0,0,0,0,0,0,0
"Row200",0.0378777009539285,-0.00756407164308995,0,0,0,0,0,0,0,0
"Row201",0.0378777009539285,-0.00813790337995845,0,0,0,0,0,0,0,0
"Row202",0.0378777009539285,-0.00820417923964828,0,0,0,0,0,0,0,0
"Row203",0.0378777009539285,-0.00922053043467336,0,0,0,0,0,0,0,0
"Row204",0.0378777009539285,-0.00952644173021754,0,0,0,0,0,0,0,0
"Row205",0.0378777009539285,-0.0100048330566069,0,0.0658707903363818,0,0,0,0.0921712152222527,-0.102595554511092,0
"Row206",0.0378777009539285,-0.0101627472977861,0,0.0678167171919045,0,0,0,0.0956692341137526,-0.0994829183295519,0
"Row207",0.0378777009539285,-0.0108950767684519,0,0.0697668341581867,0,0,0,0.100989930804742,-0.0988028599794342,0
"Row208",0.0378777009539285,-0.011102026950614,0,0.0710193252482592,0,0,0,0.103161664273006,-0.100121791723598,0
"Row209",0.0378777009539285,-0.0115181132513431,0,0.0714274657039399,0,0,0,0.105541560486332,-0.0989329202640185,0
"Row210",0.0378777009539285,-0.0116176218416615,0,0.0714082179301967,0,0,0,0.10544220075302,-0.097533989091463,0
"Row211",0.0378777009539285,-0.0117722106128912,0,0.0717971899694252,0,0,0,0.106084040067674,-0.0982380795635235,0
"Row212",0.0378777009539285,-0.0119497558715638,0,0.0727472244734937,0,0,0,0.106301492453727,-0.0984146841811848,0
"Row213",0.0378777009539285,-0.0121181904123525,0,0.0730120022267458,0,0,0,0.109697444998325,-0.0974743378090557,0
"Row214",0.0378777009539285,-0.0122150775704614,0,0.0737392164285525,0,0,0,0.110696093205345,-0.0987765620293335,0
"Row215",0.0378777009539285,-0.0130628244583912,0,0.0752673291480979,0,0,0,0.111187825244468,-0.098293006088637,0
"Row216",0.0378777009539285,-0.013146777781662,0,0.0758463776128472,0,0,0,0.111533902548919,-0.0973197672116454,0
"Row217",0.0378777009539285,-0.0132363759456964,0,0.0751738371781549,0,0,0,0.112528737616386,-0.0954089188721998,0
"Row218",0.0378777009539285,-0.0133171778361243,0,0.0755775964548407,0,0,0,0.112634131939255,-0.0943045673302852,0
"Row219",0.0378777009539285,-0.0134479191789492,0,0.0758630613424902,0,0,0,0.111654346824572,-0.0915503982220403,0
"Row220",0.0378777009539285,-0.0134999252983203,0,0.0765510414794894,0,0,0,0.11084400538424,-0.0905015897683971,0
"Row221",0.0378777009539285,-0.0133515464027385,0,0.0770320576547481,0,0,0,0.110355061730421,-0.0900141156455125,0
"Row222",0.0378777009539285,-0.0142895223247116,0,0.0772769038194084,0,0,0,0.112198062381329,-0.0833252976873776,0
"Row223",0.0378777009539285,-0.0142936723228929,0,0.0772495561157408,0,0,0,0.111391242889591,-0.082432706512326,0
"Row224",0.0378777009539285,-0.0147627039002558,0,0.0779053373915863,0,0,0,0.112734856177911,-0.0773260625434841,0
"Row225",0.0378777009539285,-0.0148649989336985,0,0.0781278178482544,0,0,0,0.112359724705275,-0.0762706350852459,0
"Row226",0.0378777009539285,-0.0147608169394436,0,0.0782263996086517,0,0,0,0.112117609685206,-0.07580065011946,0
"Row227",0.0378777009539285,-0.0148973054664671,0,0.0779126041665449,0,0,0,0.110958186248045,-0.0752192814214488,0
"Row228",0.0378777009539285,-0.0153562049253,0,0.077209975616439,0,0,0,0.11319919268569,-0.0752467281622411,0
"Row229",0.0378777009539285,-0.0154333233570772,0,0.0775544983855215,0,0,0,0.113719329811119,-0.0741058878265953,0
"Row230",0.0378777009539285,-0.016043322147667,0,0.0774356869412158,0,0,0,0.110975863832985,-0.0633749052596031,0
"Row231",0.0378777009539285,-0.0161108618024004,0,0.0777861702371968,0,0,0,0.110977619191516,-0.0631689924889459,0
"Row232",0.0378777009539285,-0.0163538658782834,0,0.0790157352411737,0,0,0,0.107645000590827,-0.0556782792495164,0
"Row233",0.0378777009539285,-0.0166933334782925,0,0.0789563768678797,0,0,0,0.109257569438765,-0.0541533119407879,0
"Row234",0.0378777009539285,-0.0174744331155875,0,0.0812514473970756,0,0,0,0.112578069039668,-0.0371322775642091,0
"Row235",0.0378777009539285,-0.0176514631999442,0,0.0813599853509914,0,0,0,0.112300922006557,-0.0361263215535421,0
"Row236",0.0378777009539285,-0.0189318215039956,0,0.082669681538573,0,0,0,0.111085888318893,-0.0251311598799669,0
"Row237",0.0378777009539285,-0.0192783040458097,0,0.0828933793739868,0,0,0,0.110754053455247,-0.0222854479213687,0
"Row238",0.0378777009539285,-0.0198291795759084,0,0.0826682422348379,0,0,0,0.108675615311183,-0.0140427347858269,0
"Row239",0.0378777009539285,-0.0197919758228139,0,0.0833150357423292,0,0,0,0.105719473801428,-0.00680665368784879,0
"Row240",0.0378777009539285,-0.0200237022311556,0,0.0834628371584241,0,0,0,0.105206380131357,-0.00360501919091819,0
"Row241",0.0378777009539285,-0.0203675811776843,0,0.0830599421992765,0,0,0,0.104130790488597,0.0016296303915974,0
"Row242",0.0378777009539285,-0.0211898915544229,0,0.0837107656188335,0,0,0,0.101283176115307,0.00697195080164728,0
"Row243",0.0378777009539285,-0.0212258406801178,0,0.0837719165001336,0,0,0,0.101680280925672,0.00695438585103947,0
"Row244",0.0378777009539285,-0.0216605345340981,0,0.0827030887796813,0,0,0,0.0973435361705342,0.0100856755509737,0
"Row245",0.0378777009539285,-0.0218994697855453,0,0.082697144106453,0,0,0,0.0964967739483593,0.0122071663405427,0
"Row246",0.0378777009539285,-0.0218321738403993,0,0.0818418108006201,0,0,0,0.0943959842179868,0.0138562141261294,0
"Row247",0.0378777009539285,-0.0219034137594934,0,0.0817947554877753,0,0,0,0.0934948351378623,0.0154788546252617,0
"Row248",0.0378777009539285,-0.0220858980735619,0,0.0815672556201901,0,0,0,0.088736625612419,0.0214948029307919,0
"Row249",0.0378777009539285,-0.0228230976064719,0,0.0817860799091014,0,0,0,0.0844557603431529,0.0304241501325642,0
"Row250",0.0378777009539285,-0.0233207380449159,0,0.0819520277568465,0,0,0,0.0823676679143311,0.0353672649413146,0
"Row251",0.0378777009539285,-0.0232974386116712,0,0.0822885814281611,0,0,0,0.081406704086873,0.0356524942999458,0
"Row252",0.0378777009539285,-0.0239683073051278,0,0.0810430401365897,0,0,0,0.078421578126307,0.0436734927526646,0
"Row253",0.0378777009539285,-0.0246987720810327,0,0.0795719844518279,0,0,0,0.0722220603914317,0.0527817348503832,0
"Row254",0.0378777009539285,-0.0258380726555315,0,0.0789250372733075,0,0,0,0.0669706692085493,0.0616818665789142,0
"Row255",0.0378777009539285,-0.0259566952265954,0,0.0793167073297674,0,0,0,0.066392235925764,0.0634749694194787,0
"Row256",0.0378777009539285,-0.0260893918986074,0,0.0791949296412725,0,0,0,0.0671329753626422,0.0635729011668452,0
"Row257",0.0378777009539285,-0.0261563781379845,0,0.0785636173149032,0,0,0,0.0671780380623172,0.0657204319315669,0
"Row258",0.0378777009539285,-0.0262078231317398,0,0.0779641507163419,0,0,0,0.065507272001818,0.068213484079289,0
"Row259",0.0378777009539285,-0.0269957294955761,0,0.0760722229886381,0,0,0,0.0629052354991202,0.0747214793867055,0
"Row260",0.0378777009539285,-0.0270638316352628,0,0.0762002860035695,0,0,0,0.0623720485841359,0.0747800309391341,0
"Row261",0.0378777009539285,-0.0270350541902657,0,0.0760917439388732,0,0,0,0.0604509158118275,0.07515221056029,0
"Row262",0.0378777009539285,-0.0273683375124745,0,0.0760113343914913,0,0,0,0.0610790486948104,0.0760658991073627,0
"Row263",0.0378777009539285,-0.0279711329862749,0,0.0761187791114321,0,0,0,0.0558229052272284,0.0796085834821002,0
"Row264",0.0378777009539285,-0.0280532205573683,0,0.0758483680483193,0,0,0,0.0548453766600613,0.0804203081218989,0
"Row265",0.0378777009539285,-0.0279851525691504,0,0.0751702166525333,0,0,0,0.0550456458526536,0.0853691190125811,0
"Row266",0.0378777009539285,-0.0280132272156681,0,0.0751834044182989,0,0,0,0.0554772969401288,0.085593370499556,0
"Row267",0.0378777009539285,-0.0287144296640776,0,0.0745041762381785,0,0,0,0.0505507234446443,0.0884572672520282,0
"Row268",0.0378777009539285,-0.0288239772777471,0,0.0743428850001098,0,0,0,0.0500261270765662,0.0885756687880767,0
"Row269",0.0378777009539285,-0.0293686683371716,0,0.0725221521384048,0,0,0,0.045776308566355,0.0905365643890196,0
"Row270",0.0378777009539285,-0.0303688829145582,0,0.0709782622044741,0,0,0,0.0360181274157745,0.0965481669700172,0
"Row271",0.0378777009539285,-0.0306879302798677,0,0.0700536426409192,0,0,0,0.0347217384225282,0.0969041898063843,0
"Row272",0.0378777009539285,-0.0334377088595611,0,0.0694122053649167,0,0,0,0.0206173660124236,0.10022763428101,0
"Row273",0.0378777009539285,-0.0334043108196829,0,0.0692006041972755,0,0,0,0.0184524555678934,0.102148979558117,0
"Row274",0.0378777009539285,-0.0345853299461784,0,0.0683675144814278,0,0,0,0.0065718160516357,0.104896888591932,0
"Row275",0.0378777009539285,-0.034620692693161,0,0.0680189973852829,0,0,0,0.00662004974748228,0.104921156216597,0
"Row276",0.0378777009539285,-0.0357647129544282,0,0.0650412911768078,0,0,0,0.00116388597164212,0.111707915305755,0
"Row277",0.0378777009539285,-0.0356876322133242,0,0.064876645544756,0,0,0,0.00116565334429639,0.111817119344859,0
"Row278",0.0378777009539285,-0.0357928000055633,0,0.0649934878609966,0,0,0,0.000738111925635616,0.115298870799465,0
"Row279",0.0378777009539285,-0.0356462952801241,0,0.0651195967126525,0,0,0,0.000716533780278261,0.115485726927151,0
"Row280",0.0378777009539285,-0.0357352228228842,0,0.0637816959614857,0,0,0,0.000246758221267114,0.120470269667978,0
"Row281",0.0378777009539285,-0.0361509670984219,0,0.0629969474253045,0,0,0,0.000158756956156816,0.121751443280395,0
"Row282",0.0378777009539285,-0.0361361346616753,0,0.0629292987821617,0,0,0,0.000158689593574083,0.124169368467047,0
"Row283",0.0378777009539285,-0.0368454097801925,0,0.0618160442271922,0,0,0,9.7555714745875e-05,0.128397978655465,0
"Row284",0.0378777009539285,-0.0374672400323728,0,0.0584933479642099,0,0,0,3.97656157650535e-05,0.135329080188325,0
"Row285",0.0378777009539285,-0.0379409901669606,0,0.0565506958623881,0,0,0,2.22020612816102e-05,0.137895169610667,0
"Row286",0.0378777009539285,-0.0378834368066566,0,0.0566116462441427,0,0,0,2.20658945867588e-05,0.13774671993907,0
"Row287",0.0378777009539285,-0.0379576422948348,0,0.0564471439089528,0,0,0,2.27856576078259e-05,0.137365867099855,0
"Row288",0.0378777009539285,-0.0380241242415025,0,0.0558272833622234,0,0,0,2.24051825712011e-05,0.135850098052536,0
"Row289",0.0378777009539285,-0.0378592472517201,0,0.0554725339430954,0,0,0,2.22342069819788e-05,0.137335411642064,0
"Row290",0.0378777009539285,-0.037966646544077,0,0.0547777365015581,0,0,0,2.16298514650827e-05,0.136902363483025,0
"Row291",0.0378777009539285,-0.0380350361437782,0,0.0547751002011711,0,0,0,1.99143329626198e-05,0.136661895549323,0
"Row292",0.0378777009539285,-0.0380575420547008,0,0.0546373035266925,0,0,0,1.92056729728542e-05,0.137157956637253,0
"Row293",0.0378777009539285,-0.0380223847574794,0,0.0544175791520031,0,0,0,2.00590549657224e-05,0.136367939950498,0
"Row294",0.0378777009539285,-0.038488320168864,0,0.0524726875545694,0,0,0,1.52136406409395e-05,0.13708942937035,0
"Row295",0.0378777009539285,-0.039144096863965,0,0.0519540059999217,0,0,0,1.38098326219915e-05,0.138721099688883,0
"Row296",0.0378777009539285,-0.0397943072580536,0,0.051183567399703,0,0,0,1.54374702925518e-05,0.138427845791699,0
"Row297",0.0378777009539285,-0.0403674031361136,0,0.0500460558343568,0,0,0,1.3031910896515e-05,0.138479312312329,0
"Row298",0.0378777009539285,-0.0407958055195344,0,0.0496898333445415,0,0,0,1.25563311156716e-05,0.136064828307981,0
"Row299",0.0378777009539285,-0.0407436663482462,0,0.0490460669476961,0,0,0,1.20056066144221e-05,0.134504066688287,0
"Row300",0.0378777009539285,-0.0409301761674802,0,0.0491285838639919,0,0,0,1.15259684554981e-05,0.134867713717917,0
"Row301",0.0378777009539285,-0.0421899914874171,0,0.0453286125315833,0,0,0,8.32714413636464e-06,0.129780509809808,0
"Row302",0.0378777009539285,-0.0423587679751573,0,0.0413109411585861,0,0,0,7.42573352733368e-06,0.127545182092462,0
"Row303",0.0378777009539285,-0.0430593387901571,0,0.0403327648979829,0,0,0,6.56412132448009e-06,0.125461156875233,0
"Row304",0.0378777009539285,-0.0442158476163382,0,0.0377794207811518,0,0,0,6.31754336097678e-06,0.118630814484244,0
"Row305",0.0378777009539285,-0.0448168276803086,0,0.0366890371297602,0,0,0,5.86481527186228e-06,0.116275614139957,0
"Row306",0.0378777009539285,-0.0448879946714199,0,0.0368388461230477,0,0,0,5.72917785989032e-06,0.116608091741863,0
"Row307",0.0378777009539285,-0.0468544165600482,0,0.0313310234979177,0,0,0,5.22996666715405e-06,0.0996269022672382,0
"Row308",0.0378777009539285,-0.0468667089343168,0,0.03104435221831,0,0,0,5.30781654035905e-06,0.0988558936332338,0
"Row309",0.0378777009539285,-0.047380851388311,0,0.0295428786353892,0,0,0,5.02833436136217e-06,0.0943540425857148,0
"Row310",0.0378777009539285,-0.0475947893365052,0,0.0256462998726543,0,0,0,4.7456935831767e-06,0.0832329587550977,0
"Row311",0.0378777009539285,-0.0476851643263061,0,0.0256525350288089,0,0,0,4.77407179935318e-06,0.0828040521966064,0
"Row312",0.0378777009539285,-0.0480884484788579,0,0.0229382949321021,0,0,0,4.44011373111459e-06,0.0782431214169685,0
"Row313",0.0378777009539285,-0.0485510488175013,0,0.0221950529043732,0,0,0,4.18640644621941e-06,0.0717848775808717,0
"Row314",0.0378777009539285,-0.0485261568522961,0,0.0216974896402713,0,0,0,4.19619269279367e-06,0.0714417883834004,0
"Row315",0.0378777009539285,-0.048775922720246,0,0.0209184316157423,0,0,0,4.10486144790912e-06,0.0713883013691037,0
"Row316",0.0378777009539285,-0.0489058244331896,0,0.0202108430297103,0,0,0,4.11930181545244e-06,0.0693281556621015,0
"Row317",0.0378777009539285,-0.0491889607121397,0,0.0199905443784048,0,0,0,4.06325449522405e-06,0.0673694413195922,0
"Row318",0.0378777009539285,-0.0501121609043988,0,0.01864262533977,0,0,0,3.86965446398464e-06,0.0641901936399566,0
"Row319",0.0378777009539285,-0.0500193849273554,0,0.018187653661347,0,0,0,3.90503673964465e-06,0.0645272372466816,0
"Row320",0.0378777009539285,-0.051023160754895,0,0.0111403213514662,0,0,0,3.40833844454352e-06,0.0473297324248688,0
"Row321",0.0378777009539285,-0.0511053374314056,0,0.00975900106032905,0,0,0,0,0,0
"Row322",0.0378777009539285,-0.0513772341805216,0,0.00931988546914081,0,0,0,0,0,0
"Row323",0.0378777009539285,0.0288096071151227,0.0140780915667737,0,3.183925184166e-06,0.0261217091217256,0,0,0,0
"Row324",0.0378777009539285,0.0291043569172308,0.0139508788256915,0,2.53726054241074e-06,0.0353977540940467,0,0,0,0
"Row325",0.0378777009539285,0.0291022250990944,0.0141141251672105,0,2.57786962088455e-06,0.0353682715119471,0,0,0,0
"Row326",0.0378777009539285,0.0290825553356287,0.0141255419845474,0,2.59950435902824e-06,0.0355986525583861,0,0,0,0
"Row327",0.0378777009539285,0.0295575484722742,0.0138772430932426,0,2.52576246628271e-06,0.0384773208013035,0,0,0,0
"Row328",0.0378777009539285,0.0296330987222223,0.0139419185665331,0,2.38717112873597e-06,0.0394642043640974,0,0,0,0
"Row329",0.0378777009539285,0.0297796208891821,0.0137988142413443,0,2.251880161214e-06,0.0410429998337006,0,0,0,0
"Row330",0.0378777009539285,0.02991116801855,0.0136161757094196,0,2.12560234963541e-06,0.0423286724867033,0,0,0,0
"Row331",0.0378777009539285,0.0296354989578993,0.015617545079121,0,1.84424609475904e-06,0.0471675889419054,0,0,0,0
"Row332",0.0378777009539285,0.030009842928262,0.0185085747007316,0,1.88579082179468e-06,0.0512297192522868,0,0,0,0
"Row333",0.0378777009539285,0.0297077741268546,0.0190692726719434,0,1.71514921743365e-06,0.0528217972030658,0,0,0,0
"Row334",0.0378777009539285,0.0298350543781204,0.0195540817284922,0,1.6868449674516e-06,0.053548482414919,0,0,0,0
"Row335",0.0378777009539285,0.029912419512293,0.0191822867066757,0,1.59609762105024e-06,0.0557879035190955,0,0,0,0
"Row336",0.0378777009539285,0.0299073549607705,0.0191732474255744,0,1.54017737470576e-06,0.0597671545851111,0,0,0,0
"Row337",0.0378777009539285,0.0297638870437452,0.0188820161526782,0,1.53666677543521e-06,0.0621396388086785,0,0,0,0
"Row338",0.0378777009539285,0.029201655326781,0.0212108375515624,0,1.30049048810222e-06,0.0708912343396507,0,0,0,0
"Row339",0.0378777009539285,0.0295711374136236,0.0215005537036259,0,1.19307405212684e-06,0.0746311398804896,0,0,0,0
"Row340",0.0378777009539285,0.0292718368958557,0.0220697195281586,0,1.15255570807401e-06,0.078742437173893,0,0,0,0
"Row341",0.0378777009539285,0.0292784910837285,0.0221235991033869,0,1.16819489714617e-06,0.0792247888787764,0,0,0,0
"Row342",0.0378777009539285,0.0293958167737478,0.0221804636976337,0,1.11265644804585e-06,0.0849784187375244,0,0,0,0
"Row343",0.0378777009539285,0.0293224761993458,0.022440582607775,0,1.13267191242329e-06,0.0847625784144279,0,0,0,0
"Row344",0.0378777009539285,0.0294269987920762,0.0232661449948201,0,1.09506882590403e-06,0.0858832547167634,0,0,0,0
"Row345",0.0378777009539285,0.0292327891357867,0.0236930825200267,0,1.05855055566873e-06,0.0875627139151912,0,0,0,0
"Row346",0.0378777009539285,0.0289934612758873,0.0250202193621286,0,1.02334406340104e-06,0.0878233610983332,0,0,0,0
"Row347",0.0378777009539285,0.0287709771443498,0.0252202549025198,0,1.0392072096793e-06,0.0885116759389157,0,0,0,0
"Row348",0.0378777009539285,0.0289538114898434,0.0267569014607101,0,1.00473033935631e-06,0.0916815572914431,0,0,0,0
"Row349",0.0378777009539285,0.0290414600847961,0.025884412383994,0,9.6235759240857e-07,0.0949771086111742,0,0,0,0
"Row350",0.0378777009539285,0.0288751630875533,0.0262885588146989,0,9.26038545942423e-07,0.0971614278438643,0,0,0,0
"Row351",0.0378777009539285,0.0285433745118376,0.0270435381698627,0,9.03656612828136e-07,0.0989444269665682,0,0,0,0
"Row352",0.0378777009539285,0.0288213536701781,0.0264282521825569,0,9.10305958928842e-07,0.098791358208554,0,0,0,0
"Row353",0.0378777009539285,0.0288483219796569,0.0259213061753958,0,8.73233665310625e-07,0.100515841636199,0,0,0,0
"Row354",0.0378777009539285,0.0295388281131867,0.0261184146296905,0,8.32154984447948e-07,0.102425256937257,0,0,0,0
"Row355",0.0378777009539285,0.0296828884226228,0.0261581063268064,0,8.28965049082571e-07,0.103199326541088,0,0,0,0
"Row356",0.0378777009539285,0.029637558444431,0.026415263416655,0,8.24023378375931e-07,0.103531802563191,0,0,0,0
"Row357",0.0378777009539285,0.0295302166386037,0.0262626534567194,0,7.8817899260239e-07,0.106679701052663,0,0,0,0
"Row358",0.0378777009539285,0.0304446283223287,0.0261887290531625,0,7.10302790863145e-07,0.113419150230784,0,0,0,0
"Row359",0.0378777009539285,0.0306072669266033,0.0263030740676078,0,7.15011195325622e-07,0.113146535414654,0,0,0,0
"Row360",0.0378777009539285,0.0306188917437937,0.0261171941235267,0,7.21091411796438e-07,0.113323295998837,0,0,0,0
"Row361",0.0378777009539285,0.0312038193923393,0.0260716215253847,0,7.0852856937975e-07,0.114056822830372,0,0,0,0
"Row362",0.0378777009539285,0.0313492843140639,0.0259401228131028,0,7.07280014537094e-07,0.114695506915142,0,0,0,0
"Row363",0.0378777009539285,0.0311284064388713,0.0262084484653021,0,7.12343007977679e-07,0.115308128842487,0,0,0,0
"Row364",0.0378777009539285,0.0308196928944072,0.0260157599180523,0,7.12805804308061e-07,0.117074144856067,0,0,0,0
"Row365",0.0378777009539285,0.0310156852186173,0.0256452942479703,0,7.11418243033378e-07,0.118450861174311,0,0,0,0
"Row366",0.0378777009539285,0.0309537919882092,0.0256504022997628,0,7.08166115678741e-07,0.118966956777256,0,0,0,0
"Row367",0.0378777009539285,0.0313206094209802,0.0258414424982924,0,6.87680445211053e-07,0.119965821575419,0,0,0,0
"Row368",0.0378777009539285,0.0313298667348636,0.0260401664754682,0,6.84284949918402e-07,0.120277878041984,0,0,0,0
"Row369",0.0378777009539285,0.0311948799405569,0.0267787494525681,0,6.83761939191146e-07,0.121677541729392,0,0,0,0
"Row370",0.0378777009539285,0.0311592979748489,0.0267722122401398,0,6.81415604812032e-07,0.121962607159911,0,0,0,0
"Row371",0.0378777009539285,0.031716375352961,0.0269238884027512,0,7.00426575477388e-07,0.126299537189654,0,0,0,0
"Row372",0.0378777009539285,0.0320941920590541,0.0259589384698725,0,6.58541482776091e-07,0.127482068397735,0,0,0,0
"Row373",0.0378777009539285,0.0320574152565598,0.0260726446653392,0,6.60984294651515e-07,0.127373393494669,0,0,0,0
"Row374",0.0378777009539285,0.0318043976780778,0.0264304465744909,0,6.37118608596351e-07,0.128269043100952,0,0,0,0
"Row375",0.0378777009539285,0.0317150164633659,0.0266425837040175,0,6.14206770442302e-07,0.130288105380326,0,0,0,0
"Row376",0.0378777009539285,0.0316258416428673,0.0270098207982164,0,6.04743776802883e-07,0.131321084026216,0,0,0,0
"Row377",0.0378777009539285,0.0316714038388696,0.0279089733116119,0,5.73671111279128e-07,0.133066504445268,0,0,0,0
"Row378",0.0378777009539285,0.0314989292603796,0.028182971839988,0,5.59076284016729e-07,0.134379467255655,0,0,0,0
"Row379",0.0378777009539285,0.0311101827371412,0.0285035337184579,0,5.58986251229455e-07,0.134615727215549,0,0,0,0
"Row380",0.0378777009539285,0.0311942835708137,0.0282328684766583,0,5.44941806545415e-07,0.1353638921586,0,0,0,0
"Row381",0.0378777009539285,0.0312355054381021,0.0280957144151474,0,5.46518635486456e-07,0.135380955566117,0,0,0,0
"Row382",0.0378777009539285,0.0310833694615558,0.027594919947334,0,5.48657458048304e-07,0.135148288455735,0,0,0,0
"Row383",0.0378777009539285,0.0311050995638669,0.0275450908701635,0,5.48054895964222e-07,0.135249444688226,0,0,0,0
"Row384",0.0378777009539285,0.0311767563680516,0.0282913680871086,0,5.49523855836104e-07,0.136462466574593,0,0,0,0
"Row385",0.0378777009539285,0.0312384341901453,0.0285532167540634,0,5.47673956727274e-07,0.136393384111856,0,0,0,0
"Row386",0.0378777009539285,0.031415007793593,0.0286271962260273,0,5.58257709268112e-07,0.135707674108744,0,0,0,0
"Row387",0.0378777009539285,0.0317115132599816,0.0291817514730952,0,5.50243400328041e-07,0.13537257319347,0,0,0,0
"Row388",0.0378777009539285,0.0322913469121601,0.029375954058794,0,5.37044038034529e-07,0.137122515153619,0,0,0,0
"Row389",0.0378777009539285,0.0319525604022216,0.0288774596585223,0,5.41861256378133e-07,0.13594698408147,0,0,0,0
"Row390",0.0378777009539285,0.0326611351978197,0.0288285768277857,0,5.49367130622412e-07,0.136757016855245,0,0,0,0
"Row391",0.0378777009539285,0.032273153313946,0.0292532227734333,0,5.47801150771495e-07,0.136653502722149,0,0,0,0
"Row392",0.0378777009539285,0.0322045841011746,0.0289542290603041,0,5.52837951338654e-07,0.136697818856986,0,0,0,0
"Row393",0.0378777009539285,0.032245684130895,0.0289710501986075,0,5.5730185759434e-07,0.136545986016562,0,0,0,0
"Row394",0.0378777009539285,0.0322998989560682,0.0290156179616358,0,5.57987835652675e-07,0.136593546980182,0,0,0,0
"Row395",0.0378777009539285,0.0321547703891599,0.0290539493112035,0,5.54286358176865e-07,0.137185017914058,0,0,0,0
"Row396",0.0378777009539285,0.0321192524113548,0.0289434080775193,0,5.48106244810582e-07,0.137950967444827,0,0,0,0
"Row397",0.0378777009539285,0.0326638207065999,0.0290650502525864,0,5.35136072079989e-07,0.13886771204456,0,0,0,0
"Row398",0.0378777009539285,0.0329332979344845,0.0293107317702337,0,5.34439332064577e-07,0.139122796731913,0,0,0,0
"Row399",0.0378777009539285,0.0328342487727626,0.0266897700620117,0,5.50362032903419e-07,0.138029625464179,0,0,0,0
"Row400",0.0378777009539285,0.0327134435589145,0.0267770467226928,0,5.3579069786078e-07,0.139195004912724,0,0,0,0
"Row401",0.0378777009539285,0.0326699644500529,0.0268529165520307,0,5.33125259037646e-07,0.139529426338201,0,0,0,0
"Row402",0.0378777009539285,0.0288645401210988,0.0104112786877446,0,3.8487251052909e-06,0.0234680618674823,0,0,0,0
"Row403",0.0378777009539285,0.0288470499046822,0.0105559547175866,0,3.85935626519561e-06,0.0235334575471157,0,0,0,0
"Row404",0.0378777009539285,0.0293859392202008,0.00957317252153925,0,0,0,0,0,0,0
"Row405",0.0378777009539285,0.0294313732757135,0.00837811839504219,0,0,0,0,0,0,0
"Row406",0.0378777009539285,0.0296322257912397,0.00739833501021239,0,0,0,0,0,0,0
"Row407",0.0378777009539285,0.0295321092862051,0.00565871313219555,0,0,0,0,0,0,0
"Row408",0.0378777009539285,0.029460664783116,0.00445149142801562,0,0,0,0,0,0,0
"Row409",0.0378777009539285,0.0304091975819877,0.00478721046771834,0,0,0,0,0,0,0
"Row410",0.0378777009539285,0.030968867054354,0.00211639178406186,0,0,0,0,0,0,0
"Row411",0.0378777009539285,0.0311108965052305,0.00235699337490264,0,0,0,0,0,0,0
"Row412",0.0378777009539285,0.0311077528851916,0.00212587471449937,0,0,0,0,0,0,0
"Row413",0.0378777009539285,0.0313746139079741,0.00130842365158906,0,0,0,0,0,0,0
"Row414",0.0378777009539285,0.0313247789865428,0.00122317247458127,0,0,0,0,0,0,0
"Row415",0.0378777009539285,0.031328643231305,0.000650301487875366,0,0,0,0,0,0,0
"Row416",0.0378777009539285,0.0316653810497774,-0.000756077598261969,0,0,0,0,0,0,0
"Row417",0.0378777009539285,0.0331558456910909,-0.00385635888408179,0,0,0,0,0,0,0
"Row418",0.0378777009539285,0.0329985521572805,-0.00516519472091193,0,0,0,0,0,0,0
"Row419",0.0378777009539285,0.0333000667946812,-0.00553014764998944,0,0,0,0,0,0,0
"Row420",0.0378777009539285,0.0332730052174868,-0.00564176548099379,0,0,0,0,0,0,0
"Row421",0.0378777009539285,0.0333030210820909,-0.00561949064802499,0,0,0,0,0,0,0
"Row422",0.0378777009539285,0.0332862758437592,-0.0053878414952821,0,0,0,0,0,0,0
"Row423",0.0378777009539285,0.0334247174376128,-0.00547888420189531,0,0,0,0,0,0,0
"Row424",0.0378777009539285,0.0338686280948388,-0.00718868277012788,0,0,0,0,0,0,0
"Row425",0.0378777009539285,0.0344922902422239,-0.0154033539661749,0,9.10501782403811e-06,0,0.101770741428276,0,0,0
"Row426",0.0378777009539285,0.0354981777221809,-0.018057120942871,0,1.00052097572305e-05,0,0.11251666436672,0,0,0
"Row427",0.0378777009539285,0.0358832735210737,-0.018154196234709,0,1.03578308867437e-05,0,0.113608753564326,0,0,0
"Row428",0.0378777009539285,0.0356846457899222,-0.0183173000940477,0,1.09593989278657e-05,0,0.113590644768537,0,0,0
"Row429",0.0378777009539285,0.0356754753941278,-0.019206278377579,0,1.05411658798153e-05,0,0.114819248756011,0,0,0
"Row430",0.0378777009539285,0.0351897990909189,-0.0202250010960472,0,1.11303767377397e-05,0,0.115419471470486,0,0,0
"Row431",0.0378777009539285,0.0349443394355146,-0.022267419978982,0,1.24614494963738e-05,0,0.118220871323276,0,0,0
"Row432",0.0378777009539285,0.0349819035887795,-0.0226084679058019,0,1.11029807745009e-05,0,0.120034093367733,0,0,0
"Row433",0.0378777009539285,0.0353945300611177,-0.0260121381202821,0,1.40153116340235e-05,0,0.127838924170565,0,0,0
"Row434",0.0378777009539285,0.0358977948964845,-0.0267701285470252,0,1.53657955027067e-05,0,0.128462720308102,0,0,0
"Row435",0.0378777009539285,0.0361497481119628,-0.0272527203560273,0,1.66945503534052e-05,0,0.12893547276469,0,0,0
"Row436",0.0378777009539285,0.0365375543426793,-0.0289736534094656,0,1.59941064353296e-05,0,0.129360864717146,0,0,0
"Row437",0.0378777009539285,0.0365522786235899,-0.0289705359226025,0,1.68166064153508e-05,0,0.129553048682795,0,0,0
"Row438",0.0378777009539285,0.0366139153539314,-0.0291259373439233,0,1.69006248402039e-05,0,0.13018836835348,0,0,0
"Row439",0.0378777009539285,0.0366883502961024,-0.0291394799101858,0,1.60094647787524e-05,0,0.130336684300763,0,0,0
"Row440",0.0378777009539285,0.0374498317949849,-0.0345847919498309,0,1.89786410630624e-05,0,0.134461394666457,0,0,0
"Row441",0.0378777009539285,0.0375502511896116,-0.0358917462107415,0,1.80857517894176e-05,0,0.134497201600425,0,0,0
"Row442",0.0378777009539285,0.0372043518966286,-0.0370297711895708,0,1.81370138770725e-05,0,0.13498818862896,0,0,0
"Row443",0.0378777009539285,0.0371949039894291,-0.0370077148949015,0,1.84738640662665e-05,0,0.135159805721791,0,0,0
"Row444",0.0378777009539285,0.0370508309141665,-0.0370087335045798,0,2.0055354414137e-05,0,0.134836611735343,0,0,0
"Row445",0.0378777009539285,0.036836094664674,-0.0370130287122387,0,2.00016230571393e-05,0,0.134051879842239,0,0,0
"Row446",0.0378777009539285,0.0370146349604583,-0.0373721263627642,0,1.95722270867747e-05,0,0.133614717004335,0,0,0
"Row447",0.0378777009539285,0.0370539864895362,-0.0375463914702396,0,2.02181031897778e-05,0,0.133178565360308,0,0,0
"Row448",0.0378777009539285,0.0369608207299168,-0.0379644257903491,0,2.31695323451185e-05,0,0.133821742145266,0,0,0
"Row449",0.0378777009539285,0.0375186362931834,-0.0403388154270333,0,2.97852726706689e-05,0,0.131858165853292,0,0,0
"Row450",0.0378777009539285,0.0376649831114053,-0.0417665426463365,0,3.10001888942508e-05,0,0.130311665986872,0,0,0
"Row451",0.0378777009539285,0.0375989616320661,-0.0420717113565026,0,3.53202045636884e-05,0,0.130141212285789,0,0,0
"Row452",0.0378777009539285,0.0376554898099691,-0.0425141377388785,0,3.18639513568303e-05,0,0.129553659752346,0,0,0
"Row453",0.0378777009539285,0.0376809847433821,-0.0427795925029076,0,3.65378361804354e-05,0,0.127147655942026,0,0,0
"Row454",0.0378777009539285,0.0375009475791873,-0.0437200808698985,0,5.10024600899394e-05,0,0.12498617600715,0,0,0
"Row455",0.0378777009539285,0.0374305924477298,-0.0471256748614148,0,0.00014240566731049,0,0.118387765797172,0,0,0
"Row456",0.0378777009539285,0.0373819422056755,-0.0485015387842881,0,0.000146954405697831,0,0.116496019649305,0,0,0
"Row457",0.0378777009539285,0.0374547502941945,-0.0492227239811702,0,0.000183264346298453,0,0.115973539618563,0,0,0
"Row458",0.0378777009539285,0.0374019361993798,-0.049449131260639,0,0.000180194368560967,0,0.115101997289441,0,0,0
"Row459",0.0378777009539285,0.0373092477895565,-0.049751511450833,0,0.000168615188091708,0,0.114622724633081,0,0,0
"Row460",0.0378777009539285,0.0387742240677603,-0.0529447191530608,0,0.000533122647526124,0,0.112895337595866,0,0,0
"Row461",0.0378777009539285,0.0388291137327223,-0.0543583243014641,0,0.000624197442109786,0,0.110706798833261,0,0,0
"Row462",0.0378777009539285,0.038730226752691,-0.0546738379511378,0,0.00076436106549738,0,0.110539410094106,0,0,0
"Row463",0.0378777009539285,0.0387723394984824,-0.054999226619003,0,0.000949481030269796,0,0.109579626297148,0,0,0
"Row464",0.0378777009539285,0.0387306603182785,-0.0556785980991383,0,0.00078962370830518,0,0.109298328183312,0,0,0
"Row465",0.0378777009539285,0.0390558348855441,-0.059639334449879,0,0.00193376461016014,0,0.096133267831003,0,0,0
"Row466",0.0378777009539285,0.0390206728430658,-0.0609364082627933,0,0.00567972117428492,0,0.0910083217428873,0,0,0
"Row467",0.0378777009539285,0.0389656063556615,-0.0609452490901927,0,0.00565918190018205,0,0.0909794909157681,0,0,0
"Row468",0.0378777009539285,0.0389606304991219,-0.0608643745466471,0,0.00661858391350783,0,0.0899428013104403,0,0,0
"Row469",0.0378777009539285,0.0391051057598384,-0.0610936766312773,0,0.011170209334563,0,0.0882889451197753,0,0,0
"Row470",0.0378777009539285,0.0395593466713001,-0.0619333490298814,0,0.0153861309236655,0,0.0825819734349393,0,0,0
"Row471",0.0378777009539285,0.0395015529351535,-0.0621521205832802,0,0.0152122598715186,0,0.0835843233849994,0,0,0
"Row472",0.0378777009539285,0.039805237703036,-0.0624970312760892,0,0.0150920766909854,0,0.0816086907232682,0,0,0
"Row473",0.0378777009539285,0.040388990686729,-0.0626185120153092,0,0.0163213216874622,0,0.0749581254162892,0,0,0
"Row474",0.0378777009539285,0.0402877990832026,-0.0623808014231027,0,0.0167109198976466,0,0.0750366418731568,0,0,0
"Row475",0.0378777009539285,0.0404457818809833,-0.0624469642503985,0,0.0171286682085372,0,0.0718674455114698,0,0,0
"Row476",0.0378777009539285,0.0405131662110588,-0.0626992966942869,0,0.0171597673442624,0,0.0713765554824364,0,0,0
"Row477",0.0378777009539285,0.0407961400292755,-0.0639042369670019,0,0.0187970891015158,0,0.0694252671249062,0,0,0
"Row478",0.0378777009539285,0.0411646659912928,-0.0654776255647713,0,0.021522871032047,0,0.0633913104018469,0,0,0
"Row479",0.0378777009539285,0.0410719650973515,-0.0654783682502613,0,0.0210556029674564,0,0.0627606880604642,0,0,0
"Row480",0.0378777009539285,0.0414164728705782,-0.0659638236863412,0,0.0230682972019583,0,0.0573589683599403,0,0,0
"Row481",0.0378777009539285,0.0413517786491702,-0.0662653918546008,0,0.0229636777397424,0,0.0551818757967247,0,0,0
"Row482",0.0378777009539285,0.0413401394871955,-0.0661350491291199,0,0.0231133652258568,0,0.0552626831551118,0,0,0
"Row483",0.0378777009539285,0.0410096932718219,-0.0669370787793369,0,0.0238850157711648,0,0.0517928573357802,0,0,0
"Row484",0.0378777009539285,0.0410184713720826,-0.067111295774798,0,0.0243234522561227,0,0.0516219271414915,0,0,0
"Row485",0.0378777009539285,0.0411569604724388,-0.0675205570886384,0,0.024367016412668,0,0.0506237487563488,0,0,0
"Row486",0.0378777009539285,0.0411607153562262,-0.0676575405254299,0,0.0250712650460145,0,0.0488334227653455,0,0,0
"Row487",0.0378777009539285,0.0413000182945713,-0.0689785825626944,0,0.0290716037327705,0,0.0416485579094063,0,0,0
"Row488",0.0378777009539285,0.0415969373179309,-0.0680726232653054,0,0.0318006275521535,0,0.0347650791512955,0,0,0
"Row489",0.0378777009539285,0.042067754814002,-0.069609499935231,0,0.0326360481659323,0,0.0256698443423641,0,0,0
"Row490",0.0378777009539285,0.0421740525120466,-0.0694451202189517,0,0.0325762478394219,0,0.0257610101621182,0,0,0
"Row491",0.0378777009539285,0.0421338683935072,-0.0700854788272474,0,0.0322129712856369,0,0.0248971173053214,0,0,0
"Row492",0.0378777009539285,0.0421403663568247,-0.0701923985936041,0,0.03213378616798,0,0.0216765219278441,0,0,0
"Row493",0.0378777009539285,0.042519290457366,-0.071950361358011,0,0.0315419187798033,0,0.0136504868414091,0,0,0
"Row494",0.0378777009539285,0.0426234972320532,-0.0733845006050945,0,0.0324483446575696,0,0.01222364777387,0,0,0
"Row495",0.0378777009539285,0.0428882007583797,-0.0746740828431411,0,0.0330501700811809,0,0.00683665955457337,0,0,0
"Row496",0.0378777009539285,0.0429946989555506,-0.0752957997813521,0,0.0338865671156055,0,0.00306875481311773,0,0,0
"Row497",0.0378777009539285,0.0432758883340668,-0.0758906695548468,0,0.0348137073629313,0,0.00132231147343791,0,0,0
"Row498",0.0378777009539285,0.0431230313785331,-0.075737826407378,0,0.0358732356981455,0,-0.000242734507733555,0,0,0
"Row499",0.0378777009539285,0.0431445690998514,-0.0757948352370791,0,0.0357981471516182,0,-0.000515992916969263,0,0,0
"Row500",0.0378777009539285,0.043093952143154,-0.0757558580762127,0,0.0360910991878246,0,-0.000781764452742837,0,0,0
"Row501",0.0378777009539285,0.0432468300905693,-0.0767940157019032,0,0.0361894412251967,0,-0.00691469118950869,0,0,0
"Row502",0.0378777009539285,0.0431445944864301,-0.0769762782867693,0,0.0363287673072165,0,-0.00904881753238534,0,0,0
"Row503",0.0378777009539285,0.0432737109060878,-0.0773286055497419,0,0.0391576779999216,0,-0.010574019489092,0,0,0
"Row504",0.0378777009539285,0.0432336204104222,-0.0768347774114912,0,0.0391961008608863,0,-0.0123061006632903,0,0,0
"Row505",0.0378777009539285,0.0433198157439288,-0.076842101653559,0,0.0392870626888365,0,-0.0124416106187849,0,0,0
"Row506",0.0378777009539285,0.0426543649684284,-0.0780140467209632,0,0.0399728953457641,0,-0.0176784155623744,0,0,0
"Row507",0.0378777009539285,0.0426163634876156,-0.0783531571279839,0,0.0398118237462295,0,-0.0207932973932036,0,0,0
"Row508",0.0378777009539285,0.0428713005359864,-0.0804412444988896,0,0.0385091733355493,0,-0.0325663848543708,0,0,0
"Row509",0.0378777009539285,0.0430529140481865,-0.0815484675822803,0,0.0391367399154102,0,-0.0383517649365537,0,0,0
"Row510",0.0378777009539285,0.0431077764529343,-0.0815579001631747,0,0.0385254625693809,0,-0.0393100305562959,0,0,0
"Row511",0.0378777009539285,0.0434992367276848,-0.0824017224175955,0,0.0394605942290499,0,-0.0432492615369222,0,0,0
"Row512",0.0378777009539285,0.0436844709304542,-0.082931696957312,0,0.0407015152617072,0,-0.0459137009345781,0,0,0
"Row513",0.0378777009539285,0.0442456216938651,-0.0832392822359604,0,0.0419320477947383,0,-0.0467706380508173,0,0,0
"Row514",0.0378777009539285,0.0446610957602738,-0.083981444933435,0,0.0442481133456247,0,-0.0542441464342198,0,0,0
"Row515",0.0378777009539285,0.0446612268630853,-0.0839441068812525,0,0.0439583150984985,0,-0.0548855190110629,0,0,0
"Row516",0.0378777009539285,0.0444530132871377,-0.0844333100625353,0,0.0458870447923517,0,-0.0574175937865636,0,0,0
"Row517",0.0378777009539285,0.0443270386697189,-0.0841426843736574,0,0.0467589515349941,0,-0.0585539859360398,0,0,0
"Row518",0.0378777009539285,0.0443212138219237,-0.0839160611313119,0,0.0474364821034574,0,-0.0613061178098184,0,0,0
"Row519",0.0378777009539285,0.0440210751440459,-0.0852071323687042,0,0.0503096282536313,0,-0.0651051051292785,0,0,0
"Row520",0.0378777009539285,0.0440417312548185,-0.0854190216147422,0,0.0513695629220635,0,-0.0663084525903168,0,0,0
"Row521",0.0378777009539285,0.043991935283589,-0.085854642366837,0,0.0521022532892832,0,-0.0699205895673411,0,0,0
"Row522",0.0378777009539285,0.0437573584787306,-0.0861600518168173,0,0.0524923798472815,0,-0.0712821839752219,0,0,0
"Row523",0.0378777009539285,0.0436713804843556,-0.0864855873464273,0,0.0534509275257851,0,-0.072601047035089,0,0,0
"Row524",0.0378777009539285,0.0438002496417216,-0.0864214164753903,0,0.0533494475984016,0,-0.0733643186637812,0,0,0
"Row525",0.0378777009539285,0.0437704272802804,-0.086184003015865,0,0.0546172537889282,0,-0.0743588324276413,0,0,0
"Row526",0.0378777009539285,0.0435821237993896,-0.0858500080514654,0,0.0539800181373095,0,-0.0748350872603434,0,0,0
"Row527",0.0378777009539285,0.0436076665345728,-0.0858599879435591,0,0.0543490250922547,0,-0.0747244882492802,0,0,0
"Row528",0.0378777009539285,0.0436482084227146,-0.0857957774896471,0,0.054436741568642,0,-0.0750290155168385,0,0,0
"Row529",0.0378777009539285,0.0437386968874781,-0.0858543587442739,0,0.0548147032738759,0,-0.0756998179158366,0,0,0
"Row530",0.0378777009539285,0.0436910322422036,-0.0867191300313642,0,0.0569572508081311,0,-0.0770447323235975,0,0,0
"Row531",0.0378777009539285,0.043892169809622,-0.0869177397863285,0,0.0573055956062051,0,-0.079873964054722,0,0,0
"Row532",0.0378777009539285,0.0437035625740183,-0.0873958510123517,0,0.0560966909366926,0,-0.0803663371892382,0,0,0
"Row533",0.0378777009539285,0.0436704956651011,-0.0871455532754075,0,0.0570179728903844,0,-0.0816737973873624,0,0,0
"Row534",0.0378777009539285,0.0435040844109205,-0.0874275220489443,0,0.0572648213455556,0,-0.0850883350997237,0,0,0
"Row535",0.0378777009539285,0.0433389857781519,-0.0875691686991792,0,0.0577654220900146,0,-0.0843061783696557,0,0,0
"Row536",0.0378777009539285,0.0437443016518243,-0.0866696848018599,0,0.0588611821611043,0,-0.0898482302647668,0,0,0
"Row537",0.0378777009539285,0.0437237031443754,-0.0867253678266928,0,0.0589207108344185,0,-0.0897473820858514,0,0,0
"Row538",0.0378777009539285,0.0442131776275308,-0.0876004828258619,0,0.0599727247252629,0,-0.0928661897385407,0,0,0
"Row539",0.0378777009539285,0.0440502394847852,-0.0873621351677374,0,0.0601011711980517,0,-0.0957961856745739,0,0,0
"Row540",0.0378777009539285,0.0438538542260361,-0.0877159365160367,0,0.0613538708121118,0,-0.0982677650624988,0,0,0
"Row541",0.0378777009539285,0.0438551183677681,-0.0877605586402579,0,0.061420915497822,0,-0.0980132891356579,0,0,0
"Row542",0.0378777009539285,0.0442134706089709,-0.0873288466336413,0,0.0618512634001284,0,-0.0949262110634939,0,0,0
"Row543",0.0378777009539285,0.0443297470135923,-0.0872541519177204,0,0.0619139649001657,0,-0.0955556224256169,0,0,0
"Row544",0.0378777009539285,0.0443261139845071,-0.0873114704379099,0,0.0621505065894305,0,-0.0948009828239139,0,0,0
"Row545",0.0378777009539285,0.0444216893770298,-0.0876886617241622,0,0.0612876069439734,0,-0.0963738989012725,0,0,0
"Row546",0.0378777009539285,0.044538695861464,-0.0879835417013839,0,0.062460086318146,0,-0.0969296063017771,0,0,0
"Row547",0.0378777009539285,0.044089051745392,-0.0915168679791923,0,0.065091899506097,0,-0.0924403704675262,0,0,0
"Row548",0.0378777009539285,0.0435554766653872,-0.0915812729168256,0,0.0648557527802375,0,-0.0916723414917392,0,0,0
"Row549",0.0378777009539285,0.0435069020950401,-0.0927242199484724,0,0.0655647432764709,0,-0.0918806391833732,0,0,0
"Row550",0.0378777009539285,0.0433583973461071,-0.0930788848187284,0,0.0669822387924567,0,-0.0931979309301698,0,0,0
"Row551",0.0378777009539285,0.0434140304990331,-0.0943111813193126,0,0.0666211270432195,0,-0.0923309319316334,0,0,0
"Row552",0.0378777009539285,-0.0516835095780254,0,0.00213628947293114,0,0,0,0,0,0
"Row553",0.0378777009539285,-0.0517649997219029,0,0.00171158455243031,0,0,0,0,0,0
"Row554",0.0378777009539285,-0.0529077209443936,0,-0.00388693248033358,0,0,0,0,0,0
"Row555",0.0378777009539285,-0.0534434268643228,0,-0.00746417744088706,0,0,0,0,0,0
"Row556",0.0378777009539285,-0.0538549460038423,0,-0.0141899534650357,0,0,0,4.01154658058515e-06,0,0.132916496841667
"Row557",0.0378777009539285,-0.0536690239230852,0,-0.0148274522385398,0,0,0,4.04039412864024e-06,0,0.134041446813363
"Row558",0.0378777009539285,-0.0535235711782628,0,-0.0155257303494355,0,0,0,4.07401994311977e-06,0,0.134395892209002
"Row559",0.0378777009539285,-0.0553197016713679,0,-0.021439041311858,0,0,0,4.35714911411577e-06,0,0.144486437513353
"Row560",0.0378777009539285,-0.0558759025586307,0,-0.0216630254068174,0,0,0,4.70901499691799e-06,0,0.145585892465841
"Row561",0.0378777009539285,-0.0560322910381375,0,-0.021853666601365,0,0,0,4.7434558981408e-06,0,0.144937113716251
"Row562",0.0378777009539285,-0.0564558357335579,0,-0.0229059702920814,0,0,0,4.73874470061649e-06,0,0.146686790962447
"Row563",0.0378777009539285,-0.0565483021477718,0,-0.0260628719632441,0,0,0,6.66293846233703e-06,0,0.15479704759677
"Row564",0.0378777009539285,-0.0569627471590707,0,-0.0267965926375684,0,0,0,7.72299995524181e-06,0,0.155791466910764
"Row565",0.0378777009539285,-0.0569000463512463,0,-0.0269714234393907,0,0,0,7.85291867321358e-06,0,0.15606504070681
"Row566",0.0378777009539285,-0.0569898737009661,0,-0.0276720675777822,0,0,0,8.43234440790135e-06,0,0.16025204061502
"Row567",0.0378777009539285,-0.0575171590449635,0,-0.0298341841693597,0,0,0,9.4539818464911e-06,0,0.172452048213671
"Row568",0.0378777009539285,-0.0575107759928253,0,-0.0302453875369415,0,0,0,9.99583852453329e-06,0,0.172199457972415
"Row569",0.0378777009539285,-0.0576667614825864,0,-0.0303097168447587,0,0,0,1.02683598330454e-05,0,0.172474417982688
"Row570",0.0378777009539285,-0.0577566472569346,0,-0.0307237901966076,0,0,0,1.0164028376672e-05,0,0.173263069844117
"Row571",0.0378777009539285,-0.0580189639786543,0,-0.0310778252435111,0,0,0,1.03333630402726e-05,0,0.1738032003423
"Row572",0.0378777009539285,-0.0580982604625092,0,-0.0341830255381351,0,0,0,1.31020674150753e-05,0,0.175952888894321
"Row573",0.0378777009539285,-0.0581477518271539,0,-0.0350958749177051,0,0,0,1.34558235469852e-05,0,0.178492330478063
"Row574",0.0378777009539285,-0.0586271841329392,0,-0.038520326056388,0,0,0,1.88941124875287e-05,0,0.174017778000067
"Row575",0.0378777009539285,-0.0587101995939578,0,-0.0390960053836915,0,0,0,1.9324533400819e-05,0,0.172142022318009
"Row576",0.0378777009539285,-0.0588282243637145,0,-0.0407215140795559,0,0,0,2.35582532411973e-05,0,0.171245863083002
"Row577",0.0378777009539285,-0.0593999077418787,0,-0.0426550904734046,0,0,0,2.89563329011011e-05,0,0.168247947777904
"Row578",0.0378777009539285,-0.0595007601835754,0,-0.0452727042003101,0,0,0,4.63738399766972e-05,0,0.161746533256526
"Row579",0.0378777009539285,-0.0595978169016723,0,-0.0454653934105014,0,0,0,6.07280792800253e-05,0,0.160870443483599
"Row580",0.0378777009539285,-0.0596620810527222,0,-0.0457802428588241,0,0,0,6.67260898950819e-05,0,0.161416396627014
"Row581",0.0378777009539285,-0.0602839162911132,0,-0.0463780121117572,0,0,0,0.000100110195680601,0,0.156936622125682
"Row582",0.0378777009539285,-0.0598825368455406,0,-0.0482663952649516,0,0,0,0.000178341789046845,0,0.152757037093666
"Row583",0.0378777009539285,-0.0598916942346734,0,-0.0502612820847142,0,0,0,0.000493945274736264,0,0.143446478292969
"Row584",0.0378777009539285,-0.0597508997094905,0,-0.0519636102622918,0,0,0,0.000861588174378215,0,0.138171401172164
"Row585",0.0378777009539285,-0.0600133575333604,0,-0.0534044392703711,0,0,0,0.00131764250983062,0,0.129984830878522
"Row586",0.0378777009539285,-0.0601863620321129,0,-0.0566153680308993,0,0,0,0.00258336268775257,0,0.127315800861595
"Row587",0.0378777009539285,-0.0605670318465645,0,-0.058114931388599,0,0,0,0.00931067829560907,0,0.114334080733614
"Row588",0.0378777009539285,-0.0604407251213617,0,-0.0588131534689685,0,0,0,0.010321350613742,0,0.111593150423871
"Row589",0.0378777009539285,-0.0607120886852559,0,-0.0607987099372838,0,0,0,0.0126797456688486,0,0.109807329736861
"Row590",0.0378777009539285,-0.0607712275632341,0,-0.0606898607594965,0,0,0,0.0143373298576457,0,0.109263112846517
"Row591",0.0378777009539285,-0.0606743335955466,0,-0.0635240680753431,0,0,0,0.0223504785682828,0,0.106304639238293
"Row592",0.0378777009539285,-0.0602930468833979,0,-0.0650398709876947,0,0,0,0.0265647520031929,0,0.101022126910004
"Row593",0.0378777009539285,-0.0608334947089996,0,-0.0661848650992426,0,0,0,0.0305807224070897,0,0.0894211205099605
"Row594",0.0378777009539285,-0.0608371302476448,0,-0.0678359096069622,0,0,0,0.033683541442418,0,0.0834197012344934
"Row595",0.0378777009539285,-0.0617461725863878,0,-0.0740081755664419,0,0,0,0.0545998408034258,0,0.0582117576393212
"Row596",0.0378777009539285,-0.0616384703140834,0,-0.0738919738728612,0,0,0,0.0570777871496443,0,0.0537263905896706
"Row597",0.0378777009539285,-0.061700157018867,0,-0.0755981121187878,0,0,0,0.0575196599028805,0,0.0487862792464145
"Row598",0.0378777009539285,-0.0616555947569878,0,-0.0754981801609767,0,0,0,0.0577867807175001,0,0.0482241153834951
"Row599",0.0378777009539285,-0.0616320355195456,0,-0.0766208972147701,0,0,0,0.0599356265351671,0,0.0469344600850998
"Row600",0.0378777009539285,-0.0618763602455479,0,-0.0817546335039819,0,0,0,0.0655259658922947,0,0.0307581650349139
"Row601",0.0378777009539285,-0.0618298470730081,0,-0.0827736557096612,0,0,0,0.0701063405426448,0,0.0235316971249577
"Row602",0.0378777009539285,-0.0618084557600102,0,-0.0823530901273621,0,0,0,0.0709047758600286,0,0.0230902886245071
"Row603",0.0378777009539285,-0.0617716226139706,0,-0.0825637786208122,0,0,0,0.0724173238455035,0,0.0220333944715999
"Row604",0.0378777009539285,-0.0618055444764385,0,-0.0829400665104243,0,0,0,0.0737159200797652,0,0.0222731295856491
"Row605",0.0378777009539285,-0.0619024551664542,0,-0.0831464165253796,0,0,0,0.0739289280709195,0,0.0222184728612051
"Row606",0.0378777009539285,-0.0619315606373663,0,-0.0841648654031181,0,0,0,0.0757683964510865,0,0.0173455633046826
"Row607",0.0378777009539285,-0.0620369599942007,0,-0.0845646044152215,0,0,0,0.0746200015299693,0,0.0181762482688231
"Row608",0.0378777009539285,-0.0620405258840308,0,-0.0840674617087556,0,0,0,0.0752147825160673,0,0.0140521456406826
"Row609",0.0378777009539285,-0.06206937554735,0,-0.0847081644717139,0,0,0,0.0747689437427802,0,0.0127553156107324
"Row610",0.0378777009539285,-0.0622383320922039,0,-0.0844076572629458,0,0,0,0.0733390922910686,0,0.00842668780152048
"Row611",0.0378777009539285,-0.0621244710325033,0,-0.0839575467000385,0,0,0,0.0738652655093454,0,0.00430191586762524
"Row612",0.0378777009539285,-0.0620710211492813,0,-0.0843734655915951,0,0,0,0.0740017240306625,0,0.00344666229666297
"Row613",0.0378777009539285,-0.0619041167570748,0,-0.0845851870246025,0,0,0,0.0741914309778406,0,-0.00261121292701497
"Row614",0.0378777009539285,-0.0619535655243338,0,-0.084889705993805,0,0,0,0.0743076074972219,0,-0.00509262911647978
"Row615",0.0378777009539285,-0.0619805616629046,0,-0.0847775035257379,0,0,0,0.0742890474421926,0,-0.00619239195606416
"Row616",0.0378777009539285,-0.0615445960416119,0,-0.0868469983454912,0,0,0,0.0744616783391862,0,-0.0149284117273409
"Row617",0.0378777009539285,-0.061593376289794,0,-0.0870037584261719,0,0,0,0.0747834245110269,0,-0.0144116853044677
"Row618",0.0378777009539285,-0.0613708275577346,0,-0.0875293508678459,0,0,0,0.0761582258419836,0,-0.0200364803857915
"Row619",0.0378777009539285,-0.0616907189845315,0,-0.0876281914117824,0,0,0,0.0784050512759418,0,-0.0240481541616859
"Row620",0.0378777009539285,-0.0618376527696275,0,-0.0874834481723658,0,0,0,0.0792104041291525,0,-0.0255696448037165
"Row621",0.0378777009539285,-0.0620582753279575,0,-0.0880529927032283,0,0,0,0.0799782655649717,0,-0.0270836282396114
"Row622",0.0378777009539285,-0.0626548495680474,0,-0.0883506185054365,0,0,0,0.0802534874295555,0,-0.0352049440503469
"Row623",0.0378777009539285,-0.0627090682698842,0,-0.0884718073320005,0,0,0,0.0807418921223168,0,-0.035603502014892
"Row624",0.0378777009539285,-0.0628088611789061,0,-0.0886392653116178,0,0,0,0.0813412374569871,0,-0.0364838013704112
"Row625",0.0378777009539285,-0.0628108542953361,0,-0.0886381492427437,0,0,0,0.0820170590023244,0,-0.0373249019523122
"Row626",0.0378777009539285,-0.0627958667812035,0,-0.08860735030952,0,0,0,0.0818384540415533,0,-0.037573679515741
"Row627",0.0378777009539285,-0.0631854244344168,0,-0.0893072147433274,0,0,0,0.0843328616732944,0,-0.0382073789378695
"Row628",0.0378777009539285,-0.0623456553770565,0,-0.0896197628108163,0,0,0,0.0879533746175399,0,-0.0474828955222518
"Row629",0.0378777009539285,-0.0628136645559434,0,-0.0891698658698283,0,0,0,0.089487693532347,0,-0.0485017375643251
"Row630",0.0378777009539285,-0.0628286805246899,0,-0.0901681523245952,0,0,0,0.0939277410859146,0,-0.0532644186752193
"Row631",0.0378777009539285,-0.0629014269969423,0,-0.0905050516221132,0,0,0,0.0960054831508356,0,-0.0520133191011268
"Row632",0.0378777009539285,-0.06298906429995,0,-0.0905669535868249,0,0,0,0.0959471006722608,0,-0.052871396887368
"Row633",0.0378777009539285,-0.0630560828896087,0,-0.0899123321577691,0,0,0,0.0987874900802564,0,-0.0588971954493504
"Row634",0.0378777009539285,-0.0638165075898148,0,-0.0917211389686195,0,0,0,0.106636725133087,0,-0.0683108433879022
"Row635",0.0378777009539285,-0.0636092398370202,0,-0.0918148932687843,0,0,0,0.10730056432166,0,-0.0696283210739286
"Row636",0.0378777009539285,-0.0635073962796448,0,-0.091651656673547,0,0,0,0.106748815800494,0,-0.0691563643744367
"Row637",0.0378777009539285,-0.0634304094041944,0,-0.0914768276562801,0,0,0,0.102521892960634,0,-0.0808757771215548
"Row638",0.0378777009539285,-0.0633722244043508,0,-0.090649821060102,0,0,0,0.102548226738429,0,-0.0833393294878604
"Row639",0.0378777009539285,-0.0633988414990366,0,-0.0908422591422098,0,0,0,0.103847887963011,0,-0.0840634458173495
"Row640",0.0378777009539285,-0.0634311406609656,0,-0.0906570822235046,0,0,0,0.103439079705969,0,-0.0845630473471731
"Row641",0.0378777009539285,-0.0634992855009953,0,-0.0906433923060211,0,0,0,0.103381801567195,0,-0.0848104897351712
"Row642",0.0378777009539285,-0.0636823529201766,0,-0.089899607049914,0,0,0,0.107847667932979,0,-0.0851408456494707
"Row643",0.0378777009539285,-0.0636972318840136,0,-0.0900369808445792,0,0,0,0.108155155134727,0,-0.0863169878891799
"Row644",0.0378777009539285,-0.0635790980130879,0,-0.0894404954584305,0,0,0,0.11049518436656,0,-0.0880926928158923
"Row645",0.0378777009539285,-0.0634932874271374,0,-0.089162016670101,0,0,0,0.109242312166115,0,-0.0877267405728383
"Row646",0.0378777009539285,-0.063696885714155,0,-0.0899019772613412,0,0,0,0.107784123207953,0,-0.0893990443567864
"Row647",0.0378777009539285,-0.0637500090355978,0,-0.0900617110510885,0,0,0,0.107691119272602,0,-0.0900972270055808
"Row648",0.0378777009539285,-0.0637413600733324,0,-0.0904522603976534,0,0,0,0.107356613298542,0,-0.0908768958620947
"Row649",0.0378777009539285,-0.0513982853030325,0,0.00725194795625119,0,0,0,0,0,0
"Row650",0.0378777009539285,-0.0512104970962331,0,0.00835094055947341,0,0,0,0,0,0
"Row651",0.0378777009539285,-0.0521004165505197,0,0.00995928974979688,0,0,0,0,0,0
"Row652",0.0378777009539285,-0.0518775847719702,0,0.0108024569652235,0,0,0,2.30626830235152e-06,0.0291246024037324,0
"Row653",0.0378777009539285,-0.0519692395196763,0,0.0110006617089665,0,0,0,2.23685573872186e-06,0.0254931838320676,0
"Row654",0.0378777009539285,-0.0517249634958687,0,0.0111255167531955,0,0,0,2.24266587619066e-06,0.0251258631746448,0
"Row655",0.0378777009539285,-0.0517214051910268,0,0.0107175911696988,0,0,0,2.23690530298924e-06,0.0219455989083017,0
"Row656",0.0378777009539285,-0.0516653080060893,0,0.0104426663317761,0,0,0,2.24083248616211e-06,0.0213194307769916,0
"Row657",0.0378777009539285,-0.0524448039218202,0,0.0106182445826438,0,0,0,2.05289370721716e-06,0.015083685077819,0
"Row658",0.0378777009539285,-0.0524531406680997,0,0.00984873451100079,0,0,0,0,0,0
"Row659",0.0378777009539285,-0.052495736111196,0,0.00954665287556732,0,0,0,0,0,0
"Row660",0.0378777009539285,-0.0523410420070568,0,0.0105445329177669,0,0,0,1.98734122184431e-06,0.0125287955756182,0
"Row661",0.0378777009539285,-0.05199474103467,0,0.00953799760971781,0,0,0,0,0,0
"Row662",0.0378777009539285,-0.0519165046490301,0,0.00914389069059758,0,0,0,0,0,0
"Row663",0.0378777009539285,-0.0518618284958645,0,0.00979611304655783,0,0,0,0,0,0
"Row664",0.0378777009539285,-0.052054036689251,0,0.00975220883097295,0,0,0,0,0,0
"Row665",0.0378777009539285,-0.0523237883946834,0,0.0093606578779879,0,0,0,0,0,0
"Row666",0.0378777009539285,-0.0522403471581101,0,0.00947165435798262,0,0,0,0,0,0
"Row667",0.0378777009539285,-0.0521133883872959,0,0.00887769685174672,0,0,0,0,0,0
"Row668",0.0378777009539285,-0.0520940676539293,0,0.00848961859974329,0,0,0,0,0,0
"Row669",0.0378777009539285,-0.0520570170005063,0,0.00813506058531156,0,0,0,0,0,0
"Row670",0.0378777009539285,-0.0520700050354333,0,0.00827242205366507,0,0,0,0,0,0
"Row671",0.0378777009539285,-0.0516623793271507,0,0.0076862281965037,0,0,0,0,0,0
"Row672",0.0378777009539285,-0.0516974576911919,0,0.00528061616401409,0,0,0,0,0,0
"Row673",0.0378777009539285,-0.0516246269006008,0,0.00345678761794851,0,0,0,0,0,0
"Row674",0.0378777009539285,-0.0516069829671125,0,0.00348880343923518,0,0,0,0,0,0
"Row675",0.0378777009539285,-0.0512658993369122,0,0.00286822074771851,0,0,0,0,0,0
"Row676",0.0378777009539285,-0.0515411253445701,0,0.00344242636692177,0,0,0,0,0,0
"Row677",0.0378777009539285,-0.0518650611420088,0,0.00185251887051231,0,0,0,0,0,0
"Row678",0.0378777009539285,-0.0517628918555039,0,0.00221182238133205,0,0,0,0,0,0
"Row679",0.0378777009539285,-0.0518140894415457,0,0.00204461673898613,0,0,0,0,0,0
"Row680",0.0378777009539285,-0.0520116419372542,0,0.00208226180329149,0,0,0,0,0,0
"Row681",0.0378777009539285,-0.0522086552135091,0,0.00108143848388967,0,0,0,0,0,0
"Row682",0.0378777009539285,-0.0521237424619973,0,0.000762834487709679,0,0,0,0,0,0
"Row683",0.0378777009539285,-0.0522233576460362,0,0.000925171525181767,0,0,0,0,0,0
"Row684",0.0378777009539285,-0.0521735564353345,0,0.000949353452275346,0,0,0,0,0,0
"Row685",0.0378777009539285,-0.0518998441552528,0,0.000737762275327003,0,0,0,0,0,0
"Row686",0.0378777009539285,-0.0519215356230544,0,0.00100065628608908,0,0,0,0,0,0
"Row687",0.0378777009539285,-0.0519204387239867,0,0.00117743213988545,0,0,0,0,0,0
"Row688",0.0378777009539285,-0.0519363732245827,0,0.00105451107329461,0,0,0,0,0,0
"Row689",0.0378777009539285,-0.0524827123869753,0,0.00143772294938059,0,0,0,0,0,0
"Row690",0.0378777009539285,-0.0524624307299686,0,0.00147900374986086,0,0,0,0,0,0
"Row691",0.0378777009539285,-0.05299768054562,0,0.000440361792525512,0,0,0,0,0,0
"Row692",0.0378777009539285,-0.0530242537290946,0,0.000469466906937751,0,0,0,0,0,0
"Row693",0.0378777009539285,-0.0529028512260272,0,0.000459103386913281,0,0,0,0,0,0
"Row694",0.0378777009539285,-0.0528727860974039,0,0.00073093961559511,0,0,0,0,0,0
"Row695",0.0378777009539285,-0.0528830995927633,0,0.00124995316191855,0,0,0,0,0,0
"Row696",0.0378777009539285,-0.0528833240409539,0,0.000794819378662018,0,0,0,0,0,0
