"V1","V2","V3","V4","V5","V6","V7","V8","V9","V10","V11","V12"
"C1",0.0377964473009227,0.0748647271146146,-0.0980772543993595,0,0,0.0987793882597134,0,0,0,0,0,0
"C2",0.0377964473009227,-0.0207156878646778,0,-0.0394842824343852,0,0,0,0.0481545361457354,0,0,0.0997403559035261,0
"C3",0.0377964473009227,-0.0203881734074763,0,-0.0127990340863372,0,0,0,0.089024902642367,0,0,0.0391328874009367,0
"C4",0.0377964473009227,-0.0180041973429499,0,-0.027423290122769,0,0,0,0.0766752707987573,0,0,0.114520184728905,0
"C5",0.0377964473009227,-0.00364665433130067,0,-0.0945582459123103,0,0,0,0.00913319067380325,0,0,0.0178375959140873,0
"C6",0.0377964473009227,-0.0174859698749183,0,0.00379270302686746,0,0,-0.197186955257728,0,0,0,0,0
"C7",0.0377964473009227,0.0790035598224274,-0.125708734619613,0,0,0.109556137263346,0,0,0,0,0,0
"C8",0.0377964473009227,0.0273425793232593,0.0762687536978889,0,0.0803913708836977,0,0,0,0,0,0,0
"C9",0.0377964473009227,0.0270516144271987,0.0766152902787698,0,0.0900959963461613,0,0,0,0,0,0,0
"C10",0.0377964473009227,-0.0475590798792672,0,0.0497565021503179,0,0,0.0211622065003802,0,0,0,0,0
"C11",0.0377964473009227,-0.0375855549683448,0,0.0398178289761021,0,0,0.0498822162120985,0,0,0,0,0
"C12",0.0377964473009227,-0.0281468838741342,0,-0.00815605669390644,0,0,0,-0.0302883957787703,0,0,0,0
"C13",0.0377964473009227,0.0251547276220728,0.0369070111995449,0,0.132052382590008,0,0,0,0,0,0,0
"C14",0.0377964473009227,0.00422066662937777,-0.0158001584144665,0,0,-0.00356527380356905,0,0,0,0,0,0
"C15",0.0377964473009227,0.0387100534994252,-0.0322644698338995,0,0,-0.0480836107925432,0,0,0,0,0,0
"C16",0.0377964473009227,-0.0491951172125124,0,0.0639866123541294,0,0,0.0674150423175062,0,0,0,0,0
"C17",0.0377964473009227,0.0110488504688278,0.0532483347134328,0,0.0867013302349367,0,0,0,0,0,0,0
"C18",0.0377964473009227,-0.00772619942387638,0,-0.0977249674455451,0,0,0,0.0698437762505204,0,0,0.115468706812702,0
"C19",0.0377964473009227,-0.0287638569135775,0,0.00192617277706251,0,0,0.0579936181886324,0,0,0,0,0
"C20",0.0377964473009227,0.0291380812128909,0.0689262174121623,0,0.137678266932523,0,0,0,0,0,0,0
"C21",0.0377964473009227,-0.0489388702929174,0,0.0398842378607348,0,0,0.142994946007704,0,0,0,0,0
"C22",0.0377964473009227,-0.0192938787552875,0,-0.0553385860347823,0,0,0,0.110820132838929,0,0,0.0191872898857698,0
"C23",0.0377964473009227,-0.0539379485894913,0,0.0600341922264202,0,0,0.0223685740065189,0,0,0,0,0
"C24",0.0377964473009227,0.0716165312100035,-0.0451097903786002,0,0,-0.0263001032520963,0,0,0,0,0,0
"C25",0.0377964473009227,-0.019861780591681,0,-0.0437963176830378,0,0,0,0.118271426370235,0,0,-0.134537230007973,0
"C26",0.0377964473009227,-0.0449022421703155,0,0.0523817569997575,0,0,0.0122627153839534,0,0,0,0,0
"C27",0.0377964473009227,0.0224690629885229,0.00396525750272063,0,-0.0927622586069776,0,0,0,0,0.17376762948373,0,0
"C28",0.0377964473009227,0.0187430769798339,0.0531760530675264,0,0.125077260944077,0,0,0,0,0,0,0
"C29",0.0377964473009227,-0.00143348453294822,0,-0.0347839770297732,0,0,0,0.0930684043004953,0,0,0.0301900724164778,0
"C30",0.0377964473009227,-0.0580663483244228,0,0.119227329455688,0,0,0.0964522742544421,0,0,0,0,0
"C31",0.0377964473009227,-0.0548640075955774,0,0.0846921494746375,0,0,-0.0213190581371907,0,0,0,0,0
"C32",0.0377964473009227,0.0169412441529947,0.00844750803823871,0,-0.0157733227596754,0,0,0,0,0.161692674773822,0,0
"C33",0.0377964473009227,0.00174641713925052,0.0406436737374652,0,0.0611832140995162,0,0,0,0,0,0,0
"C34",0.0377964473009227,-0.0238239092091789,0,-0.0114967154513114,0,0,0,0.0162124810744713,0,0,0.0641986439252626,0
"C35",0.0377964473009227,0.0224976616207251,0.0206846347535164,0,0.0280677976891916,0,0,0,0,0,0,0
"C36",0.0377964473009227,-0.0342889759635177,0,0.00339432911449847,0,0,0.0528172659864223,0,0,0,0,0
"C37",0.0377964473009227,0.0108030359612181,0.0640430713951347,0,-0.00591686959132183,0,0,0,0,0.011483005261853,0,0
"C38",0.0377964473009227,0.0763133667091751,-0.109879850841158,0,0,0.129035552843925,0,0,0,0,0,0
"C39",0.0377964473009227,-0.0197237779040156,0,-0.060948023677567,0,0,0,0.0647856677926395,0,0,0.0729064737877982,0
"C40",0.0377964473009227,-0.0155739538974766,0,-0.0311266079470063,0,0,0,0.0791189876747077,0,0,-0.178970141389725,0
"C41",0.0377964473009227,0.0303635308327298,0.000380564645566518,0,0.0238618383037541,0,0,0,0,0,0,0
"C42",0.0377964473009227,0.0518804082455811,-0.0549568422212507,0,0,-0.0448280005951995,0,0,0,0,0,0
"C43",0.0377964473009227,-0.0110401931325757,0,0.00327690893213526,0,0,0.0491027803205027,0,0,0,0,0
"C44",0.0377964473009227,0.0190280678748844,0.000680441833807935,0,-0.0294405711703779,0,0,0,0,0.024325420997243,0,0
"C45",0.0377964473009227,-0.0208498791871316,0,-0.030346508774208,0,0,0,0.0918285509848782,0,0,0.0210514340137333,0
"C46",0.0377964473009227,0.0272462327290734,0.101394196668549,0,-0.0281233855195078,0,0,0,0,-0.00339418360402782,0,0
"C47",0.0377964473009227,-0.0148077745744183,0,-0.0275260216753366,0,0,0,-0.0553975326606822,0,0,0,0
"C48",0.0377964473009227,-0.0487017803789224,0,0.0974948122311644,0,0,-0.0838426018540267,0,0,0,0,0
"C49",0.0377964473009227,0.00937402294197751,0.00964783740527412,0,-0.0428601682286767,0,0,0,0,0.117718223462008,0,0
"C50",0.0377964473009227,-0.0205199371810973,0,-0.0135724436833639,0,0,0,0.0511495123742323,0,0,-0.0852056292760452,0
"C51",0.0377964473009227,-0.0069990685324293,0,-0.0449031236025302,0,0,0,0.026613877891775,0,0,0.0693512967918935,0
"C52",0.0377964473009227,-0.00801725448769557,0,-0.0652483515629076,0,0,0,0.0703889643424301,0,0,-0.0489607148497035,0
"C53",0.0377964473009227,-0.0574580002297732,0,0.0613032482265544,0,0,0.17462889794269,0,0,0,0,0
"C54",0.0377964473009227,0.030314209008813,0.0303551980221802,0,-0.147519572842474,0,0,0,0,-0.153386097976295,0,0
"C55",0.0377964473009227,0.0110656906248353,0.0677183632432141,0,-0.00424849657416933,0,0,0,0,0.0444272239852383,0,0
"C56",0.0377964473009227,0.0408264271859316,-0.031288497843461,0,0,-0.0809787344344576,0,0,0,0,0,0
"C57",0.0377964473009227,-0.00958892517801989,0,-0.0535336364572598,0,0,0,-0.0201843458203466,0,0,0,0
"C58",0.0377964473009227,-0.055994756881035,0,0.0505071012039816,0,0,0.098013590515624,0,0,0,0,0
"C59",0.0377964473009227,0.0383630784874871,-0.0127661814375756,0,0,-0.053566520153437,0,0,0,0,0,0
"C60",0.0377964473009227,-0.0179384227360347,0,-0.0792015373631909,0,0,0,0.211358460166275,0,0,-0.0417313983913331,0
"C61",0.0377964473009227,-0.0417867563756324,0,0.0618002384299902,0,0,-0.00853524401921136,0,0,0,0,0
"C62",0.0377964473009227,-0.0393123162285438,0,0.0211743430486232,0,0,0.028914255960792,0,0,0,0,0
"C63",0.0377964473009227,-0.0517196269480701,0,0.052799336190215,0,0,0.0370398440145041,0,0,0,0,0
"C64",0.0377964473009227,0.0588354610522399,-0.0348043156007736,0,0,0.171351731583554,0,0,0,0,0,0
"C65",0.0377964473009227,0.0715695515883724,-0.0438255736943409,0,0,-0.0222861698697228,0,0,0,0,0,0
"C66",0.0377964473009227,-0.0199471148191103,0,0.00142608851281396,0,0,0.00669219367658093,0,0,0,0,0
"C67",0.0377964473009227,-0.0161416634484599,0,0.0262213055660035,0,0,-0.0696198324909959,0,0,0,0,0
"C68",0.0377964473009227,-0.0564799211697101,0,0.0878490646615144,0,0,-0.116810172011943,0,0,0,0,0
"C69",0.0377964473009227,0.0347551026807861,0.0455844278588613,0,0.150727221842387,0,0,0,0,0,0,0
"C70",0.0377964473009227,0.0155576242098905,-0.0246441108525748,0,0,-0.0287004232480879,0,0,0,0,0,0
"C71",0.0377964473009227,-0.0238254137341297,0,-0.0173569995508615,0,0,0,0.0738389188463268,0,0,-0.025626928903798,0
"C72",0.0377964473009227,-0.0171430000553005,0,-0.0396994376087461,0,0,0,0.00615295287204136,0,0,0.0477606965167437,0
"C73",0.0377964473009227,0.00361513763841405,0.0375461173136906,0,0.0359391706016936,0,0,0,0,0,0,0
"C74",0.0377964473009227,-0.0535978957288402,0,0.096749804846216,0,0,-0.142651551780695,0,0,0,0,0
"C75",0.0377964473009227,-0.012553311518239,0,-0.043179524815432,0,0,0,0.048139405651996,0,0,0.0489891365330619,0
"C76",0.0377964473009227,-0.0329622307879999,0,8.5733470182625e-05,0,0,0.0305726364861562,0,0,0,0,0
"C77",0.0377964473009227,0.0536277276665388,-0.0310569680518497,0,0,-0.0500255529453036,0,0,0,0,0,0
"C78",0.0377964473009227,-0.0208554380305766,0,-0.0574740385976658,0,0,0,0.0133019383344966,0,0,0.105938245460471,0
"C79",0.0377964473009227,0.0272324868648266,0.0827527535985446,0,0.0359738993174789,0,0,0,0,0,0,0
"C80",0.0377964473009227,0.0336220748796818,-0.0317336392871298,0,0,0.0557789765296552,0,0,0,0,0,0
"C81",0.0377964473009227,0.0787698074320397,-0.107730849749815,0,0,0.15167355140721,0,0,0,0,0,0
"C82",0.0377964473009227,-0.0138092677792304,0,-0.014862551764329,0,0,0,-0.00266032346339879,0,0,0,0
"C83",0.0377964473009227,0.0404269581401614,0.0101315593579873,0,0.00624446730292807,0,0,0,0,0,0,0
"C84",0.0377964473009227,0.0327691184606382,0.0112126521844122,0,-0.0334257290541076,0,0,0,0,0.0458439308383195,0,0
"C85",0.0377964473009227,0.00263898573387408,0.0255539356577985,0,0.00111399603999113,0,0,0,0,0,0,0
"C86",0.0377964473009227,0.0530747293002709,0.0189569052937788,0,-0.0483720186398565,0,0,0,0,0.16471279880283,0,0
"C87",0.0377964473009227,0.0456555736539489,-0.0312344032062494,0,0,-0.151115046959309,0,0,0,0,0,0
"C88",0.0377964473009227,-0.0185393984957013,0,-0.0549510730669509,0,0,0,0.0586370884505992,0,0,-0.00535299051603797,0
"C89",0.0377964473009227,-1.04240994476061e-05,0,-0.0532315973547133,0,0,0,0.101287970130134,0,0,0.157401766263048,0
"C90",0.0377964473009227,-0.053498862333195,0,0.0610612194374772,0,0,0.122978465108605,0,0,0,0,0
"C91",0.0377964473009227,-0.000982331154201109,0,-0.0340533707271223,0,0,0,0.0751302556158373,0,0,0.0480958182722722,0
"C92",0.0377964473009227,-0.0481238263629134,0,0.0430661257281674,0,0,-0.0289079729252784,0,0,0,0,0
"C93",0.0377964473009227,-0.0559474224432411,0,0.0671892061309434,0,0,-0.0707133262650357,0,0,0,0,0
"C94",0.0377964473009227,0.0780805722028751,-0.117247931490429,0,0,0.0819765334209565,0,0,0,0,0,0
"C95",0.0377964473009227,0.0722919063966409,-0.0670016096253274,0,0,-0.0220827718903901,0,0,0,0,0,0
"C96",0.0377964473009227,-0.0507329762463175,0,0.0831736160349728,0,0,0.0415293590473476,0,0,0,0,0
"C97",0.0377964473009227,0.0742335563549234,-0.113406337433157,0,0,0.110028208995217,0,0,0,0,0,0
"C98",0.0377964473009227,-0.00139744000695699,0,-0.0272911848765821,0,0,0,0.0111353639307726,0,0,-0.138691985986662,0
"C99",0.0377964473009227,0.00546362029107044,0.0259103290217765,0,-0.0331862941386364,0,0,0,0,-0.100686592861398,0,0
"C100",0.0377964473009227,0.0558328307321477,-0.00686380666084587,0,0,0.0241281801001297,0,0,0,0,0,0
"C101",0.0377964473009227,0.00715084800922502,0.0669311811457138,0,0.0428342936422396,0,0,0,0,0,0,0
"C102",0.0377964473009227,0.0722797439009632,-0.0640609193037297,0,0,-0.00159766733253845,0,0,0,0,0,0
"C103",0.0377964473009227,-0.0324081327243106,0,0.00948421955038397,0,0,-0.0601085919850605,0,0,0,0,0
"C104",0.0377964473009227,0.0511695033713216,0.0291896575557973,0,0.054994268321126,0,0,0,0,0,0,0
"C105",0.0377964473009227,-0.0551573289096435,0,0.101015728560601,0,0,-0.0274445757792591,0,0,0,0,0
"C106",0.0377964473009227,-0.0225745717839526,0,-0.0141401446798734,0,0,0,-0.103098454418784,0,0,0,0
"C107",0.0377964473009227,0.0294923800421368,0.086391857070162,0,0.00918449173785416,0,0,0,0,0,0,0
"C108",0.0377964473009227,-0.0134867425248713,0,-0.0177412945190773,0,0,0,0.141068521230305,0,0,-0.0242712024608021,0
"C109",0.0377964473009227,-0.0588900619874002,0,0.0630818809393845,0,0,0.10910616978497,0,0,0,0,0
"C110",0.0377964473009227,-0.0571585967118309,0,0.0766604951509451,0,0,-0.0100635691525819,0,0,0,0,0
"C111",0.0377964473009227,-0.000842279008925277,0,-0.0269471388309577,0,0,0,0.139167900908349,0,0,0.106734375012877,0
"C112",0.0377964473009227,-0.00439296660356024,0,-0.0811659532165053,0,0,0,0.0299298090874089,0,0,-0.119733727649498,0
"C113",0.0377964473009227,-0.0392129700030481,0,0.0616389466838062,0,0,-0.0031729078147605,0,0,0,0,0
"C114",0.0377964473009227,-0.0458720425983852,0,0.0293462932681697,0,0,0.100659392886073,0,0,0,0,0
"C115",0.0377964473009227,-0.0484869514013503,0,0.0652318062340938,0,0,0.14796304575099,0,0,0,0,0
"C116",0.0377964473009227,0.0283155051778853,0.0168446226141968,0,0.020502814521574,0,0,0,0,0,0,0
"C117",0.0377964473009227,-0.0328719242954973,0,0.0126211131282268,0,0,0.128194563332173,0,0,0,0,0
"C118",0.0377964473009227,-0.0440958762762732,0,0.0222279527159857,0,0,0.134264180485703,0,0,0,0,0
"C119",0.0377964473009227,0.0296240697084222,0.0622267523262881,0,0.18711649291694,0,0,0,0,0,0,0
"C120",0.0377964473009227,0.0589218181622147,-0.0500172442454533,0,0,-0.0349153092001436,0,0,0,0,0,0
"C121",0.0377964473009227,-0.00584163643724543,0,-0.0266999345033213,0,0,0,0.00082172091033268,0,0,-0.0378951880135071,0
"C122",0.0377964473009227,-0.0103916685521471,0,-0.0297684111505131,0,0,0,-0.0452439574240086,0,0,0,0
"C123",0.0377964473009227,-0.0335224545771872,0,0.0180943409343175,0,0,-0.0369397700092047,0,0,0,0,0
"C124",0.0377964473009227,0.012215196754264,0.0674066603926052,0,-0.00755246234020012,0,0,0,0,-0.0119926893109965,0,0
"C125",0.0377964473009227,0.00628051958526407,0.0341770532048891,0,0.0500176068733289,0,0,0,0,0,0,0
"C126",0.0377964473009227,0.0179144435543458,0.0620852549034647,0,0.133002139309229,0,0,0,0,0,0,0
"C127",0.0377964473009227,-0.00772655519434354,0,-0.0562590898932482,0,0,0,0.0263732116289167,0,0,-0.0341815716484158,0
"C128",0.0377964473009227,0.00681440775832317,0.0137706185992674,0,-0.119033448377335,0,0,0,0,-0.00331765823326252,0,0
"C129",0.0377964473009227,-0.00787110591719431,0,-0.0679731143630059,0,0,0,-0.0140852948371536,0,0,0,0
"C130",0.0377964473009227,-0.00739551700513915,0,0.000156757471755304,0,0,0.0240206677326389,0,0,0,0,0
"C131",0.0377964473009227,-0.0512462132281059,0,0.03848738269781,0,0,0.131211539947325,0,0,0,0,0
"C132",0.0377964473009227,-0.0217857121387892,0,-0.0154414556358382,0,0,0,-0.0260068511346952,0,0,0,0
"C133",0.0377964473009227,-0.0146654373719219,0,-0.0383922434076266,0,0,0,0.0687483384365632,0,0,-0.0840125170823862,0
"C134",0.0377964473009227,-0.0210704827170853,0,-0.000959011815824213,0,0,0,0.075996051074714,0,0,0.028431160530174,0
"C135",0.0377964473009227,-0.00504199594303314,0,-0.0364844475864177,0,0,0,-0.0837246843519058,0,0,0,0
"C136",0.0377964473009227,-0.056790469869095,0,0.0894020092166712,0,0,0.0163261545893974,0,0,0,0,0
"C137",0.0377964473009227,-0.0195609920831846,0,-0.028790967672794,0,0,0,0.0364694235654682,0,0,0.084040574286392,0
"C138",0.0377964473009227,-0.0203910023206382,0,-0.0419758782801364,0,0,0,0.0611897399846002,0,0,-0.0877780216297218,0
"C139",0.0377964473009227,0.0516413888492574,-0.0314623349850439,0,0,-0.0972178099200176,0,0,0,0,0,0
"C140",0.0377964473009227,0.0308223183842939,0.000375009903988069,0,-0.0418905365927575,0,0,0,0,-0.00236911454193502,0,0
"C141",0.0377964473009227,0.0159176887099218,0.0679221718446796,0,0.0440216954847919,0,0,0,0,0,0,0
"C142",0.0377964473009227,0.0290836056164453,-0.0275693098214275,0,0,-0.109768717947168,0,0,0,0,0,0
"C143",0.0377964473009227,-0.00720932939797917,0,-0.0188060793566542,0,0,0,0.0566464700500015,0,0,-9.4594267858159e-05,0
"C144",0.0377964473009227,-0.0538009203806126,0,0.0733240588399321,0,0,0.0479153181540489,0,0,0,0,0
"C145",0.0377964473009227,0.0360964511989624,0.00950624960961755,0,-0.19966103265512,0,0,0,0,-0.141750067457699,0,0
"C146",0.0377964473009227,-0.0369939627791471,0,0.0249814825055529,0,0,0.0813946713322627,0,0,0,0,0
"C147",0.0377964473009227,0.033196289520609,0.0324294077792087,0,0.0203537721933791,0,0,0,0,0,0,0
"C148",0.0377964473009227,-0.0247905103376128,0,-0.0109532582543483,0,0,0,0.201818951013353,0,0,-0.231446506199095,0
"C149",0.0377964473009227,0.0499383424973687,-0.0533513224542655,0,0,-0.117516338899312,0,0,0,0,0,0
"C150",0.0377964473009227,-0.0558563394369333,0,0.0989195742008435,0,0,-0.0108211868157304,0,0,0,0,0
"C151",0.0377964473009227,-0.0240993346232464,0,-0.019387364419077,0,0,0,0.0481708238910565,0,0,0.0185425145001694,0
"C152",0.0377964473009227,0.0233829839284139,0.0506620004592021,0,0.208559200961565,0,0,0,0,0,0,0
"C153",0.0377964473009227,-0.0155121040992394,0,0.0346908635919487,0,0,-0.0607144163197393,0,0,0,0,0
"C154",0.0377964473009227,-0.0516287041801358,0,0.0320701361753332,0,0,0.0482640302285569,0,0,0,0,0
"C155",0.0377964473009227,-0.0454125450431555,0,0.0484587913744948,0,0,0.0160464754490833,0,0,0,0,0
"C156",0.0377964473009227,0.0519382148014742,-0.00563288377528209,0,0,0.0429128403778654,0,0,0,0,0,0
"C157",0.0377964473009227,0.0781279977681405,-0.110587088761467,0,0,0.122918002644843,0,0,0,0,0,0
"C158",0.0377964473009227,0.0160370785511967,0.0725269882831603,0,-0.0609381763158807,0,0,0,0,0.00502011634847698,0,0
"C159",0.0377964473009227,-0.0400197782868281,0,0.0641413222956455,0,0,0.126927760357318,0,0,0,0,0
"C160",0.0377964473009227,-0.0477744427892479,0,0.0473951875152061,0,0,0.0200284820852004,0,0,0,0,0
"C161",0.0377964473009227,0.0241775071910322,0.0695120921465266,0,0.0744555408211797,0,0,0,0,0,0,0
"C162",0.0377964473009227,0.00291659430479643,0.0438045384602379,0,0.0580985450612735,0,0,0,0,0,0,0
"C163",0.0377964473009227,0.0342843901219966,-0.0258016386432273,0,0,-0.144600796139633,0,0,0,0,0,0
"C164",0.0377964473009227,0.0256298244486938,0.0307233707540622,0,0.00204059155131219,0,0,0,0,0,0,0
"C165",0.0377964473009227,-0.0268127907721355,0,0.00619355576825209,0,0,0.0854289025970569,0,0,0,0,0
"C166",0.0377964473009227,0.0407005101253643,-0.00819956457073957,0,0,-0.00394025871029969,0,0,0,0,0,0
"C167",0.0377964473009227,0.0065638114149823,0.00820806318833148,0,-0.130314904256826,0,0,0,0,-0.00860838375254122,0,0
"C168",0.0377964473009227,-0.0426577885167144,0,0.00362160590246874,0,0,0.0101599589302275,0,0,0,0,0
"C169",0.0377964473009227,-0.043398062287277,0,0.034583141269739,0,0,0.11848495394547,0,0,0,0,0
"C170",0.0377964473009227,-0.0204480505609006,0,0.000531833205727005,0,0,0.0302817742459434,0,0,0,0,0
"C171",0.0377964473009227,0.0451509204485143,0.00464870984049862,0,-0.0331457553389539,0,0,0,0,0.0440492845434083,0,0
"C172",0.0377964473009227,0.0841452906969158,-0.114119599734604,0,0,0.151816995699812,0,0,0,0,0,0
"C173",0.0377964473009227,0.0226741152355652,0.0757498400369069,0,0.0430867049779245,0,0,0,0,0,0,0
"C174",0.0377964473009227,-0.0260745318290737,0,0.00549629441331146,0,0,0.160556643319943,0,0,0,0,0
"C175",0.0377964473009227,-0.0486288005431522,0,0.0573234341211633,0,0,0.047546138482429,0,0,0,0,0
"C176",0.0377964473009227,-0.0161729644687752,0,-0.0157652119792511,0,0,0,-0.0169496429525639,0,0,0,0
"C177",0.0377964473009227,0.0781985315768454,-0.105401621012035,0,0,0.151362503408825,0,0,0,0,0,0
"C178",0.0377964473009227,0.0196513433123748,-0.0198903972842668,0,0,-0.00899111969923601,0,0,0,0,0,0
"C179",0.0377964473009227,0.0301249421418924,0.0135852706613554,0,-0.0417386158929629,0,0,0,0,-0.133667310413844,0,0
"C180",0.0377964473009227,0.0770417649171561,-0.0956165194411212,0,0,0.134295137893911,0,0,0,0,0,0
"C181",0.0377964473009227,-0.0110840341637305,0,-0.091677599457007,0,0,0,-0.00958718303893881,0,0,0,0
"C182",0.0377964473009227,-0.0226360619600314,0,-0.00562760252473204,0,0,0,-0.0541315370816131,0,0,0,0
"C183",0.0377964473009227,0.0251631766328587,0.0686896390905681,0,0.0529098982074077,0,0,0,0,0,0,0
"C184",0.0377964473009227,0.0747926576670018,-0.0800455337767701,0,0,0.0695524764950229,0,0,0,0,0,0
"C185",0.0377964473009227,-0.0194518770448578,0,-0.0106297622585001,0,0,0,-0.0307959213056207,0,0,0,0
"C186",0.0377964473009227,-0.0422310210285483,0,0.0288798430353605,0,0,0.155242853167086,0,0,0,0,0
"C187",0.0377964473009227,0.0432571956684953,0.0185833095885796,0,-0.160255446228694,0,0,0,0,0.0692034632336203,0,0
"C188",0.0377964473009227,-0.0163746145287321,0,-0.0172393429446314,0,0,0,0.0565684201299366,0,0,0.0432362642993611,0
"C189",0.0377964473009227,-0.013099644375602,0,-0.0701185387782597,0,0,0,0.0906178313707438,0,0,0.0618996758751051,0
"C190",0.0377964473009227,0.0190201942827066,0.0588095184883535,0,-0.038631804590597,0,0,0,0,0.00964306026765556,0,0
"C191",0.0377964473009227,-0.0451909141598542,0,-0.00135576028390419,0,0,0,0.0285005672288952,0,0,-0.0486973909167204,0
"C192",0.0377964473009227,-0.0235467040143753,0,-0.0294612196848447,0,0,0,0.0627484605588383,0,0,-0.077286157064181,0
"C193",0.0377964473009227,0.0752533268195946,-0.0945428368819783,0,0,0.163462673803187,0,0,0,0,0,0
"C194",0.0377964473009227,0.0300579420197472,0.0289584877801175,0,-0.0137698175647379,0,0,0,0,0.00326567545106653,0,0
"C195",0.0377964473009227,0.0235795912173704,0.0617404965829103,0,0.098422506708538,0,0,0,0,0,0,0
"C196",0.0377964473009227,-0.0260911531879129,0,-0.0406031833686595,0,0,0,0.0113919275912489,0,0,-0.23027889516469,0
"C197",0.0377964473009227,-0.0154810125462174,0,-0.0268223190576651,0,0,0,-0.0838246435969893,0,0,0,0
"C198",0.0377964473009227,-0.0560556666830161,0,0.0994655666290088,0,0,-0.00630738727602438,0,0,0,0,0
"C199",0.0377964473009227,-0.056397363227932,0,0.0801791005158193,0,0,0.0486226660731637,0,0,0,0,0
"C200",0.0377964473009227,0.0224723623886616,0.071120423619158,0,0.0257591354597625,0,0,0,0,0,0,0
"C201",0.0377964473009227,-0.0179346122981528,0,-0.0191205304957428,0,0,0,-0.00980252930457308,0,0,0,0
"C202",0.0377964473009227,-0.0621682835034304,0,0.103086410069469,0,0,-0.00537226355907272,0,0,0,0,0
"C203",0.0377964473009227,-0.00110719576561215,0,-0.102548682470447,0,0,0,-0.0891611836801245,0,0,0,0
"C204",0.0377964473009227,0.0264240022645578,0.0765214620423751,0,0.0526735583631459,0,0,0,0,0,0,0
"C205",0.0377964473009227,-0.0258023801525868,0,-0.0292988899049222,0,0,0,0.0201332311840177,0,0,0.0573486286178208,0
"C206",0.0377964473009227,-0.0115550930723287,0,-0.0160816924794932,0,0,0,0.0555927414779965,0,0,0.0372586534484158,0
"C207",0.0377964473009227,-0.0117407091642197,0,-0.0207158480761056,0,0,0,-0.0382874431868631,0,0,0,0
"C208",0.0377964473009227,0.059672275727302,-0.03579652876345,0,0,-0.115798644913746,0,0,0,0,0,0
"C209",0.0377964473009227,0.038550602575113,-0.00351778554186244,0,0,0.0184006506193216,0,0,0,0,0,0
"C210",0.0377964473009227,0.0164719715498524,0.0781643344751807,0,0.0627013429719193,0,0,0,0,0,0,0
"C211",0.0377964473009227,-0.0544098328807551,0,0.0617338526708154,0,0,0.0104197675978467,0,0,0,0,0
"C212",0.0377964473009227,-0.053602846921615,0,0.104922605410701,0,0,0.0245227115264102,0,0,0,0,0
"C213",0.0377964473009227,0.0531463392613491,-0.0464499160790779,0,0,0.0388966134225894,0,0,0,0,0,0
"C214",0.0377964473009227,-0.0166396767203778,0,-0.000311398369937851,0,0,0,-0.0563267623344819,0,0,0,0
"C215",0.0377964473009227,0.00986569270486639,-0.0156041919637417,0,0,0.00607533976375404,0,0,0,0,0,0
"C216",0.0377964473009227,-0.0207521290966057,0,-0.00727077019286253,0,0,0,0.0669449949898228,0,0,-0.0596315027705041,0
"C217",0.0377964473009227,0.0270411542411451,0.0696704354043011,0,0.0661697274555434,0,0,0,0,0,0,0
"C218",0.0377964473009227,-0.052865786986453,0,0.0864945375492931,0,0,0.00195348781472999,0,0,0,0,0
"C219",0.0377964473009227,-0.0485659278979296,0,0.104015091753392,0,0,-0.00123330372829833,0,0,0,0,0
"C220",0.0377964473009227,0.0141260026651042,0.0146403949726262,0,-0.0357415124286486,0,0,0,0,-0.000583664238560356,0,0
"C221",0.0377964473009227,0.0543038300328191,-0.0197523085558862,0,0,-0.0933829940224663,0,0,0,0,0,0
"C222",0.0377964473009227,0.0246301720354011,0.0835982769310196,0,-0.0116471777868511,0,0,0,0,0.0697088539692438,0,0
"C223",0.0377964473009227,-0.0132270969580024,0,0.00489913554019192,0,0,0.00673180602330772,0,0,0,0,0
"C224",0.0377964473009227,-0.0522847173638145,0,0.0216382734057219,0,0,0.12803701071681,0,0,0,0,0
"C225",0.0377964473009227,0.0172111344479267,-0.000721771215167676,0,0,-0.170597174703847,0,0,0,0,0,0
"C226",0.0377964473009227,0.0641211390682024,-0.0542419591301216,0,0,-0.04189204245609,0,0,0,0,0,0
"C227",0.0377964473009227,0.0379858474979246,-0.00884659296503498,0,0,0.113843168212623,0,0,0,0,0,0
"C228",0.0377964473009227,-0.0580530889236591,0,0.0989599788172531,0,0,0.0714535950540655,0,0,0,0,0
"C229",0.0377964473009227,0.0165491081277746,-0.00109412221041359,0,0,-0.146093389386367,0,0,0,0,0,0
"C230",0.0377964473009227,-0.0268856590895632,0,0.00758629601129468,0,0,-0.00723254786403206,0,0,0,0,0
"C231",0.0377964473009227,0.0232335686272921,0.0616737403045351,0,0.0751349031647871,0,0,0,0,0,0,0
"C232",0.0377964473009227,-0.021248186546203,0,0.00622883299769284,0,0,-0.0632444733979685,0,0,0,0,0
"C233",0.0377964473009227,0.0262495177478848,0.065880990227472,0,0.0942493898105502,0,0,0,0,0,0,0
"C234",0.0377964473009227,0.00635712738589729,-0.0139019852488157,0,0,-0.116932992731148,0,0,0,0,0,0
"C235",0.0377964473009227,0.0430052050757724,0.0123338763843273,0,0.019233562142544,0,0,0,0,0,0,0
"C236",0.0377964473009227,0.0509503499685165,-0.0258249236297489,0,0,-0.0110190209050389,0,0,0,0,0,0
"C237",0.0377964473009227,0.0723914133886798,-0.0824870498288144,0,0,-0.00970514679314019,0,0,0,0,0,0
"C238",0.0377964473009227,-0.0524641700471256,0,0.073084134427801,0,0,-0.0032911797905985,0,0,0,0,0
"C239",0.0377964473009227,0.0716143349821613,-0.0881329830533303,0,0,0.00512400824332892,0,0,0,0,0,0
"C240",0.0377964473009227,0.0591617315752012,-0.0587886783262762,0,0,-0.0406663929714036,0,0,0,0,0,0
"C241",0.0377964473009227,-0.00520583153079133,0,-0.028768646291963,0,0,0,-0.0388898188420506,0,0,0,0
"C242",0.0377964473009227,0.0328301195782433,0.00202994776931389,0,0.0183994372155637,0,0,0,0,0,0,0
"C243",0.0377964473009227,0.0526167253356007,-0.0333913609566127,0,0,-0.141679830543558,0,0,0,0,0,0
"C244",0.0377964473009227,-0.0225747270524949,0,-0.0291116744984336,0,0,0,-0.0382187890420532,0,0,0,0
"C245",0.0377964473009227,0.0553230674665063,-0.00839637777927866,0,0,0.0606745113021899,0,0,0,0,0,0
"C246",0.0377964473009227,0.0597169701805099,-0.0612929856250288,0,0,0.0271682885725983,0,0,0,0,0,0
"C247",0.0377964473009227,-0.0563174343747324,0,0.110416598942735,0,0,-0.0609479954532928,0,0,0,0,0
"C248",0.0377964473009227,0.0210677004826449,0.0102143200961977,0,-0.10605377515771,0,0,0,0,-0.0979435013474536,0,0
"C249",0.0377964473009227,-0.00800565251631559,0,-0.000677484401648915,0,0,0,0.0646636866597647,0,0,-0.0106958217957596,0
"C250",0.0377964473009227,0.0673802087298694,-0.0405546927761555,0,0,0.0523573997358948,0,0,0,0,0,0
"C251",0.0377964473009227,-0.016100489551016,0,-0.024487567924356,0,0,0,0.00716520486523826,0,0,-0.00917538320265032,0
"C252",0.0377964473009227,0.0747602938461735,-0.0889520166300981,0,0,0.0936200479356805,0,0,0,0,0,0
"C253",0.0377964473009227,0.0383435415400565,0.00721242103074982,0,-0.0993171129600375,0,0,0,0,-0.00270050100747997,0,0
"C254",0.0377964473009227,-0.0181808708513548,0,-0.0317041904163408,0,0,0,0.0296931130129332,0,0,0.0208460590896832,0
"C255",0.0377964473009227,-0.020064543506235,0,-0.0336903886507835,0,0,0,0.14633376013656,0,0,-0.0248595465203083,0
"C256",0.0377964473009227,0.00368107177648373,-0.0210184760590148,0,0,0.00233273282378886,0,0,0,0,0,0
"C257",0.0377964473009227,0.0190536958218294,0.0750833813887127,0,0.0138784679171659,0,0,0,0,0,0,0
"C258",0.0377964473009227,-0.0336660414021706,0,0.0146053745415504,0,0,-0.0133294210048788,0,0,0,0,0
"C259",0.0377964473009227,-0.0201707013616235,0,-0.0620004423130127,0,0,0,0.0298929205830666,0,0,0.0405050412284947,0
"C260",0.0377964473009227,0.00881878188033102,0.0457203844026009,0,-0.0494224222872195,0,0,0,0,-0.0105578871115261,0,0
"C261",0.0377964473009227,0.000402414042970496,0.0387610466346961,0,-0.00121621936668356,0,0,0,0,0.134621172412668,0,0
"C262",0.0377964473009227,-0.00872357818134753,0,-0.0519362946647279,0,0,0,-0.0706132494181839,0,0,0,0
"C263",0.0377964473009227,-0.0191840694000608,0,-0.0350928084843394,0,0,0,-0.015058009489714,0,0,0,0
"C264",0.0377964473009227,-0.0127180750381329,0,0.00168976129416427,0,0,-0.0106177790081534,0,0,0,0,0
"C265",0.0377964473009227,0.000288398797172139,0.0419415123922798,0,-0.0612263860626239,0,0,0,0,0.00917458246830971,0,0
"C266",0.0377964473009227,0.0325652954317524,0.0435730632208166,0,0.0695783370892403,0,0,0,0,0,0,0
"C267",0.0377964473009227,-0.0378804856551371,0,0.0199348147826029,0,0,0.0785009921669369,0,0,0,0,0
"C268",0.0377964473009227,-0.0195469800740178,0,-0.0145097211036112,0,0,0,-0.0180592090721133,0,0,0,0
"C269",0.0377964473009227,-0.00680052769542993,0,-0.0131204410123549,0,0,0,0.0274382689549984,0,0,-0.0211835853754438,0
"C270",0.0377964473009227,-0.0410405153493261,0,0.0171559160664925,0,0,-0.0061216239035981,0,0,0,0,0
"C271",0.0377964473009227,-0.0263424038131993,0,-0.0271162918989312,0,0,0,0.0388460324250694,0,0,0.0717965089634865,0
"C272",0.0377964473009227,-0.0540993078576638,0,0.106361963356572,0,0,0.0101274976865279,0,0,0,0,0
"C273",0.0377964473009227,-0.0537675174422392,0,0.0740161508733236,0,0,0.0701128285269235,0,0,0,0,0
"C274",0.0377964473009227,-0.0181395572097291,0,-0.0196835197493056,0,0,0,0.133595665938869,0,0,0.00726672700826651,0
"C275",0.0377964473009227,0.0225898585167701,0.0701564697478265,0,-0.0321689323499226,0,0,0,0,-0.00324385228721687,0,0
"C276",0.0377964473009227,-0.024307025864585,0,-0.0571984455490862,0,0,0,0.0517309649629841,0,0,-0.0627980039827294,0
"C277",0.0377964473009227,-0.0284029625043081,0,0.0250155226416605,0,0,-0.0816670367117973,0,0,0,0,0
"C278",0.0377964473009227,0.0764600920963958,-0.0902904218653733,0,0,-0.030150743922647,0,0,0,0,0,0
"C279",0.0377964473009227,-0.0241025999967075,0,-0.0519212492759765,0,0,0,-0.0415973015672047,0,0,0,0
"C280",0.0377964473009227,0.0749692756090633,-0.0611633893096691,0,0,0.00144638279917262,0,0,0,0,0,0
"C281",0.0377964473009227,-0.0536504846985666,0,0.0936502810985553,0,0,0.0174079956930223,0,0,0,0,0
"C282",0.0377964473009227,0.0419558395707286,0.0112802214437046,0,-0.0287438600302424,0,0,0,0,0.0128876959584404,0,0
"C283",0.0377964473009227,0.0168176425417676,0.0483984230487892,0,0.108086825721455,0,0,0,0,0,0,0
"C284",0.0377964473009227,-0.0377893389140414,0,0.00601489402547576,0,0,0.0888007980263724,0,0,0,0,0
"C285",0.0377964473009227,-0.0194771361949825,0,-0.0469279042945048,0,0,0,-0.011202473900118,0,0,0,0
"C286",0.0377964473009227,0.0111075267305928,0.0454228433530702,0,0.0760155485455165,0,0,0,0,0,0,0
"C287",0.0377964473009227,0.00627824801618486,0.0616194975049921,0,-0.0219582834654817,0,0,0,0,-0.0178894720511744,0,0
"C288",0.0377964473009227,0.072165990850282,-0.0702353444288249,0,0,0.00229375110387357,0,0,0,0,0,0
"C289",0.0377964473009227,0.00256621280893945,0.0472847231563181,0,0.0214245277062633,0,0,0,0,0,0,0
"C290",0.0377964473009227,0.0114395352195667,0.0702837201501108,0,-0.011852558080602,0,0,0,0,0.0113314305967119,0,0
"C291",0.0377964473009227,-0.0280883609645194,0,-0.0248210033421899,0,0,0,0.0465407326231525,0,0,-0.0341732310149059,0
"C292",0.0377964473009227,-0.018363866392211,0,-0.0437885435829743,0,0,0,-0.065184059409016,0,0,0,0
"C293",0.0377964473009227,0.0313284702555954,0.0552951743363198,0,0.0798685868657588,0,0,0,0,0,0,0
"C294",0.0377964473009227,-0.0215920696315587,0,-0.0266592820578729,0,0,0,-0.0237841975685172,0,0,0,0
"C295",0.0377964473009227,0.0705779028193278,-0.0763954707264368,0,0,0.0386511898793373,0,0,0,0,0,0
"C296",0.0377964473009227,-0.000424536076028399,0,-0.0548521474195123,0,0,0,-0.09519606639823,0,0,0,0
"C297",0.0377964473009227,-0.0175145150601062,0,-0.0419051448648556,0,0,0,0.131127341089125,0,0,0.182084607854747,0
"C298",0.0377964473009227,-0.0541872660713135,0,0.0691580120141564,0,0,0.0173777138358764,0,0,0,0,0
"C299",0.0377964473009227,-0.0176094088177383,0,-0.0208754546509942,0,0,0,0.0776308419178652,0,0,-0.0877547590706445,0
"C300",0.0377964473009227,0.0363701552262205,0.00096295077346491,0,-0.10648786500707,0,0,0,0,-0.00818875713717936,0,0
"C301",0.0377964473009227,0.0247495428045349,0.0678715504097146,0,0.0896136284778782,0,0,0,0,0,0,0
"C302",0.0377964473009227,-0.0537244364003022,0,0.0887911133963373,0,0,-0.0269105392085017,0,0,0,0,0
"C303",0.0377964473009227,-0.00189678756978211,0,-0.0725788561508981,0,0,0,-0.114024283490018,0,0,0,0
"C304",0.0377964473009227,-0.00511505796452968,0,-0.029508630078431,0,0,0,0.0236692870546903,0,0,-0.0447671548303794,0
"C305",0.0377964473009227,-0.00950281452537823,0,-0.0571999449794231,0,0,0,0.0343425524068583,0,0,-0.12146235720704,0
"C306",0.0377964473009227,0.028254088441822,0.0665174844860857,0,0.0307418154744129,0,0,0,0,0,0,0
"C307",0.0377964473009227,-0.0244730406657492,0,-0.00544075679741163,0,0,0,-0.00168769416047552,0,0,0,0
"C308",0.0377964473009227,0.076797073288601,-0.110318555993328,0,0,0.188344103141403,0,0,0,0,0,0
"C309",0.0377964473009227,-0.0444420602597982,0,0.0759129224013237,0,0,0.0942521327197757,0,0,0,0,0
"C310",0.0377964473009227,-0.0567962266924557,0,0.100687027880711,0,0,-0.0257947140675473,0,0,0,0,0
"C311",0.0377964473009227,0.0233346565242256,-0.00293994375242724,0,0,-0.0406082397743108,0,0,0,0,0,0
"C312",0.0377964473009227,0.0242300714347074,0.0704786083130047,0,0.129653472555382,0,0,0,0,0,0,0
"C313",0.0377964473009227,0.0311414458693436,0.0650452698223651,0,0.0960755920089361,0,0,0,0,0,0,0
"C314",0.0377964473009227,0.0243781754605594,0.06407617974613,0,0.0704668710376898,0,0,0,0,0,0,0
"C315",0.0377964473009227,-0.0464736096080965,0,0.0323028597359633,0,0,-0.0562944860755965,0,0,0,0,0
"C316",0.0377964473009227,-0.0516397672718927,0,0.0694234486026226,0,0,0.0482299696629847,0,0,0,0,0
"C317",0.0377964473009227,0.0373192744258536,0.056592294080978,0,0.0592084931904152,0,0,0,0,0,0,0
"C318",0.0377964473009227,0.0139994244405538,0.0732266119911632,0,0.108986035441572,0,0,0,0,0,0,0
"C319",0.0377964473009227,0.0448357322941477,-0.0459575557208529,0,0,0.00528716153466625,0,0,0,0,0,0
"C320",0.0377964473009227,0.0069177312736437,0.00121575483697587,0,-0.0294513507856714,0,0,0,0,-0.142732281510758,0,0
"C321",0.0377964473009227,0.00494442982075203,0.0146495090809277,0,0.0417015797091271,0,0,0,0,0,0,0
"C322",0.0377964473009227,-0.040358145132847,0,0.0104793163129269,0,0,0.159988022182778,0,0,0,0,0
"C323",0.0377964473009227,-0.0539882472353012,0,0.0703376381751152,0,0,0.084167057936308,0,0,0,0,0
"C324",0.0377964473009227,0.0116355538456724,0.0546550440770824,0,0.0168613660999913,0,0,0,0,0,0,0
"C325",0.0377964473009227,-0.0443404606052157,0,-0.00345368406494232,0,0,0,0.0126158134426136,0,0,0.0699852276463392,0
"C326",0.0377964473009227,0.0313800214268072,0.0561758801206497,0,0.141243059208435,0,0,0,0,0,0,0
"C327",0.0377964473009227,0.0263810258964846,0.0785504716232075,0,0.0384458914801106,0,0,0,0,0,0,0
"C328",0.0377964473009227,0.0246986831401843,0.0774249397001956,0,0.025320927614117,0,0,0,0,0,0,0
"C329",0.0377964473009227,0.0608282892660762,-0.0227501397385349,0,0,0.0694434942500562,0,0,0,0,0,0
"C330",0.0377964473009227,-0.0217894135938707,0,-0.0370873979954665,0,0,0,-0.0545790981941396,0,0,0,0
"C331",0.0377964473009227,-0.0495802680708906,0,0.0492661111458742,0,0,-0.0612025100264385,0,0,0,0,0
"C332",0.0377964473009227,-0.0215793235906695,0,-0.00501560751520248,0,0,0,-0.0363543929873188,0,0,0,0
"C333",0.0377964473009227,-0.0227922296509763,0,-0.00379348444754563,0,0,0,0.11707447668958,0,0,0.0115932048459007,0
"C334",0.0377964473009227,-0.0427293940372753,0,0.0194956082969508,0,0,0.0997335432302705,0,0,0,0,0
"C335",0.0377964473009227,-0.000857813474002302,0,-0.0766196918544412,0,0,0,-0.0817402696806216,0,0,0,0
"C336",0.0377964473009227,-0.0414668012778567,0,0.0596657341507302,0,0,0.0826075875699561,0,0,0,0,0
"C337",0.0377964473009227,-0.0438543315926083,0,0.0719978878347122,0,0,-0.112588481959448,0,0,0,0,0
"C338",0.0377964473009227,0.034792274739954,0.00185458385381161,0,-0.0463002289967146,0,0,0,0,0.1821314542871,0,0
"C339",0.0377964473009227,0.0455191404103166,0.0147929389784532,0,-0.0385206521166075,0,0,0,0,-0.0318199862629314,0,0
"C340",0.0377964473009227,-0.0388975744574409,0,0.0319873612741964,0,0,0.0882790584528384,0,0,0,0,0
"C341",0.0377964473009227,-0.0338972301576713,0,0.0216981101359698,0,0,0.0565268916988509,0,0,0,0,0
"C342",0.0377964473009227,0.0293150905505282,0.00377757782452801,0,-0.00449736283559884,0,0,0,0,0.0159546340523507,0,0
"C343",0.0377964473009227,0.0487396613614839,0.00168482043467903,0,-0.070767775385782,0,0,0,0,-0.0173923088484886,0,0
"C344",0.0377964473009227,-0.0291408120293039,0,0.0139373581159153,0,0,-0.0302870461278923,0,0,0,0,0
"C345",0.0377964473009227,-0.0195295878974094,0,-0.00680852457070761,0,0,0,-0.0978685799173863,0,0,0,0
"C346",0.0377964473009227,-0.0182306492837511,0,-0.0193692299612093,0,0,0,0.13200481532325,0,0,-0.141272427975861,0
"C347",0.0377964473009227,-0.0550321017408592,0,0.0890741990920831,0,0,-0.0350248511695715,0,0,0,0,0
"C348",0.0377964473009227,-0.00709192462937467,0,-0.0276943890777104,0,0,0,0.0703366793582211,0,0,0.10366832002624,0
"C349",0.0377964473009227,-0.0165085359415612,0,-0.0130827784869018,0,0,0,0.0179325660093928,0,0,0.0265129830970238,0
"C350",0.0377964473009227,-0.0187156907559491,0,-0.0314186809465084,0,0,0,-0.0268924337548874,0,0,0,0
"C351",0.0377964473009227,0.0534295677723785,0.00245471766708871,0,-0.0272192749880188,0,0,0,0,0.0294088985660002,0,0
"C352",0.0377964473009227,-0.0321138359165278,0,0.00642893422544088,0,0,0.0112109635283971,0,0,0,0,0
"C353",0.0377964473009227,-0.0453144477970046,0,0.0123061293519464,0,0,0.0371585579707413,0,0,0,0,0
"C354",0.0377964473009227,-0.0501609120478977,0,0.0435063306829824,0,0,-0.0140562844236974,0,0,0,0,0
"C355",0.0377964473009227,-0.0374925068199483,0,0.00334630024755618,0,0,0.0135463885454308,0,0,0,0,0
"C356",0.0377964473009227,-0.00187643018470147,0,-0.000284935120588184,0,0,0,-0.0310343876134966,0,0,0,0
"C357",0.0377964473009227,0.0224202714466354,0.07107644445307,0,0.072525908333784,0,0,0,0,0,0,0
"C358",0.0377964473009227,-0.0604646598834802,0,0.100807750169679,0,0,-0.0645387303290063,0,0,0,0,0
"C359",0.0377964473009227,0.0796277683300975,-0.0982578711495774,0,0,0.102748577073237,0,0,0,0,0,0
"C360",0.0377964473009227,-0.0555175561814163,0,0.116331426473014,0,0,-0.00259589272449003,0,0,0,0,0
"C361",0.0377964473009227,0.0213974141192314,0.0714429419703287,0,0.0247348121719811,0,0,0,0,0,0,0
"C362",0.0377964473009227,-0.0476611346536295,0,0.0611350002414265,0,0,0.0454882392294676,0,0,0,0,0
"C363",0.0377964473009227,0.0823406284108651,-0.111893297862783,0,0,0.205776311564743,0,0,0,0,0,0
"C364",0.0377964473009227,0.043054213053496,0.011809234836484,0,-0.00754057123249461,0,0,0,0,-0.0110929740412976,0,0
"C365",0.0377964473009227,-0.0284405527650803,0,0.0169277013228787,0,0,0.00266994297202938,0,0,0,0,0
"C366",0.0377964473009227,-0.0200464903523158,0,-0.00294162264524849,0,0,0,-0.0489458988288005,0,0,0,0
"C367",0.0377964473009227,0.00958817021433822,0.0166725714605595,0,-0.0535433167242257,0,0,0,0,0.0894315275421298,0,0
"C368",0.0377964473009227,0.000841368962665046,0.0405921038405225,0,0.0313015288249844,0,0,0,0,0,0,0
"C369",0.0377964473009227,0.0146804597451527,0.0627152519113019,0,0.0137794217379511,0,0,0,0,0,0,0
"C370",0.0377964473009227,-0.0140860808481699,0,-0.0347197382088856,0,0,0,0.0528499717069333,0,0,0.0719802857916095,0
"C371",0.0377964473009227,-0.0104591862974013,0,-0.0591575931298515,0,0,0,0.0277390363821502,0,0,-0.0605882027328058,0
"C372",0.0377964473009227,-0.0234434060237019,0,-0.0163628000810802,0,0,0,-0.0427159658680761,0,0,0,0
"C373",0.0377964473009227,-0.0122920079690359,0,-0.0653584660469138,0,0,0,0.0294347491956288,0,0,0.0784911701963234,0
"C374",0.0377964473009227,-0.0175127216110729,0,-0.0462684821639517,0,0,0,0.129182173169174,0,0,0.0938996948918098,0
"C375",0.0377964473009227,-0.0591235769731872,0,0.067603870304342,0,0,0.0027074680869824,0,0,0,0,0
"C376",0.0377964473009227,-0.0549837386904097,0,0.103835913271299,0,0,0.0205451403327885,0,0,0,0,0
"C377",0.0377964473009227,0.0223135551327039,0.0621247162605679,0,-0.0764153015961171,0,0,0,0,-0.00439825085437931,0,0
"C378",0.0377964473009227,0.0614670762409723,-0.0335976687072941,0,0,0.0612422221116136,0,0,0,0,0,0
"C379",0.0377964473009227,0.0724950849861251,-0.056317357935303,0,0,-0.00464013905759355,0,0,0,0,0,0
"C380",0.0377964473009227,-0.0521171495827072,0,0.0693759406328933,0,0,0.0329645844524738,0,0,0,0,0
"C381",0.0377964473009227,-0.0360155735330809,0,0.0468722881407165,0,0,-0.0533322922681466,0,0,0,0,0
"C382",0.0377964473009227,0.0393640993478889,-0.00727752478548096,0,0,-0.125418634391948,0,0,0,0,0,0
"C383",0.0377964473009227,-0.000483495126842656,0,-0.0641303030742743,0,0,0,-0.0572926633898346,0,0,0,0
"C384",0.0377964473009227,0.056908024005135,-0.0135700753862024,0,0,-0.0120501031080963,0,0,0,0,0,0
"C385",0.0377964473009227,-0.0245280157597706,0,0.00368656655824745,0,0,0.0934134208020938,0,0,0,0,0
"C386",0.0377964473009227,0.0299635517873399,0.000789854707107074,0,-0.0446099466956167,0,0,0,0,-0.00186666365497313,0,0
"C387",0.0377964473009227,-0.0213352988272678,0,-6.9639268799582e-05,0,0,0,-0.0347204910447189,0,0,0,0
"C388",0.0377964473009227,0.0587768406265404,-0.0165396345331966,0,0,0.0324873552931317,0,0,0,0,0,0
"C389",0.0377964473009227,0.019390797418005,0.0379354687907412,0,0.0118711705742848,0,0,0,0,0,0,0
"C390",0.0377964473009227,-0.0568932833014087,0,0.0645118450082958,0,0,0.0419310858174925,0,0,0,0,0
"C391",0.0377964473009227,-0.000296671866460313,0,-0.0564295380683108,0,0,0,-0.0747056390576018,0,0,0,0
"C392",0.0377964473009227,0.0025128450248073,0.0298683649447045,0,-0.0606807622477725,0,0,0,0,-0.00661997619013301,0,0
"C393",0.0377964473009227,0.00534596611742768,0.00935576406010996,0,-0.0795571537841403,0,0,0,0,-0.0240878157828083,0,0
"C394",0.0377964473009227,-0.0182658424504494,0,-0.0412315020388103,0,0,0,0.112208281649912,0,0,-0.0663798983075765,0
"C395",0.0377964473009227,0.0382488642625511,-0.0323237253230966,0,0,0.0143217506380508,0,0,0,0,0,0
"C396",0.0377964473009227,0.0314352804737776,9.3451882768075e-05,0,-0.0392794774626768,0,0,0,0,-0.0192481565914624,0,0
"C397",0.0377964473009227,-0.0340142583337209,0,0.00879927839973322,0,0,0.0904413043338929,0,0,0,0,0
"C398",0.0377964473009227,-0.00893967064140768,0,-0.0663543544424658,0,0,0,-0.150347382652453,0,0,0,0
"C399",0.0377964473009227,-0.0289126514574081,0,-0.0455405542451108,0,0,0,-0.0249566385486961,0,0,0,0
"C400",0.0377964473009227,0.0354142132280459,0.00770103317231985,0,-0.0777172847693715,0,0,0,0,-0.141600678104833,0,0
"C401",0.0377964473009227,0.0224816204278172,0.079818222244704,0,0.0168432665918714,0,0,0,0,0,0,0
"C402",0.0377964473009227,-0.0501977901530932,0,0.0607439492665385,0,0,0.0225155803597593,0,0,0,0,0
"C403",0.0377964473009227,-0.0446512795282632,0,0.0451085458051366,0,0,-0.0477952091450746,0,0,0,0,0
"C404",0.0377964473009227,0.0287451927905219,0.0115658064454012,0,-0.128059990496162,0,0,0,0,-0.0163439008144281,0,0
"C405",0.0377964473009227,0.0152389206657185,0.0422087817012962,0,0.115811498385138,0,0,0,0,0,0,0
"C406",0.0377964473009227,-0.0193880514235198,0,-0.0369589547719774,0,0,0,-0.0628769497535925,0,0,0,0
"C407",0.0377964473009227,-0.0430505501338089,0,0.00900270677995611,0,0,0.17943965613785,0,0,0,0,0
"C408",0.0377964473009227,-0.0577851553374324,0,0.0684942732179885,0,0,0.0289894683291747,0,0,0,0,0
"C409",0.0377964473009227,0.0459722469237503,-0.0479988117048369,0,0,-0.0752658156770252,0,0,0,0,0,0
"C410",0.0377964473009227,-0.00739115146123571,0,0.00150036799635233,0,0,0.0498763941465183,0,0,0,0,0
"C411",0.0377964473009227,0.0258911957336688,0.0717936194037164,0,0.0827314345915864,0,0,0,0,0,0,0
"C412",0.0377964473009227,0.0293462068466464,-0.0183998709532879,0,0,-0.0572529764045716,0,0,0,0,0,0
"C413",0.0377964473009227,-0.0186242163954856,0,-0.0407911267269452,0,0,0,0.0602239247571383,0,0,0.0612664840664378,0
"C414",0.0377964473009227,0.015951849521151,-0.0289041778967465,0,0,0.00391600032385897,0,0,0,0,0,0
"C415",0.0377964473009227,-0.0198803225799071,0,-0.0222910236450094,0,0,0,0.0685118299949965,0,0,0.0272491146730343,0
"C416",0.0377964473009227,0.0113141186366546,0.0312789921935293,0,-0.0911270114525113,0,0,0,0,0.00076623549068509,0,0
"C417",0.0377964473009227,-0.0533082051766437,0,0.0951242330418183,0,0,-0.00291441945757506,0,0,0,0,0
"C418",0.0377964473009227,0.0279741195174309,0.0779810483217538,0,0.0802436142895865,0,0,0,0,0,0,0
"C419",0.0377964473009227,0.0233759571684646,0.058816493558502,0,0.050175670532964,0,0,0,0,0,0,0
"C420",0.0377964473009227,-0.030000854716503,0,-0.031396363037525,0,0,0,0.096161093491867,0,0,0.104133692737239,0
"C421",0.0377964473009227,0.044809305396622,0.00414125344296687,0,0.0659821354074078,0,0,0,0,0,0,0
"C422",0.0377964473009227,-0.0295880679600183,0,0.00731643348768282,0,0,0.0389393361702705,0,0,0,0,0
"C423",0.0377964473009227,0.0224631528001888,0.068294371201777,0,0.0614449449141037,0,0,0,0,0,0,0
"C424",0.0377964473009227,-0.0233652791418983,0,-0.00685239288834293,0,0,0,0.219043138901803,0,0,0.0453398816002887,0
"C425",0.0377964473009227,-0.0442457344282261,0,0.0307734202155699,0,0,0.155787654028129,0,0,0,0,0
"C426",0.0377964473009227,-0.0105720390555617,0,0.00374786727212498,0,0,0.0109808751778198,0,0,0,0,0
"C427",0.0377964473009227,-0.00196498368843006,0,-0.131872404398287,0,0,0,-0.0706119366359056,0,0,0,0
"C428",0.0377964473009227,0.0436056362267956,-0.0209838075377116,0,0,0.0572890700188655,0,0,0,0,0,0
"C429",0.0377964473009227,-0.0149748926166927,0,-0.0775121246534208,0,0,0,0.130533720286137,0,0,-0.110177278552063,0
"C430",0.0377964473009227,-0.0478421782725909,0,0.0810245859204144,0,0,0.0714203280833728,0,0,0,0,0
"C431",0.0377964473009227,0.0779430590378424,-0.109896199247404,0,0,0.118817415458113,0,0,0,0,0,0
"C432",0.0377964473009227,-0.0534054878009007,0,0.0570670040661963,0,0,0.147321952064166,0,0,0,0,0
"C433",0.0377964473009227,-0.019114086866893,0,-0.0287131622281394,0,0,0,0.0501108326205321,0,0,0.0905693636275299,0
"C434",0.0377964473009227,-0.0524547928625208,0,0.0906105950739159,0,0,-0.0245411750071124,0,0,0,0,0
"C435",0.0377964473009227,-0.0598426919113719,0,0.0871437965846071,0,0,0.059033959998822,0,0,0,0,0
"C436",0.0377964473009227,-0.0199952371295011,0,-0.0250343774900956,0,0,0,0.0187713291491391,0,0,0.0626150336744009,0
"C437",0.0377964473009227,0.0791830904205043,-0.0839624141901884,0,0,0.00184307718428261,0,0,0,0,0,0
"C438",0.0377964473009227,-0.0178544626529089,0,0.0318757348054113,0,0,-0.00953258870438205,0,0,0,0,0
"C439",0.0377964473009227,-0.0189387005732399,0,-0.0190688716793963,0,0,0,0.0748170355416133,0,0,0.105172731401029,0
"C440",0.0377964473009227,-0.0375972094855466,0,-0.015540793935357,0,0,0,0.000998283028897707,0,0,-0.0692943073499391,0
"C441",0.0377964473009227,-0.00693226248380101,0,-0.00661430203242954,0,0,0,0.152317130876708,0,0,-0.0491932999108029,0
"C442",0.0377964473009227,-0.0167577887577794,0,-0.04038730889228,0,0,0,-0.00167897334092566,0,0,0,0
"C443",0.0377964473009227,-0.0472864802184426,0,0.0902633632619792,0,0,-0.0136290555145842,0,0,0,0,0
"C444",0.0377964473009227,-0.0126610108482981,0,0.00043553928197953,0,0,-0.0975443846902333,0,0,0,0,0
"C445",0.0377964473009227,0.0086763631418641,0.050337694462015,0,-0.0662886151779536,0,0,0,0,0.000295759689494057,0,0
"C446",0.0377964473009227,0.0207734040854606,0.0873247945788785,0,0.0240003082008887,0,0,0,0,0,0,0
"C447",0.0377964473009227,0.0175281617764643,0.0635113936035843,0,0.0276963450408463,0,0,0,0,0,0,0
"C448",0.0377964473009227,0.016464872344348,0.0477279996798667,0,0.00776442526420579,0,0,0,0,0,0,0
"C449",0.0377964473009227,0.0748394050397806,-0.119088995098001,0,0,0.194698313908474,0,0,0,0,0,0
"C450",0.0377964473009227,0.00150391957898397,0.0577297163958055,0,-0.0745553133314119,0,0,0,0,0.136591221206992,0,0
"C451",0.0377964473009227,-0.0554720416197459,0,0.0254486761337001,0,0,0.0305979971066859,0,0,0,0,0
"C452",0.0377964473009227,-0.00287408338449413,0,-0.0109222127099718,0,0,0,0.0552741018057058,0,0,-0.0384031413374201,0
"C453",0.0377964473009227,-0.000459806359333336,0,-0.0213130745751948,0,0,0,0.156407272950134,0,0,0.138405202609361,0
"C454",0.0377964473009227,0.0715024147666931,-0.0714075323137206,0,0,-0.00587595356655518,0,0,0,0,0,0
"C455",0.0377964473009227,-0.0545032596532983,0,0.0949060605437675,0,0,0.04229282459357,0,0,0,0,0
"C456",0.0377964473009227,-0.0568466835951045,0,0.0855911395558412,0,0,-0.000556721833757626,0,0,0,0,0
"C457",0.0377964473009227,-0.0096860672598971,0,-0.0325289139554143,0,0,0,-0.0546822128647255,0,0,0,0
"C458",0.0377964473009227,-0.043912947196331,0,0.00609946926795018,0,0,0.11754167423553,0,0,0,0,0
"C459",0.0377964473009227,0.00485378689359221,0.0488343850511477,0,-0.0549861767784923,0,0,0,0,0.0693409565495445,0,0
"C460",0.0377964473009227,-0.0350745034296655,0,-0.0373247769173402,0,0,0,0.0716010935260456,0,0,-0.156503889156548,0
"C461",0.0377964473009227,0.0284612166013149,0.0653107166855795,0,0.125377844847366,0,0,0,0,0,0,0
"C462",0.0377964473009227,-0.0177058045916608,0,-0.0419690742957973,0,0,0,0.0517248337269849,0,0,-0.0324698492849587,0
"C463",0.0377964473009227,0.0408290367951882,0.0360481039041107,0,-0.010343852363222,0,0,0,0,-0.0948731533380979,0,0
"C464",0.0377964473009227,0.0141553609629207,0.00460233172072505,0,0.00182298856730817,0,0,0,0,0,0,0
"C465",0.0377964473009227,-0.0113731428376562,0,-0.0342469655112168,0,0,0,-0.0147007924061543,0,0,0,0
"C466",0.0377964473009227,-0.0256950067994539,0,-0.00608286629468791,0,0,0,0.0547475471911166,0,0,0.0615730832900605,0
"C467",0.0377964473009227,-0.0186436867559132,0,-0.0158528202535825,0,0,0,0.0639374401730679,0,0,-0.0930416529512628,0
"C468",0.0377964473009227,0.0334210810246397,-0.000583472579457275,0,0,-0.120909800781205,0,0,0,0,0,0
"C469",0.0377964473009227,-0.0294470296078905,0,-0.00791374244109318,0,0,0,0.10890236680042,0,0,0.133661809246011,0
"C470",0.0377964473009227,0.0602718554524003,-0.0477120311145684,0,0,-0.0848224265006846,0,0,0,0,0,0
"C471",0.0377964473009227,0.00925932177956872,0.0134001187709773,0,-0.00442730765260782,0,0,0,0,-0.104147404087515,0,0
"C472",0.0377964473009227,-0.0250324058892665,0,0.00892964349171724,0,0,0.0347623713262552,0,0,0,0,0
"C473",0.0377964473009227,0.035236245293121,0.052438170647714,0,-0.021876234295777,0,0,0,0,-0.0021125974248392,0,0
"C474",0.0377964473009227,0.0266862183894179,-0.00508510872833181,0,0,-0.0405555108787791,0,0,0,0,0,0
"C475",0.0377964473009227,0.0352213299701247,-0.00943186876489661,0,0,-0.0631100836901122,0,0,0,0,0,0
"C476",0.0377964473009227,0.0248120265700119,-0.000721777704282357,0,0,-0.0866829585216578,0,0,0,0,0,0
"C477",0.0377964473009227,0.0481851297697595,-0.00614198781074846,0,0,0.0785465693463177,0,0,0,0,0,0
"C478",0.0377964473009227,0.0155533043037854,0.0642635464629099,0,0.00759431990176476,0,0,0,0,0,0,0
"C479",0.0377964473009227,-0.0136822362711989,0,-0.0398983606796368,0,0,0,-0.0386927553718432,0,0,0,0
"C480",0.0377964473009227,0.00401450068127613,0.02710811610682,0,-0.0724725237655379,0,0,0,0,0.00415514982541942,0,0
"C481",0.0377964473009227,-0.0604530138120372,0,0.112798853282519,0,0,-0.0202727762230362,0,0,0,0,0
"C482",0.0377964473009227,0.0352976725829845,-0.0167793139883648,0,0,-0.107678565098404,0,0,0,0,0,0
"C483",0.0377964473009227,-0.0543514808888937,0,0.109050596113959,0,0,-0.0801448195604188,0,0,0,0,0
"C484",0.0377964473009227,0.0143091083713973,0.0519554139134719,0,-0.0626682129948652,0,0,0,0,0.109056650209719,0,0
"C485",0.0377964473009227,0.0700791066711395,-0.0802351585895647,0,0,-0.0313844256577749,0,0,0,0,0,0
"C486",0.0377964473009227,-0.0569421655477136,0,0.112792533939988,0,0,-0.00464372878822938,0,0,0,0,0
"C487",0.0377964473009227,-0.025185674463238,0,-0.0131130087606583,0,0,0,0.0117317662843998,0,0,-0.0322882202852256,0
"C488",0.0377964473009227,0.0767045514643612,-0.106212582989261,0,0,0.0684134143434663,0,0,0,0,0,0
"C489",0.0377964473009227,0.069729369971092,-0.0746423429370144,0,0,0.055322276450307,0,0,0,0,0,0
"C490",0.0377964473009227,-0.0289864963189391,0,-0.00634631482526969,0,0,0,0.0220502821391389,0,0,-0.0627786162347332,0
"C491",0.0377964473009227,-0.0560615243894733,0,0.0775466411911164,0,0,0.0441366888118539,0,0,0,0,0
"C492",0.0377964473009227,-0.0410750719775684,0,0.0292776965154202,0,0,0.162397305379794,0,0,0,0,0
"C493",0.0377964473009227,0.040191931444827,-0.0129993421108687,0,0,-0.0486209241852717,0,0,0,0,0,0
"C494",0.0377964473009227,0.0138313478095186,0.0237423357277306,0,-0.0127726945416981,0,0,0,0,0.247182213013254,0,0
"C495",0.0377964473009227,-0.00768556261865777,0,-0.00582210653737034,0,0,0,0.00339916197232989,0,0,-0.0628284495225794,0
"C496",0.0377964473009227,-0.0531992467793653,0,0.0661599710797757,0,0,0.101708713535002,0,0,0,0,0
"C497",0.0377964473009227,-0.0544873182045118,0,0.152786271608424,0,0,-0.121027919262417,0,0,0,0,0
"C498",0.0377964473009227,0.0510442931896367,-0.0262226079674394,0,0,0.00459721108570554,0,0,0,0,0,0
"C499",0.0377964473009227,0.0244138233867994,0.0721643394169486,0,0.0078327075678398,0,0,0,0,0,0,0
"C500",0.0377964473009227,0.00710033859389521,0.0327120977977724,0,-0.0798074348650553,0,0,0,0,-0.00155837093674781,0,0
"C501",0.0377964473009227,0.0288397336920057,0.0862677813247905,0,0.0410355504529862,0,0,0,0,0,0,0
"C502",0.0377964473009227,-0.0180236867213022,0,-0.018067547142393,0,0,0,0.0451620823301004,0,0,-0.109146677336912,0
"C503",0.0377964473009227,0.0474878809090105,-0.015942437051101,0,0,0.00347685011760394,0,0,0,0,0,0
"C504",0.0377964473009227,0.0734930510066967,-0.0754164742978831,0,0,0.0230567464689783,0,0,0,0,0,0
"C505",0.0377964473009227,0.0228203833910177,0.0865286948221402,0,0.0618819166853567,0,0,0,0,0,0,0
"C506",0.0377964473009227,0.00606112835175985,0.0516061354301404,0,0.0438344585969724,0,0,0,0,0,0,0
"C507",0.0377964473009227,0.0322202386374937,0.0554279280804406,0,0.145501677192829,0,0,0,0,0,0,0
"C508",0.0377964473009227,0.0462085840652325,0.0230741804233648,0,-0.106649638449551,0,0,0,0,-0.136667033641568,0,0
"C509",0.0377964473009227,0.0243407018707439,0.0163465075655678,0,-0.0513868747662363,0,0,0,0,0.0221025747946539,0,0
"C510",0.0377964473009227,-0.0237008878578994,0,-0.0146076073998261,0,0,0,0.0716773547122163,0,0,-0.0640257260175255,0
"C511",0.0377964473009227,0.0142070981197777,0.0565204673892131,0,-0.0103519640012932,0,0,0,0,0.00258048016441574,0,0
"C512",0.0377964473009227,-0.0571078672200543,0,0.0822177468258921,0,0,0.0216282755421859,0,0,0,0,0
"C513",0.0377964473009227,-0.0216220851910614,0,-0.0479982405013513,0,0,0,-0.0432092267358666,0,0,0,0
"C514",0.0377964473009227,0.00735796084530066,0.0594570396848361,0,0.0205419729822568,0,0,0,0,0,0,0
"C515",0.0377964473009227,0.0231406189211291,0.0981053232869381,0,-0.0815638558963648,0,0,0,0,-0.151473339776585,0,0
"C516",0.0377964473009227,0.0536716587441012,-0.00857713207926008,0,0,-0.0476325201027146,0,0,0,0,0,0
"C517",0.0377964473009227,0.0268344225633338,0.0624589271069424,0,0.0550068219600958,0,0,0,0,0,0,0
"C518",0.0377964473009227,0.0223361942431866,-0.006042772139448,0,0,-0.0909294477510363,0,0,0,0,0,0
"C519",0.0377964473009227,0.027492342501392,0.0392068898609059,0,0.125668828618172,0,0,0,0,0,0,0
"C520",0.0377964473009227,-0.0225505935966444,0,-0.00907851442802182,0,0,0,0.00816151971301952,0,0,-0.0643526548252918,0
"C521",0.0377964473009227,-0.0298424054781533,0,0.0295566525040296,0,0,0.0375318576442355,0,0,0,0,0
"C522",0.0377964473009227,-0.0423357582566622,0,0.0340664514602135,0,0,0.00525689118380623,0,0,0,0,0
"C523",0.0377964473009227,-0.000132786878874153,0,-0.0429423467084362,0,0,0,0.0120752565462184,0,0,0.087207256530529,0
"C524",0.0377964473009227,-0.0416862759649255,0,0.00483471232760517,0,0,-0.075093412894674,0,0,0,0,0
"C525",0.0377964473009227,-0.043605240971378,0,0.0369918042407969,0,0,0.148222674892018,0,0,0,0,0
"C526",0.0377964473009227,-0.012348239774186,0,-0.0747633924301831,0,0,0,0.0405907032456336,0,0,-0.0779611044587492,0
"C527",0.0377964473009227,0.025773605893251,0.0711928939897874,0,0.0519418134540473,0,0,0,0,0,0,0
"C528",0.0377964473009227,0.0777760476690755,-0.109574561425754,0,0,0.0546998458720439,0,0,0,0,0,0
"C529",0.0377964473009227,0.055502145574835,-0.0491221358579677,0,0,0.00525930568594094,0,0,0,0,0,0
"C530",0.0377964473009227,0.013267144898894,0.0676509524795938,0,0.000555646586712218,0,0,0,0,0,0,0
"C531",0.0377964473009227,-0.0261584900246141,0,-0.017429704640395,0,0,0,0.0649911844559077,0,0,0.0556702707305456,0
"C532",0.0377964473009227,-0.0485159980427985,0,0.0518889005881975,0,0,0.0563020347752681,0,0,0,0,0
"C533",0.0377964473009227,-0.0575357616781923,0,0.074929602965066,0,0,-0.000861850590632388,0,0,0,0,0
"C534",0.0377964473009227,0.0317011793469155,0.00550273439676513,0,-0.0901485909133331,0,0,0,0,0.0418426732013824,0,0
"C535",0.0377964473009227,0.0697600193288309,-0.0504259950991925,0,0,0.0128319913487325,0,0,0,0,0,0
"C536",0.0377964473009227,0.0762115771173247,-0.107790447696741,0,0,0.117317561704373,0,0,0,0,0,0
"C537",0.0377964473009227,-0.0474044046815928,0,0.0616262125619929,0,0,-0.0560419234742394,0,0,0,0,0
"C538",0.0377964473009227,0.0784825444495513,-0.102550727490877,0,0,0.086075502597756,0,0,0,0,0,0
"C539",0.0377964473009227,0.0358151409834143,-0.0357899902138089,0,0,-0.0437683359801087,0,0,0,0,0,0
"C540",0.0377964473009227,0.00139995243313798,0.000655024994841498,0,0.0337627126667092,0,0,0,0,0,0,0
"C541",0.0377964473009227,-0.0207546091762458,0,-0.0101105930894824,0,0,0,0.0388917463865826,0,0,-0.229451807773271,0
"C542",0.0377964473009227,-0.0111113531918543,0,-0.0371600502150973,0,0,0,0.037107324601219,0,0,0.109369533759573,0
"C543",0.0377964473009227,0.00317392302093907,0.0256149367419226,0,-0.100828774911889,0,0,0,0,-0.140381229028119,0,0
"C544",0.0377964473009227,0.0317339876042226,-0.0209508200639083,0,0,-0.0600120804910497,0,0,0,0,0,0
"C545",0.0377964473009227,-0.0218169768516498,0,-0.0233133604217454,0,0,0,0.0187910546714449,0,0,0.194683280306454,0
"C546",0.0377964473009227,-0.0111558794643853,0,-0.0251202740518505,0,0,0,0.0337767603687521,0,0,0.117862063940977,0
"C547",0.0377964473009227,-0.0181791173456754,0,-0.00893216868534415,0,0,0,0.146988543704039,0,0,0.0573830236610911,0
"C548",0.0377964473009227,0.00484674301988422,0.0647059810968004,0,-0.0451641449917227,0,0,0,0,0.00519078492525648,0,0
"C549",0.0377964473009227,0.013907101317424,0.065824885740735,0,0.0407565959365827,0,0,0,0,0,0,0
"C550",0.0377964473009227,-0.00565094390365137,0,-0.047110962196822,0,0,0,-0.133284332004919,0,0,0,0
"C551",0.0377964473009227,-0.00679995368746819,0,-0.0457368621986801,0,0,0,-0.123515322115255,0,0,0,0
"C552",0.0377964473009227,0.00771982684679579,0.0140260293629578,0,-0.0179005584492491,0,0,0,0,0.167174209746296,0,0
"C553",0.0377964473009227,-0.0396889900176685,0,0.048928210665417,0,0,0.0906185751361224,0,0,0,0,0
"C554",0.0377964473009227,-0.0492860024769187,0,0.0696199660160396,0,0,0.0621094154568077,0,0,0,0,0
"C555",0.0377964473009227,-0.0581198312688479,0,0.0797656311915846,0,0,-0.0173745834036429,0,0,0,0,0
"C556",0.0377964473009227,-0.0154002374224755,0,-0.0851102779480154,0,0,0,0.0566742363836865,0,0,0.0764857007342511,0
"C557",0.0377964473009227,-0.0235746625728266,0,-0.0226866750489374,0,0,0,-0.0122564755865524,0,0,0,0
"C558",0.0377964473009227,-0.0470983367580506,0,0.0805210817420759,0,0,-0.0685557450684442,0,0,0,0,0
"C559",0.0377964473009227,-0.000498919969719893,0,-0.0117205107933041,0,0,0,-0.100953376981255,0,0,0,0
"C560",0.0377964473009227,-0.0184974983831068,0,-0.0252157016170707,0,0,0,0.00181627056328267,0,0,-0.108094820951963,0
"C561",0.0377964473009227,0.0242729028993256,0.0563350515865937,0,-0.0370247731918825,0,0,0,0,0.00273291060537418,0,0
"C562",0.0377964473009227,-0.0328485629782556,0,0.000501060863348956,0,0,0.0146124655447319,0,0,0,0,0
"C563",0.0377964473009227,0.0140704414279856,0.0237519218239711,0,-0.028327037389983,0,0,0,0,0.00931463668238595,0,0
"C564",0.0377964473009227,0.0103388295157423,0.0367938344987678,0,0.0379586364143563,0,0,0,0,0,0,0
"C565",0.0377964473009227,0.0138345610790694,0.0265194528296367,0,-0.143842056850936,0,0,0,0,-0.111176236360567,0,0
"C566",0.0377964473009227,-0.0175546814715194,0,-0.0343879221457862,0,0,0,-0.0769215353247982,0,0,0,0
"C567",0.0377964473009227,-0.055562330938257,0,0.0653449008728539,0,0,-0.0762219829791709,0,0,0,0,0
"C568",0.0377964473009227,-0.0178793338239825,0,-0.0281451475906851,0,0,0,0.0340040267254612,0,0,0.0667362123440221,0
"C569",0.0377964473009227,0.0309478862348447,0.0825953343828467,0,0.0705273156872315,0,0,0,0,0,0,0
"C570",0.0377964473009227,-0.043939368140979,0,0.0166276483454624,0,0,-0.0039688796834121,0,0,0,0,0
"C571",0.0377964473009227,0.0558423900106543,-0.0517354750743008,0,0,0.00138901410132081,0,0,0,0,0,0
"C572",0.0377964473009227,-0.0161259464713419,0,-0.0101394556079595,0,0,0,0.0649099595110062,0,0,0.0246488141712066,0
"C573",0.0377964473009227,0.00241871699301631,0.0435846458643954,0,-0.00814864551871579,0,0,0,0,0.00554104536221125,0,0
"C574",0.0377964473009227,-0.0505269862094147,0,0.0858358527784833,0,0,-0.0708985843040379,0,0,0,0,0
"C575",0.0377964473009227,-0.0172717115409942,0,-0.0472184542236597,0,0,0,0.0670938997044219,0,0,0.0384185381302235,0
"C576",0.0377964473009227,-0.000184553390461207,0,0.0222809680708444,0,0,0.0708578381751315,0,0,0,0,0
"C577",0.0377964473009227,0.000160656860697637,0.0275373856552634,0,-0.0873781054097174,0,0,0,0,0.00314192520907991,0,0
"C578",0.0377964473009227,0.0339964113877751,0.0037802855583807,0,-0.0626308622438304,0,0,0,0,0.00846863788931023,0,0
"C579",0.0377964473009227,0.0022036069404957,0.00010881385902493,0,-0.0135006035036288,0,0,0,0,0.144387267863606,0,0
"C580",0.0377964473009227,-0.04891513297089,0,0.0260487092750107,0,0,0.101516282755671,0,0,0,0,0
"C581",0.0377964473009227,0.0125127784601631,0.0187669845178148,0,-0.0290974480383543,0,0,0,0,-0.0198240482963051,0,0
"C582",0.0377964473009227,0.0056882746233867,0.0155835887514561,0,-0.00241002625506186,0,0,0,0,-0.0814160284808777,0,0
"C583",0.0377964473009227,0.0482555133332602,-0.0478546014455232,0,0,0.0281222189420305,0,0,0,0,0,0
"C584",0.0377964473009227,-0.0192690035954279,0,-0.0298826484631318,0,0,0,-0.0384686758926594,0,0,0,0
"C585",0.0377964473009227,0.00751725543664653,0.0714410961273499,0,-0.0212065980600766,0,0,0,0,-0.111748022656346,0,0
"C586",0.0377964473009227,0.032354421162165,-0.00601810493838996,0,0,-0.139329166407293,0,0,0,0,0,0
"C587",0.0377964473009227,-0.02259006448808,0,-0.0454708200626108,0,0,0,-0.0217612702546349,0,0,0,0
"C588",0.0377964473009227,0.022175116754336,0.0651216558259819,0,0.0560269516827827,0,0,0,0,0,0,0
"C589",0.0377964473009227,-0.0179064023954613,0,-0.00533891862970346,0,0,0,0.00840274292740178,0,0,-0.097384042193415,0
"C590",0.0377964473009227,0.033400693229783,0.0734956433950049,0,0.0605690668737192,0,0,0,0,0,0,0
"C591",0.0377964473009227,0.0498279231936148,0.0108466991554322,0,-0.0714495408429277,0,0,0,0,0.00650442519686788,0,0
"C592",0.0377964473009227,-0.0444485746815865,0,0.0912528375659107,0,0,-0.221557867468179,0,0,0,0,0
"C593",0.0377964473009227,-0.0211470130216967,0,-0.0441317503145097,0,0,0,0.0909761654276404,0,0,-0.0982572809377922,0
"C594",0.0377964473009227,-0.0181021221373937,0,-0.0013295920573013,0,0,0,0.0399513839813803,0,0,-0.081347713914866,0
"C595",0.0377964473009227,-0.0170835875837295,0,-0.0607524887753806,0,0,0,-0.0222837615929827,0,0,0,0
"C596",0.0377964473009227,-0.0235274392866364,0,0.0225100258518466,0,0,-0.100589800886619,0,0,0,0,0
"C597",0.0377964473009227,0.00340474859627616,0.025037783417553,0,-0.0368584768229783,0,0,0,0,-0.117027141971955,0,0
"C598",0.0377964473009227,0.0204834811809519,0.0190986923369036,0,-0.045014193636567,0,0,0,0,-0.0102023073084352,0,0
"C599",0.0377964473009227,-0.023583459111755,0,-0.00618450434446704,0,0,0,0.0356341827930989,0,0,-0.013195707627118,0
"C600",0.0377964473009227,0.0799536139576583,-0.116984277767652,0,0,0.176807605374416,0,0,0,0,0,0
"C601",0.0377964473009227,-0.00721014728169639,0,-0.0443266406838792,0,0,0,-0.136534719078783,0,0,0,0
"C602",0.0377964473009227,0.0192986142994325,0.0461778006449638,0,0.0180573600047854,0,0,0,0,0,0,0
"C603",0.0377964473009227,-0.00866227353130065,0,-0.0184172365221032,0,0,0,-0.00111766865400272,0,0,0,0
"C604",0.0377964473009227,-0.0207631354374104,0,-0.0131086690998911,0,0,0,0.0432859862740982,0,0,0.0213842814045167,0
"C605",0.0377964473009227,0.0450348452443384,-0.0264521320058919,0,0,0.0526164536409464,0,0,0,0,0,0
"C606",0.0377964473009227,0.052992818461254,-0.00458997744366043,0,0,0.0369845634999989,0,0,0,0,0,0
"C607",0.0377964473009227,-0.0191740584837615,0,0.00654903296628671,0,0,-0.010423766936887,0,0,0,0,0
"C608",0.0377964473009227,-0.0432855119188368,0,0.0429877685536509,0,0,0.0534672325416343,0,0,0,0,0
"C609",0.0377964473009227,0.0498403321436632,-0.0115703519969021,0,0,0.0134834947301403,0,0,0,0,0,0
"C610",0.0377964473009227,-0.00738459067821339,0,-0.061161065785773,0,0,0,-0.118468267918678,0,0,0,0
"C611",0.0377964473009227,0.0818544437452162,-0.106203279311836,0,0,0.0481198933612047,0,0,0,0,0,0
"C612",0.0377964473009227,0.0242558886366731,0.00269710160387764,0,-0.0158697505802826,0,0,0,0,-0.106732197004667,0,0
"C613",0.0377964473009227,-0.0408680627990529,0,0.0233144111834912,0,0,-0.0733742547615981,0,0,0,0,0
"C614",0.0377964473009227,0.0125628859752329,0.00488863608933316,0,-0.0361022800774023,0,0,0,0,0.291046607683968,0,0
"C615",0.0377964473009227,-0.0492545784543633,0,0.0414471575655881,0,0,0.0564603180603379,0,0,0,0,0
"C616",0.0377964473009227,-0.024977687710415,0,-0.000800651293860043,0,0,0,0.0423038513247962,0,0,0.109569855043903,0
"C617",0.0377964473009227,0.075623178502037,-0.076855765689265,0,0,0.0399858064855934,0,0,0,0,0,0
"C618",0.0377964473009227,-0.0396208329332894,0,0.0404270581712726,0,0,-0.0107380123071206,0,0,0,0,0
"C619",0.0377964473009227,-0.0469004245070184,0,0.0369293621045071,0,0,0.105280157500853,0,0,0,0,0
"C620",0.0377964473009227,-0.0186746856087697,0,-0.00425924376780618,0,0,0,0.0102406939446782,0,0,-0.108322451745976,0
"C621",0.0377964473009227,-0.0617971754888941,0,0.0987147006548964,0,0,-0.0324607063817955,0,0,0,0,0
"C622",0.0377964473009227,0.0231107934869983,0.0690599291194186,0,0.0230447917921256,0,0,0,0,0,0,0
"C623",0.0377964473009227,-0.0184159587174915,0,-0.0691845628919789,0,0,0,0.0360256416818646,0,0,-0.0406959730832526,0
"C624",0.0377964473009227,-0.0477913759364842,0,0.039376263380154,0,0,0.0488334209587631,0,0,0,0,0
"C625",0.0377964473009227,0.0470525395088476,-0.0517893591539223,0,0,-0.0238683549013894,0,0,0,0,0,0
"C626",0.0377964473009227,-0.0213435905827571,0,-0.0473496644910627,0,0,0,-0.0455958523653218,0,0,0,0
"C627",0.0377964473009227,0.0768273112909764,-0.110159500295554,0,0,0.148478096863097,0,0,0,0,0,0
"C628",0.0377964473009227,-0.0563369130879255,0,0.0856404755282495,0,0,0.0447477221610117,0,0,0,0,0
"C629",0.0377964473009227,-0.0279939633846141,0,-0.0285990121699556,0,0,0,0.0157197600917555,0,0,0.00828768633062105,0
"C630",0.0377964473009227,-0.0439803482528599,0,0.0249139211997123,0,0,0.0073635387963683,0,0,0,0,0
"C631",0.0377964473009227,-0.0366304387231292,0,0.0331869493100596,0,0,-0.0116647690585731,0,0,0,0,0
"C632",0.0377964473009227,-0.0265286383377707,0,0.0118318906660407,0,0,0.139835607260648,0,0,0,0,0
"C633",0.0377964473009227,0.0320748899503878,0.0216886100442504,0,-0.178524056403989,0,0,0,0,-0.148355061079563,0,0
"C634",0.0377964473009227,0.0550542456684913,-0.00804809346320617,0,0,0.0540406997441542,0,0,0,0,0,0
"C635",0.0377964473009227,0.0226108734174765,0.0138620471893269,0,-0.0534161472810598,0,0,0,0,0.00729499650914883,0,0
"C636",0.0377964473009227,0.00746580989883953,0.00299715494229763,0,-0.174669342514989,0,0,0,0,0.482993017548472,0,0
"C637",0.0377964473009227,0.0452540914979483,-0.0198089563945488,0,0,0.109420579270518,0,0,0,0,0,0
"C638",0.0377964473009227,0.0554113527380564,-0.00659819292971406,0,0,-0.0590478560901532,0,0,0,0,0,0
"C639",0.0377964473009227,-0.0201987979763005,0,-0.00211470926032298,0,0,0,0.0312159343987725,0,0,0.18022464708482,0
"C640",0.0377964473009227,-0.019700688144204,0,-0.0132817522964737,0,0,0,0.0120060423246536,0,0,-0.044797360910205,0
"C641",0.0377964473009227,-0.0123980016263446,0,-0.0196173828097896,0,0,0,0.134966728795348,0,0,-0.0230680140087331,0
"C642",0.0377964473009227,0.0285336757995423,0.0757821241267224,0,0.0645777069640083,0,0,0,0,0,0,0
"C643",0.0377964473009227,0.0358893474152787,0.0337068452986432,0,0.0263901614825836,0,0,0,0,0,0,0
"C644",0.0377964473009227,0.00765173737758171,0.0207870612694856,0,-0.0566307351843018,0,0,0,0,0.110317008016729,0,0
"C645",0.0377964473009227,0.0429840941984137,0.0250315915253597,0,-0.0277120687083641,0,0,0,0,-0.000950452573943651,0,0
"C646",0.0377964473009227,0.0794377449034954,-0.117793479247989,0,0,0.198929215546975,0,0,0,0,0,0
"C647",0.0377964473009227,-0.00332858095187435,0,-0.0265309031793231,0,0,0,0.0787375970793628,0,0,0.163730916554833,0
"C648",0.0377964473009227,-0.0212268758721017,0,-0.0453909589214529,0,0,0,0.0439010778567987,0,0,-0.0564428611258509,0
"C649",0.0377964473009227,0.0291281432870711,0.0911366136277343,0,0.0349996752468635,0,0,0,0,0,0,0
"C650",0.0377964473009227,-0.0508386885667461,0,0.0756005331675648,0,0,0.00676941311952043,0,0,0,0,0
"C651",0.0377964473009227,0.081229196120022,-0.100923607080009,0,0,0.152910648645756,0,0,0,0,0,0
"C652",0.0377964473009227,0.0264105766962094,-0.014178085243864,0,0,-0.214692276897464,0,0,0,0,0,0
"C653",0.0377964473009227,-0.0153236544965351,0,0.00772425333885902,0,0,0.0463053781380509,0,0,0,0,0
"C654",0.0377964473009227,0.0252283838124093,0.0927083355878142,0,0.00245019141921694,0,0,0,0,0,0,0
"C655",0.0377964473009227,0.037514380003329,0.0165719995743326,0,-0.00654006168379876,0,0,0,0,-0.0100575196551356,0,0
"C656",0.0377964473009227,0.0631740699179676,-0.0409961366885882,0,0,-0.0260322751368194,0,0,0,0,0,0
"C657",0.0377964473009227,-0.0145298680832153,0,-0.0565157817280362,0,0,0,-0.1450935554104,0,0,0,0
"C658",0.0377964473009227,-0.0216448010186606,0,-0.0561677224905006,0,0,0,0.116301278481891,0,0,-0.00399902334537203,0
"C659",0.0377964473009227,0.023534049537161,0.0767743790022502,0,0.105764334346958,0,0,0,0,0,0,0
"C660",0.0377964473009227,-0.0510778464550105,0,0.0304439124339816,0,0,-0.0325863840614,0,0,0,0,0
"C661",0.0377964473009227,0.0536553266780572,-0.0232362658037669,0,0,-0.0199830699093288,0,0,0,0,0,0
"C662",0.0377964473009227,0.00490552996598793,0.030750956180342,0,-0.109027691663657,0,0,0,0,-0.00636216775876947,0,0
"C663",0.0377964473009227,0.0208260065349946,0.072421268998314,0,0.0118887269985017,0,0,0,0,0,0,0
"C664",0.0377964473009227,-0.00313368172272967,0,-0.00591649299190481,0,0,0,-0.0123362498651411,0,0,0,0
"C665",0.0377964473009227,-0.0014856433736171,0,-0.0754800790027254,0,0,0,0.0462237097524161,0,0,-0.0110322661166429,0
"C666",0.0377964473009227,-0.0237612926482934,0,0.00920228011261646,0,0,0.00801542950017797,0,0,0,0,0
"C667",0.0377964473009227,-0.0414491998701304,0,0.0210648486231392,0,0,0.117967145494772,0,0,0,0,0
"C668",0.0377964473009227,0.0216981613659252,0.00637211779544393,0,-0.0861624998600206,0,0,0,0,-0.113223946904006,0,0
"C669",0.0377964473009227,0.00070812124024914,0.0551122900592793,0,-0.0190883016898949,0,0,0,0,0.0920346022009931,0,0
"C670",0.0377964473009227,0.0258827969917159,0.0882095957923155,0,0.0593285035921676,0,0,0,0,0,0,0
"C671",0.0377964473009227,-0.01634512633458,0,-0.0137653760132181,0,0,0,-0.0252856979920626,0,0,0,0
"C672",0.0377964473009227,0.00677534301062577,0.0571415129496472,0,-0.0390079764022401,0,0,0,0,0.0172363082715456,0,0
"C673",0.0377964473009227,0.0737911389619866,-0.0997657754074342,0,0,0.125747950654263,0,0,0,0,0,0
"C674",0.0377964473009227,-0.0520279062731694,0,0.0820380866352393,0,0,0.0656003505962753,0,0,0,0,0
"C675",0.0377964473009227,-0.0558445289274028,0,0.0592729346339902,0,0,-0.0155006066132884,0,0,0,0,0
"C676",0.0377964473009227,0.0136463041544649,0.0580828468502665,0,0.0611719388131189,0,0,0,0,0,0,0
"C677",0.0377964473009227,-0.0192159965953604,0,-0.0218104279484431,0,0,0,0.0295342559719695,0,0,-0.0473222552012532,0
"C678",0.0377964473009227,0.00518083684259607,0.0280341911306119,0,-0.0391934539547547,0,0,0,0,-0.200622283217167,0,0
"C679",0.0377964473009227,-0.0504711357347965,0,0.0970178614099724,0,0,0.0479504939990585,0,0,0,0,0
"C680",0.0377964473009227,-0.0165664338890218,0,-0.0158655283781284,0,0,0,0.0419037826991704,0,0,0.185321324758023,0
"C681",0.0377964473009227,0.0203984793972643,0.0748186951810618,0,0.0745348416840193,0,0,0,0,0,0,0
"C682",0.0377964473009227,-0.0172638122243695,0,-0.0181905900334796,0,0,0,0.0979541463968593,0,0,-0.00712231964040897,0
"C683",0.0377964473009227,-0.0447698197708025,0,0.01023478109585,0,0,-0.0184689543217952,0,0,0,0,0
"C684",0.0377964473009227,0.0659076476924905,-0.0867915178131827,0,0,0.0615104193880035,0,0,0,0,0,0
"C685",0.0377964473009227,0.0553847800153974,-0.0415498844856961,0,0,-0.104878535350929,0,0,0,0,0,0
"C686",0.0377964473009227,0.0473056983627292,0.0314925887416836,0,-0.0661350752018852,0,0,0,0,0.000592045299395079,0,0
"C687",0.0377964473009227,-0.0204400560312079,0,-0.0462857248189728,0,0,0,-0.0313158040885851,0,0,0,0
"C688",0.0377964473009227,-0.0366923519862848,0,0.0383456961054586,0,0,-0.00287051139243355,0,0,0,0,0
"C689",0.0377964473009227,-0.0362125580024289,0,0.0216587548892033,0,0,0.0358631958813528,0,0,0,0,0
"C690",0.0377964473009227,-0.0349803897945094,0,0.00451869681094132,0,0,0.0399954086319379,0,0,0,0,0
"C691",0.0377964473009227,-0.055670247023766,0,0.124220465070662,0,0,-0.0239767454889719,0,0,0,0,0
"C692",0.0377964473009227,0.0273547128859662,0.00934174444762946,0,0.00529795608827873,0,0,0,0,0,0,0
"C693",0.0377964473009227,-0.0103419182999593,0,-0.0624481825620371,0,0,0,0.0125827988156419,0,0,0.157845731093979,0
"C694",0.0377964473009227,-0.0115882697275675,0,-0.00265161512684444,0,0,0,-0.0746898165212315,0,0,0,0
"C695",0.0377964473009227,0.0478568556463356,-0.0408385586431279,0,0,-0.035280424272486,0,0,0,0,0,0
"C696",0.0377964473009227,-0.0485423946526305,0,0.0324656738739705,0,0,0.090548726809605,0,0,0,0,0
"C697",0.0377964473009227,0.0432445996208793,-0.0218081428275173,0,0,-0.0661192868807401,0,0,0,0,0,0
"C698",0.0377964473009227,0.00974536259799466,0.036478374552123,0,0.0761121023845035,0,0,0,0,0,0,0
"C699",0.0377964473009227,-0.051057400642098,0,0.0942837221977756,0,0,-0.0416173352193833,0,0,0,0,0
"C700",0.0377964473009227,-0.0499097785719038,0,0.0212961658677265,0,0,-0.0393203481156334,0,0,0,0,0
