"V1","V2","V3","V4","V5","V6"
"C1",0.0377964473009227,-0.0622644446556375,0,0.111644264185192,-0.000782885497804977,0
"C2",0.0377964473009227,0.0170314583673401,0.0375716548337705,0,0,0
"C3",0.0377964473009227,0.0163890796917966,0.0481421711039744,0,0,0
"C4",0.0377964473009227,0.013973953814838,0.0418490266194348,0,0,0
"C5",0.0377964473009227,-0.00141287168621514,0,-0.0354021656070102,0,0.0146515255661153
"C6",0.0377964473009227,0.0141433188879453,0.0463873737560565,0,0,0
"C7",0.0377964473009227,-0.0623184795582637,0,0.147301224396548,0.000951634159178662,0
"C8",0.0377964473009227,-0.0294998070264079,0,-0.00793088820781052,0,0.11246436280506
"C9",0.0377964473009227,-0.029434201869317,0,-0.0109329404688676,0,0.115601506349312
"C10",0.0377964473009227,0.0512279725887519,-0.0284162440119728,0,0,0
"C11",0.0377964473009227,0.0392110606483401,-0.00649561621961557,0,0,0
"C12",0.0377964473009227,0.0259676557705145,0.0297110122075528,0,0,0
"C13",0.0377964473009227,-0.0268156653862502,0,-0.0155913972703438,0,0.0719113563155563
"C14",0.0377964473009227,-0.00710089420239338,0,-0.0377177066356974,0,-0.0608866233990972
"C15",0.0377964473009227,-0.0388847603864797,0,-0.00567840786512132,0,-0.0677231420857991
"C16",0.0377964473009227,0.0533813472202058,-0.0318244396344552,0,0,0
"C17",0.0377964473009227,-0.0144127383420841,0,-0.0290590217519473,0,0.0712550009397284
"C18",0.0377964473009227,0.00235244093207724,0.0393879656868521,0,0,0
"C19",0.0377964473009227,0.027296536029545,0.0221605864229484,0,0,0
"C20",0.0377964473009227,-0.0313522326063567,0,-0.0140820398230801,0,0.119101771063855
"C21",0.0377964473009227,0.0538090628426907,-0.0507895861326164,0,0,0
"C22",0.0377964473009227,0.014928656079823,0.0388394073128779,0,0,0
"C23",0.0377964473009227,0.0597057602023423,-0.0537556073341833,0,0,0
"C24",0.0377964473009227,-0.0654071875430866,0,0.0614619023564449,0.0106086189269241,0
"C25",0.0377964473009227,0.0158063747885033,0.037846532922581,0,0,0
"C26",0.0377964473009227,0.0477099930597094,-0.0175712587614672,0,0,0
"C27",0.0377964473009227,-0.0261693098242958,0,-0.0323413625506774,0,-0.0598284137537601
"C28",0.0377964473009227,-0.0200696736892392,0,-0.00951245204917269,0,0.0949924254314899
"C29",0.0377964473009227,-0.00341364174784079,0,-0.043510820412884,0,-0.0396490850264504
"C30",0.0377964473009227,0.0696928275059938,-0.114572827777683,0,0,0
"C31",0.0377964473009227,0.0642244552246336,-0.0948681762570611,0,0,0
"C32",0.0377964473009227,-0.0213709138951486,0,-0.0431649115590259,0,-0.0361612555040382
"C33",0.0377964473009227,-0.00668360349866328,0,-0.0483398543775736,0,0.0253459402058251
"C34",0.0377964473009227,0.0205176481043143,0.0400711113493163,0,0,0
"C35",0.0377964473009227,-0.0268367218766809,0,-0.042787652445192,0,-0.0129020413788848
"C36",0.0377964473009227,0.034379677776269,0.00167832885638055,0,0,0
"C37",0.0377964473009227,-0.0148741301562906,0,-0.0285593093058586,0,0.0516981305158738
"C38",0.0377964473009227,-0.0601538059874061,0,0.145404930254394,-0.00418006589688613,0
"C39",0.0377964473009227,0.0150766987198718,0.0422933022253407,0,0,0
"C40",0.0377964473009227,0.0116341885826034,0.0422309242861497,0,0,0
"C41",0.0377964473009227,-0.0323547115270844,0,-0.0202327728560075,0,-0.0140196266411866
"C42",0.0377964473009227,-0.049230228231101,0,0.0199165836350825,0.198239897516394,0
"C43",0.0377964473009227,0.00716487872435107,0.054155260354902,0,0,0
"C44",0.0377964473009227,-0.022876395341782,0,-0.0390454098546989,0,-0.04752544542595
"C45",0.0377964473009227,0.0170165836456504,0.0395444764315659,0,0,0
"C46",0.0377964473009227,-0.0315817537577294,0,-0.0191429270777968,0,0.102726106939431
"C47",0.0377964473009227,0.0107879911510224,0.0435224816440379,0,0,0
"C48",0.0377964473009227,0.0552930865242814,-0.052941632841211,0,0,0
"C49",0.0377964473009227,-0.0137622187990066,0,-0.0439355362727834,0,-0.0503106269701613
"C50",0.0377964473009227,0.0168709851028031,0.044107817941541,0,0,0
"C51",0.0377964473009227,0.00186024737783419,0.0548580818905731,0,0,0
"C52",0.0377964473009227,0.00277546967922225,0.0475849164152312,0,0,0
"C53",0.0377964473009227,0.0651737275323162,-0.0811716405566885,0,0,0
"C54",0.0377964473009227,-0.0342684800892008,0,-0.0257538035045553,0,-0.0393662324083912
"C55",0.0377964473009227,-0.0161334835104307,0,-0.038550744224387,0,0.0476636814384406
"C56",0.0377964473009227,-0.0407825702742057,0,-0.00158250386061711,0,-0.0637606634387623
"C57",0.0377964473009227,0.00445633392237924,0.0503964415067205,0,0,0
"C58",0.0377964473009227,0.0650287224502878,-0.0999763374638374,0,0,0
"C59",0.0377964473009227,-0.0392234656137723,0,-0.00788695574043578,0,-0.0371878231643235
"C60",0.0377964473009227,0.0123232801278346,0.0460186361754239,0,0,0
"C61",0.0377964473009227,0.0443761412004535,-0.0136055736458283,0,0,0
"C62",0.0377964473009227,0.0403130079172868,-0.00307527257714719,0,0,0
"C63",0.0377964473009227,0.0563302896837533,-0.0410180134428449,0,0,0
"C64",0.0377964473009227,-0.054871368419455,0,0.0328394081360345,-0.00563006817906386,0
"C65",0.0377964473009227,-0.0616529017509147,0,0.100393779041004,-0.00631518668887292,0
"C66",0.0377964473009227,0.0175460814690063,0.0309748927187907,0,0,0
"C67",0.0377964473009227,0.0147677333542986,0.026902861964064,0,0,0
"C68",0.0377964473009227,0.0648235805021012,-0.0772384312018156,0,0,0
"C69",0.0377964473009227,-0.0354640866742763,0,-0.00316769693941501,0,0.101699976899759
"C70",0.0377964473009227,-0.0178722167650128,0,-0.0302466535335599,0,-0.0705515227962838
"C71",0.0377964473009227,0.0193578834870652,0.0523250294068763,0,0,0
"C72",0.0377964473009227,0.0127878450476939,0.0456123790346868,0,0,0
"C73",0.0377964473009227,-0.00708545681504225,0,-0.0325671026608613,0,0.0288672156273903
"C74",0.0377964473009227,0.0642010002132936,-0.10561383416183,0,0,0
"C75",0.0377964473009227,0.00815745138673406,0.0429467449211242,0,0,0
"C76",0.0377964473009227,0.0315382458358902,0.0210306388517287,0,0,0
"C77",0.0377964473009227,-0.0511834204428344,0,0.023823270277232,0.0103633118620125,0
"C78",0.0377964473009227,0.0159672416567044,0.0458363607353961,0,0,0
"C79",0.0377964473009227,-0.0295966026041719,0,-0.00716926168099463,0,0.106740937554436
"C80",0.0377964473009227,-0.0351425493093627,0,-0.0246283449259322,0,-0.0612202381214024
"C81",0.0377964473009227,-0.0638738280355978,0,0.13072425993607,-0.00189783200518939,0
"C82",0.0377964473009227,0.00952750947019451,0.0512131123072888,0,0,0
"C83",0.0377964473009227,-0.042180754833535,0,-0.0137955514196967,0,0.00115302070192983
"C84",0.0377964473009227,-0.0346851002108417,0,-0.0136727769125884,0,-0.0176535113918974
"C85",0.0377964473009227,-0.00745983549814256,0,-0.0459837961921843,0,-0.0101657359481681
"C86",0.0377964473009227,-0.0519777378004705,0,0.0225347674414984,-0.010608227038273,0
"C87",0.0377964473009227,-0.0445408524710231,0,0.0132812565910746,0.247092037539536,0
"C88",0.0377964473009227,0.0142045219112615,0.039155914023996,0,0,0
"C89",0.0377964473009227,-0.00530643568999681,0,-0.0447950947080471,0,-0.0359592102613342
"C90",0.0377964473009227,0.0609540791631828,-0.078613851766482,0,0,0
"C91",0.0377964473009227,-0.00400891366731009,0,-0.0455929304392826,0,-0.0414590439969501
"C92",0.0377964473009227,0.0530788912017436,-0.0482090639495897,0,0,0
"C93",0.0377964473009227,0.0640834611064647,-0.0835049998865363,0,0,0
"C94",0.0377964473009227,-0.0623519722800249,0,0.140391381413145,0.00167683068916422,0
"C95",0.0377964473009227,-0.0632409041723271,0,0.086471409122111,0.000922746818141569,0
"C96",0.0377964473009227,0.0597939395877344,-0.0919939110861553,0,0,0
"C97",0.0377964473009227,-0.0613147477194012,0,0.111547688346684,0.092222003225337,0
"C98",0.0377964473009227,-0.00257601918430306,0,-0.0381455957758676,0,-0.0265837536135547
"C99",0.0377964473009227,-0.0102698171306369,0,-0.0456762243106168,0,-0.0219091138585001
"C100",0.0377964473009227,-0.0526358976318803,0,0.0349403500443902,-0.0117069441325021,0
"C101",0.0377964473009227,-0.0129358550126605,0,-0.049644009617551,0,0.0549864065724063
"C102",0.0377964473009227,-0.0618742298605713,0,0.100520404080858,-0.000345192758095026,0
"C103",0.0377964473009227,0.0309101916403654,0.0266068838730468,0,0,0
"C104",0.0377964473009227,-0.0507943628688824,0,0.0120428394865977,-0.195011835938358,0
"C105",0.0377964473009227,0.0652829547797024,-0.0991183160693178,0,0,0
"C106",0.0377964473009227,0.0189372062706695,0.0453727859637844,0,0,0
"C107",0.0377964473009227,-0.0324914129279907,0,-0.00992743309685594,0,0.101346621933678
"C108",0.0377964473009227,0.00957906067648035,0.0424313120466717,0,0,0
"C109",0.0377964473009227,0.0686062298975986,-0.106121003439768,0,0,0
"C110",0.0377964473009227,0.0663842399422947,-0.0947490327499142,0,0,0
"C111",0.0377964473009227,-0.00428185371910354,0,-0.0476681848232783,0,-0.0642995026256511
"C112",0.0377964473009227,-0.00152172171215416,0,-0.0460709595146481,0,-0.00273339693720801
"C113",0.0377964473009227,0.0412461511135604,-0.00553883466704151,0,0,0
"C114",0.0377964473009227,0.0490646089078015,-0.0313718807406243,0,0,0
"C115",0.0377964473009227,0.0549027055040781,-0.064783090812072,0,0,0
"C116",0.0377964473009227,-0.0308868765847563,0,-0.0231272799522719,0,0.00134180722550845
"C117",0.0377964473009227,0.0310347198640148,0.0276857750813294,0,0,0
"C118",0.0377964473009227,0.0446885472297404,0.00119792589753371,0,0,0
"C119",0.0377964473009227,-0.0310429633998134,0,-0.00907819761104177,0,0.133525308653946
"C120",0.0377964473009227,-0.0552394220084662,0,0.0339477055690914,0.170168370838446,0
"C121",0.0377964473009227,0.000291615194735678,0.0668420136859898,0,0,0
"C122",0.0377964473009227,0.00572618366776808,0.0515559431376978,0,0,0
"C123",0.0377964473009227,0.0344965567649953,-0.00481821523001148,0,0,0
"C124",0.0377964473009227,-0.016366943883081,0,-0.0290157350887399,0,0.0541319839218508
"C125",0.0377964473009227,-0.010353838394741,0,-0.0387011779872079,0,0.0252145380796919
"C126",0.0377964473009227,-0.0220081161015379,0,-0.035645161709771,0,0.0883069858656455
"C127",0.0377964473009227,0.00223778648299257,0.055060238795121,0,0,0
"C128",0.0377964473009227,-0.0113176708624589,0,-0.0381941170708329,0,-0.0593380675866217
"C129",0.0377964473009227,0.00239712900128528,0.0505664447087299,0,0,0
"C130",0.0377964473009227,0.00279347348554133,0.0606053031778339,0,0,0
"C131",0.0377964473009227,0.0550457219261685,-0.0371810195706247,0,0,0
"C132",0.0377964473009227,0.0179242276333763,0.0461279119881845,0,0,0
"C133",0.0377964473009227,0.0108744544516549,0.0374120132731893,0,0,0
"C134",0.0377964473009227,0.0179335132020196,0.0391984960134352,0,0,0
"C135",0.0377964473009227,0.000239861924040147,0.0557287728069858,0,0,0
"C136",0.0377964473009227,0.0659204338414963,-0.08779338005857,0,0,0
"C137",0.0377964473009227,0.0160956459492048,0.0367554490379433,0,0,0
"C138",0.0377964473009227,0.0154364423627825,0.0525234253031636,0,0,0
"C139",0.0377964473009227,-0.0508283078415408,0,0.00977924236774353,0.19743589574385,0
"C140",0.0377964473009227,-0.0334991243136366,0,-0.0244349114516471,0,-0.0435441654504323
"C141",0.0377964473009227,-0.0209375464124868,0,-0.0393321613535065,0,0.062926340657494
"C142",0.0377964473009227,-0.030650940222058,0,-0.0191851356060039,0,-0.0877054293153783
"C143",0.0377964473009227,0.0018955909728873,0.063978533570412,0,0,0
"C144",0.0377964473009227,0.0636268771965734,-0.103877980367383,0,0,0
"C145",0.0377964473009227,-0.0389073660288826,0,-0.0143526145052449,0,-0.0743523997962799
"C146",0.0377964473009227,0.0377626631062138,-0.00102048600088548,0,0,0
"C147",0.0377964473009227,-0.037267628668287,0,-0.0344998642855218,0,0.00953741703857945
"C148",0.0377964473009227,0.0227064031311189,0.0237936661242399,0,0,0
"C149",0.0377964473009227,-0.0481055767819169,0,0.0152496494055401,0.252690607244852,0
"C150",0.0377964473009227,0.0664726346243586,-0.106354616642481,0,0,0
"C151",0.0377964473009227,0.0204922709070954,0.0418577902044919,0,0,0
"C152",0.0377964473009227,-0.0242934894328705,0,-0.00926088843236176,0,0.126481683553424
"C153",0.0377964473009227,0.0133498062898421,0.0405596444972505,0,0,0
"C154",0.0377964473009227,0.0557476000981716,-0.0402861747949599,0,0,0
"C155",0.0377964473009227,0.0482401738212994,-0.0203392319758505,0,0,0
"C156",0.0377964473009227,-0.0499955939914897,0,0.0207546842797384,-0.0522474866685038,0
"C157",0.0377964473009227,-0.0629129245274357,0,0.135530118567272,-0.00105501331748436,0
"C158",0.0377964473009227,-0.0215244974770078,0,-0.0374327457996855,0,0.0379411649482958
"C159",0.0377964473009227,0.0426521822122765,-0.0141993646982558,0,0,0
"C160",0.0377964473009227,0.0514255674721521,-0.029396830438377,0,0,0
"C161",0.0377964473009227,-0.0259529032975047,0,-0.00562534616384421,0,0.107279668933629
"C162",0.0377964473009227,-0.00687944435454668,0,-0.0375319458349533,0,0.0383433693194689
"C163",0.0377964473009227,-0.0359969134992604,0,-0.0172173420970055,0,-0.0874562793757759
"C164",0.0377964473009227,-0.0291855017918521,0,-0.0295029382280938,0,0.00820481617558404
"C165",0.0377964473009227,0.0238562765672156,0.0403774265935385,0,0,0
"C166",0.0377964473009227,-0.0418315277008798,0,-0.0102669034207948,0,-0.0295124539086313
"C167",0.0377964473009227,-0.0107988639842061,0,-0.037217815241345,0,-0.0730627544105057
"C168",0.0377964473009227,0.0447464342320671,-0.0253201848750107,0,0,0
"C169",0.0377964473009227,0.0454988640855698,-0.0149036973085893,0,0,0
"C170",0.0377964473009227,0.0175313166778258,0.0371037460329728,0,0,0
"C171",0.0377964473009227,-0.0466022790624686,0,-0.00872037104921721,0,-0.0231892665987033
"C172",0.0377964473009227,-0.0689638557529345,0,0.134469640368213,-0.0048020075790427,0
"C173",0.0377964473009227,-0.0247232524410122,0,-0.00465222746092643,0,0.106273413674698
"C174",0.0377964473009227,0.0231609769818085,0.0403058408282755,0,0,0
"C175",0.0377964473009227,0.0548444529375435,-0.0629270389483427,0,0,0
"C176",0.0377964473009227,0.0119398206524273,0.0504338050442028,0,0,0
"C177",0.0377964473009227,-0.0622708857090002,0,0.143157632539207,-0.00368670694463423,0
"C178",0.0377964473009227,-0.0223357366768203,0,-0.0328647713663525,0,-0.0625467823205355
"C179",0.0377964473009227,-0.0333707636727409,0,-0.0268696964799263,0,-0.0240763871803822
"C180",0.0377964473009227,-0.0616517127519148,0,0.140414475384254,-0.0238188895668161,0
"C181",0.0377964473009227,0.00486394464796549,0.0532534366825863,0,0,0
"C182",0.0377964473009227,0.01919939928775,0.0438225628688076,0,0,0
"C183",0.0377964473009227,-0.0277180592830458,0,-0.0126307138519592,0,0.0934471046839069
"C184",0.0377964473009227,-0.0645030421000658,0,0.0935752932519861,-0.00283389316511883,0
"C185",0.0377964473009227,0.0162605531906375,0.0394924810752044,0,0,0
"C186",0.0377964473009227,0.0449680546923716,-0.0270720909738562,0,0,0
"C187",0.0377964473009227,-0.0455075099093821,0,-0.00629839103463727,0,-0.0428055355863521
"C188",0.0377964473009227,0.0125757831193319,0.0442019874596033,0,0,0
"C189",0.0377964473009227,0.00783693906801669,0.0463885852506478,0,0,0
"C190",0.0377964473009227,-0.0232193324751562,0,-0.0276240150571754,0,0.0385422374260571
"C191",0.0377964473009227,0.0460847925931527,-0.00906076034583084,0,0,0
"C192",0.0377964473009227,0.0196499986564715,0.0431868007385865,0,0,0
"C193",0.0377964473009227,-0.0592274345209066,0,0.14655442664731,-0.0757169827624768,0
"C194",0.0377964473009227,-0.0338620505512862,0,-0.0310985446399867,0,-0.00170632152052033
"C195",0.0377964473009227,-0.0268026388376548,0,-0.0248473067345471,0,0.0872235713953936
"C196",0.0377964473009227,0.0224282776491478,0.0384282983269795,0,0,0
"C197",0.0377964473009227,0.0115882940183349,0.0440783867046075,0,0,0
"C198",0.0377964473009227,0.0666653373437497,-0.10679767526202,0,0,0
"C199",0.0377964473009227,0.064380305329109,-0.0776641744990956,0,0,0
"C200",0.0377964473009227,-0.0251258301620705,0,-0.0134927572026292,0,0.0833007550769574
"C201",0.0377964473009227,0.0134788345808003,0.0536598703699861,0,0,0
"C202",0.0377964473009227,0.0722776726332078,-0.0972357236253268,0,0,0
"C203",0.0377964473009227,-0.00418141360457287,0,-0.0413637758826771,0,0.0372060803333042
"C204",0.0377964473009227,-0.0293139074017072,0,-0.014496359887466,0,0.103992411497708
"C205",0.0377964473009227,0.0220865505078898,0.0423228126123162,0,0,0
"C206",0.0377964473009227,0.0070483928564814,0.0535955671974673,0,0,0
"C207",0.0377964473009227,0.00750496489877785,0.0491473138611858,0,0,0
"C208",0.0377964473009227,-0.0551401346021059,0,0.0476256149794814,0.153980039977898,0
"C209",0.0377964473009227,-0.0395702544628674,0,-0.00947612692862674,0,-0.0146987502086187
"C210",0.0377964473009227,-0.0204072601555974,0,-0.0264690890917283,0,0.0979122371087021
"C211",0.0377964473009227,0.0597527525304253,-0.0480744796441017,0,0,0
"C212",0.0377964473009227,0.0648545768991475,-0.115219882769628,0,0,0
"C213",0.0377964473009227,-0.0512475091684976,0,0.0128507798243616,0.149341870749025,0
"C214",0.0377964473009227,0.0135119221836452,0.0405948982473847,0,0,0
"C215",0.0377964473009227,-0.0135589901720483,0,-0.0434387694100565,0,-0.0641908107618647
"C216",0.0377964473009227,0.0178703265814958,0.0353423085220273,0,0,0
"C217",0.0377964473009227,-0.0289145303338887,0,-0.00514908684610142,0,0.10494894506076
"C218",0.0377964473009227,0.0617535232922415,-0.0872470579235679,0,0,0
"C219",0.0377964473009227,0.0582040727690446,-0.0935156416323102,0,0,0
"C220",0.0377964473009227,-0.01833314913363,0,-0.0400739428091109,0,-0.0353139813958881
"C221",0.0377964473009227,-0.0522629758186932,0,0.0249596997674704,0.0173112089308074,0
"C222",0.0377964473009227,-0.0290482491927434,0,-0.0251974553473236,0,0.0776622293062853
"C223",0.0377964473009227,0.00942213632654669,0.0513902100718931,0,0,0
"C224",0.0377964473009227,0.056697556072654,-0.0493835985492818,0,0,0
"C225",0.0377964473009227,-0.0205842177760626,0,-0.0308589708119674,0,-0.0733289690876785
"C226",0.0377964473009227,-0.0586595591205019,0,0.0518096263008486,0.0120831039799016,0
"C227",0.0377964473009227,-0.0397845739987179,0,-0.0220183903547247,0,-0.0154616021177326
"C228",0.0377964473009227,0.068962122538184,-0.110611396534143,0,0,0
"C229",0.0377964473009227,-0.0203149487659119,0,-0.0359121168256132,0,-0.069424304233263
"C230",0.0377964473009227,0.025282915842365,0.0231419951659603,0,0,0
"C231",0.0377964473009227,-0.0251766117805221,0,-0.009828290889132,0,0.0934221291755529
"C232",0.0377964473009227,0.0192186481281872,0.0285389304983273,0,0,0
"C233",0.0377964473009227,-0.0278408707507685,0,-0.00585997436807448,0,0.109286038673946
"C234",0.0377964473009227,-0.0094758086662791,0,-0.0341915467920215,0,-0.0779120191423348
"C235",0.0377964473009227,-0.0448989428852265,0,-0.0148640284928573,0,0.00197532520005995
"C236",0.0377964473009227,-0.0488724692931861,0,0.0204047203408837,0.00192032408049689,0
"C237",0.0377964473009227,-0.0592902059131007,0,0.124431733358917,-0.000551296172378643,0
"C238",0.0377964473009227,0.0603672406132015,-0.0779393153208948,0,0,0
"C239",0.0377964473009227,-0.0596860994822462,0,0.110693898084208,0.00169536830611563,0
"C240",0.0377964473009227,-0.0544881092255299,0,0.0401403325583679,0.203375114846033,0
"C241",0.0377964473009227,0.000367925556508702,0.0577459188659011,0,0,0
"C242",0.0377964473009227,-0.0354814912786832,0,-0.02637374327101,0,-0.0247055036424173
"C243",0.0377964473009227,-0.0505808651265857,0,0.0227336018539152,0.23363598757495,0
"C244",0.0377964473009227,0.0197062101806722,0.030584325044962,0,0,0
"C245",0.0377964473009227,-0.0523403314814349,0,0.0314279766822404,-0.0109202172452254,0
"C246",0.0377964473009227,-0.054938125087728,0,0.0392809479711287,0.161931482470276,0
"C247",0.0377964473009227,0.0680500430194405,-0.117726150043151,0,0,0
"C248",0.0377964473009227,-0.0252163895350634,0,-0.0345724671889877,0,-0.0572222209780045
"C249",0.0377964473009227,0.00348257273791798,0.0585342851372338,0,0,0
"C250",0.0377964473009227,-0.0586771710059252,0,0.0845792720925912,-0.00597590948386389,0
"C251",0.0377964473009227,0.011291215183202,0.055987468062563,0,0,0
"C252",0.0377964473009227,-0.0597787453982141,0,0.138033083708441,-0.0850919540924057,0
"C253",0.0377964473009227,-0.0395776835233533,0,-0.00362480535231447,0,-0.0363631146867933
"C254",0.0377964473009227,0.0143846156533028,0.039881578569374,0,0,0
"C255",0.0377964473009227,0.0165081446915941,0.0353480891939175,0,0,0
"C256",0.0377964473009227,-0.00705887473237222,0,-0.0428585915497621,0,-0.0727921896869087
"C257",0.0377964473009227,-0.0239600887522823,0,-0.0355136127218145,0,0.0664881676124065
"C258",0.0377964473009227,0.0323338403321167,0.0236713953510693,0,0,0
"C259",0.0377964473009227,0.0163705563085707,0.0296672222430616,0,0,0
"C260",0.0377964473009227,-0.0132980418518592,0,-0.0358438401853907,0,0.00659267997879495
"C261",0.0377964473009227,-0.0046721951410135,0,-0.0382661120182795,0,0.0138025452380488
"C262",0.0377964473009227,0.00428143582628232,0.0442461409108915,0,0,0
"C263",0.0377964473009227,0.0151460591762308,0.0428193547562913,0,0,0
"C264",0.0377964473009227,0.00886476391897773,0.0509020371877168,0,0,0
"C265",0.0377964473009227,-0.00551040898941542,0,-0.0443940832847288,0,-0.0137993747703281
"C266",0.0377964473009227,-0.0345570639476715,0,-0.0129530276326534,0,0.0633982486681826
"C267",0.0377964473009227,0.0394542206676418,-0.0130176916101623,0,0,0
"C268",0.0377964473009227,0.0165106575432314,0.0364152490966465,0,0,0
"C269",0.0377964473009227,0.00195419171873339,0.0605564804178433,0,0,0
"C270",0.0377964473009227,0.0412299714878803,0.00634602881643214,0,0,0
"C271",0.0377964473009227,0.0240772382007219,0.0214755249172809,0,0,0
"C272",0.0377964473009227,0.063943975066779,-0.0930182201480945,0,0,0
"C273",0.0377964473009227,0.0625393973893258,-0.0898602697991908,0,0,0
"C274",0.0377964473009227,0.0143295882387272,0.0409367400026185,0,0,0
"C275",0.0377964473009227,-0.0244087684758069,0,-0.00106549903909778,0,0.0791141829909194
"C276",0.0377964473009227,0.0194241139654249,0.0471267725903142,0,0,0
"C277",0.0377964473009227,0.0268102615558921,0.0326637560059089,0,0,0
"C278",0.0377964473009227,-0.0632148833940823,0,0.124599847068116,0.00330587796084292,0
"C279",0.0377964473009227,0.0192753518531639,0.0480842668092661,0,0,0
"C280",0.0377964473009227,-0.0611276927701154,0,0.137337485052872,-0.120585943897091,0
"C281",0.0377964473009227,0.0635236505487776,-0.099739931192042,0,0,0
"C282",0.0377964473009227,-0.0435694844190344,0,-0.0089230689083799,0,-0.00700389454297023
"C283",0.0377964473009227,-0.0198818693052924,0,-0.0272390654317465,0,0.0702862016364675
"C284",0.0377964473009227,0.0374928270543893,0.00868583930735708,0,0,0
"C285",0.0377964473009227,0.0147443258821616,0.0494592429655825,0,0,0
"C286",0.0377964473009227,-0.0153997418045949,0,-0.0404614456004022,0,0.042395665993648
"C287",0.0377964473009227,-0.011084142301682,0,-0.0367053943479896,0,0.0397524970730001
"C288",0.0377964473009227,-0.0628365467256382,0,0.0873074384242494,0.00620475471794539,0
"C289",0.0377964473009227,-0.00744543880536664,0,-0.0435657330872302,0,0.0272505722654339
"C290",0.0377964473009227,-0.0165669353095363,0,-0.0368286610818396,0,0.0542956153329069
"C291",0.0377964473009227,0.0265686035585133,0.01210537708756,0,0,0
"C292",0.0377964473009227,0.0137492552814552,0.0487334693724026,0,0,0
"C293",0.0377964473009227,-0.0330843601928943,0,-0.00771158642092415,0,0.088111981634657
"C294",0.0377964473009227,0.0174570807270926,0.0465062611644606,0,0,0
"C295",0.0377964473009227,-0.0608310300298269,0,0.0895641948954021,0.000972132200976847,0
"C296",0.0377964473009227,-0.00410962326534711,0,-0.0428486284528883,0,0.0113234627313317
"C297",0.0377964473009227,0.0131722088592831,0.0413671024722864,0,0,0
"C298",0.0377964473009227,0.0597835837463196,-0.0482143840226268,0,0,0
"C299",0.0377964473009227,0.0147411027922306,0.0309180359971095,0,0,0
"C300",0.0377964473009227,-0.0379417894377524,0,-0.00829946972661235,0,-0.0494952158638665
"C301",0.0377964473009227,-0.027654617981746,0,-0.0187505076641817,0,0.0961751387311196
"C302",0.0377964473009227,0.0644994065292031,-0.112208661737903,0,0,0
"C303",0.0377964473009227,-0.00231649263240556,0,-0.0360062179673428,0,0.0277037974107843
"C304",0.0377964473009227,0.000543328862242184,0.0528498177444976,0,0,0
"C305",0.0377964473009227,0.00549867037619346,0.0349385270466931,0,0,0
"C306",0.0377964473009227,-0.0304733391532693,0,-0.00816216878868691,0,0.0900587054505189
"C307",0.0377964473009227,0.0214573177527515,0.039908465995407,0,0,0
"C308",0.0377964473009227,-0.0603050605489673,0,0.146158808981154,-0.00265180928281444,0
"C309",0.0377964473009227,0.0484385946116166,-0.027139963324691,0,0,0
"C310",0.0377964473009227,0.0658518311183888,-0.0847655666638337,0,0,0
"C311",0.0377964473009227,-0.0259677036038898,0,-0.0256416887936093,0,-0.0420388174363845
"C312",0.0377964473009227,-0.0260491704225017,0,-0.00903137902944176,0,0.125018895663867
"C313",0.0377964473009227,-0.0326331014307313,0,-0.00391337676991668,0,0.107794407719574
"C314",0.0377964473009227,-0.0261049484438908,0,-0.00617858750245454,0,0.0980864595842416
"C315",0.0377964473009227,0.0500411874833589,-0.034339242136637,0,0,0
"C316",0.0377964473009227,0.058287977114036,-0.0638166327153434,0,0,0
"C317",0.0377964473009227,-0.0378035485006101,0,0.00604188101577516,-0.306102900773535,0
"C318",0.0377964473009227,-0.0161686488067425,0,-0.0131161051275537,0,0.118735478008206
"C319",0.0377964473009227,-0.0428923228693037,0,0.0108379945908846,0.188820224341608,0
"C320",0.0377964473009227,-0.0110216336795951,0,-0.0422295747206924,0,-0.0511272575379652
"C321",0.0377964473009227,-0.00783956075199325,0,-0.0316925698607642,0,0.00385317497577209
"C322",0.0377964473009227,0.0412334293283406,-0.00624433635779189,0,0,0
"C323",0.0377964473009227,0.0602825636540161,-0.0595872329833556,0,0,0
"C324",0.0377964473009227,-0.0167503185566714,0,-0.0422185881247034,0,0.037286165793886
"C325",0.0377964473009227,0.0440443559409226,0.00579743173069088,0,0,0
"C326",0.0377964473009227,-0.0331790415101535,0,-0.0119273791450343,0,0.104528654479222
"C327",0.0377964473009227,-0.0296004187130354,0,-0.0166635319650662,0,0.0972334881787616
"C328",0.0377964473009227,-0.0276672520397812,0,-0.0138676083109566,0,0.092460033140423
"C329",0.0377964473009227,-0.0572681280495112,0,0.0351364101240012,-0.00075536677270745,0
"C330",0.0377964473009227,0.0178059954124385,0.0422024793480118,0,0,0
"C331",0.0377964473009227,0.0536190369527653,-0.0334598994370405,0,0,0
"C332",0.0377964473009227,0.0177082068664304,0.0495328480754556,0,0,0
"C333",0.0377964473009227,0.0197558352057095,0.0373358741407732,0,0,0
"C334",0.0377964473009227,0.0443132676715471,-0.0124407161475461,0,0,0
"C335",0.0377964473009227,-0.00413429742534997,0,-0.0422688865150945,0,0.020988293428177
"C336",0.0377964473009227,0.0455248707334433,-0.0342855298109747,0,0,0
"C337",0.0377964473009227,0.0483513970714204,-0.032295884425243,0,0,0
"C338",0.0377964473009227,-0.0372279196976292,0,-0.0204496721724991,0,-0.0391597943861823
"C339",0.0377964473009227,-0.047616155603509,0,-0.0118502108733908,0,-0.0116830697591052
"C340",0.0377964473009227,0.0386280192081557,0.0153663531213256,0,0,0
"C341",0.0377964473009227,0.0338512644118228,0.00823706362557655,0,0,0
"C342",0.0377964473009227,-0.0328613693390937,0,-0.0352889250928374,0,-0.0343862272385825
"C343",0.0377964473009227,-0.047800964234433,0,0.0177864287380679,0.00397114304273412,0
"C344",0.0377964473009227,0.0270637768096896,0.0334608081637735,0,0,0
"C345",0.0377964473009227,0.0159136514355924,0.0481907913937452,0,0,0
"C346",0.0377964473009227,0.0146637774711509,0.0384515470406886,0,0,0
"C347",0.0377964473009227,0.0626520850077232,-0.0683761670608079,0,0,0
"C348",0.0377964473009227,0.00271833935478966,0.0481712249889852,0,0,0
"C349",0.0377964473009227,0.0125527246805629,0.0483181862484196,0,0,0
"C350",0.0377964473009227,0.0138408797873658,0.0543797030913042,0,0,0
"C351",0.0377964473009227,-0.0523593058834861,0,0.0176753986387655,-0.00018700335356579,0
"C352",0.0377964473009227,0.0312080397235388,0.0167701255849615,0,0,0
"C353",0.0377964473009227,0.0453767590301118,0.00753062085421582,0,0,0
"C354",0.0377964473009227,0.0546091588400323,-0.0403093395558649,0,0,0
"C355",0.0377964473009227,0.0363149790104246,0.019095676251885,0,0,0
"C356",0.0377964473009227,-0.00197538871254944,0,-0.0431233108150935,0,-0.0372570099010685
"C357",0.0377964473009227,-0.02479456247822,0,-0.0120944379438178,0,0.105746317865709
"C358",0.0377964473009227,0.0697397638436188,-0.0860120986222272,0,0,0
"C359",0.0377964473009227,-0.0644073555168425,0,0.139654687454154,-0.00186541410780553,0
"C360",0.0377964473009227,0.0644327149172161,-0.078545633799781,0,0,0
"C361",0.0377964473009227,-0.0248080967673606,0,-0.0208782114220016,0,0.0796917263042399
"C362",0.0377964473009227,0.0536511870041709,-0.0568121676327407,0,0,0
"C363",0.0377964473009227,-0.0656168529953414,0,0.148636747795347,-0.00900256419848101,0
"C364",0.0377964473009227,-0.0437338259962209,0,6.70484560202674e-05,0.00577708692101347,0
"C365",0.0377964473009227,0.027434540998396,0.0192202706546785,0,0,0
"C366",0.0377964473009227,0.0176366039719881,0.0327410083548944,0,0,0
"C367",0.0377964473009227,-0.0141390229121689,0,-0.04290223121652,0,-0.0371941774956923
"C368",0.0377964473009227,-0.00598277026160292,0,-0.0489414080926635,0,0.0173559890324561
"C369",0.0377964473009227,-0.0197287166583243,0,-0.0393077563555429,0,0.0480607937137255
"C370",0.0377964473009227,0.00921417225914106,0.0502771433193203,0,0,0
"C371",0.0377964473009227,0.00509084607516106,0.0527750113014418,0,0,0
"C372",0.0377964473009227,0.020795153070213,0.0299914145743387,0,0,0
"C373",0.0377964473009227,0.00696234968076127,0.0470921262503875,0,0,0
"C374",0.0377964473009227,0.0120101664706843,0.0559255617294041,0,0,0
"C375",0.0377964473009227,0.0667509614721074,-0.0760843186226912,0,0,0
"C376",0.0377964473009227,0.0651518887096177,-0.0996977015275603,0,0,0
"C377",0.0377964473009227,-0.0261783795547493,0,-0.0233492698256171,0,0.0275091507416143
"C378",0.0377964473009227,-0.0563918121171087,0,0.0480972597668931,-0.00110875925375491,0
"C379",0.0377964473009227,-0.0640193213187696,0,0.0824850659237188,-0.000523741122784649,0
"C380",0.0377964473009227,0.0582457811040062,-0.0572652667993041,0,0,0
"C381",0.0377964473009227,0.0372761102496282,0.00195558920647455,0,0,0
"C382",0.0377964473009227,-0.0419633905382357,0,-0.0217348764807742,0,-0.0643925597442563
"C383",0.0377964473009227,-0.00376441278106789,0,-0.0359844715021292,0,0.00751936128715353
"C384",0.0377964473009227,-0.0553559058392345,0,0.0180795920161501,0.000144751901343057,0
"C385",0.0377964473009227,0.0223447381092027,0.0306420097106485,0,0,0
"C386",0.0377964473009227,-0.0336702010862908,0,-0.0347327936852571,0,-0.0538325120554395
"C387",0.0377964473009227,0.0181137716372596,0.0431560290682868,0,0,0
"C388",0.0377964473009227,-0.0568651198053569,0,0.0202628606341988,-0.00150539971212672,0
"C389",0.0377964473009227,-0.0239027876587405,0,-0.0393100377372121,0,0.0124468567342291
"C390",0.0377964473009227,0.0647488715228534,-0.0803237086258661,0,0,0
"C391",0.0377964473009227,-0.00389183009101151,0,-0.0371660162698358,0,0.0133853018113363
"C392",0.0377964473009227,-0.00780908281231409,0,-0.0471249504600138,0,-0.0293848759510999
"C393",0.0377964473009227,-0.0102395745675878,0,-0.0476876418696975,0,-0.0640720438932101
"C394",0.0377964473009227,0.0139276183249355,0.0425460164630806,0,0,0
"C395",0.0377964473009227,-0.0384153645302665,0,-0.00723856850309036,0,-0.0525763929153075
"C396",0.0377964473009227,-0.0339699477023256,0,-0.0231132682058433,0,-0.0447292707477777
"C397",0.0377964473009227,0.0331138520010082,0.0162197090467609,0,0,0
"C398",0.0377964473009227,0.00350948569203799,0.0534186042686961,0,0,0
"C399",0.0377964473009227,0.0250618303432244,0.0381601395452104,0,0,0
"C400",0.0377964473009227,-0.0385197702898495,0,-0.0244389850808582,0,-0.0443668787912695
"C401",0.0377964473009227,-0.0266123962900618,0,-0.0253691946758019,0,0.0848645861014396
"C402",0.0377964473009227,0.0557394647781065,-0.0506603311325975,0,0,0
"C403",0.0377964473009227,0.046723987802927,-0.00975740781704173,0,0,0
"C404",0.0377964473009227,-0.0311311808144055,0,-0.0144179169068103,0,-0.0454603543366304
"C405",0.0377964473009227,-0.01851519318875,0,-0.0312410113461971,0,0.0620026454017228
"C406",0.0377964473009227,0.0159505758178087,0.0349410681767769,0,0,0
"C407",0.0377964473009227,0.045507986253336,-0.0272112869391934,0,0,0
"C408",0.0377964473009227,0.0674275456660473,-0.103191372270391,0,0,0
"C409",0.0377964473009227,-0.0457152680898621,0,-0.00307484712321962,0,-0.0893466815441769
"C410",0.0377964473009227,0.00378076668764254,0.04697336908842,0,0,0
"C411",0.0377964473009227,-0.0294246333751184,0,-0.0243314152433569,0,0.0933921435758727
"C412",0.0377964473009227,-0.031219355505672,0,-0.019813393640313,0,-0.060659241460999
"C413",0.0377964473009227,0.0150916404568799,0.0331046932249913,0,0,0
"C414",0.0377964473009227,-0.0191180324713072,0,-0.0412932553134497,0,-0.0803223581696356
"C415",0.0377964473009227,0.0163050417177824,0.0387000874819589,0,0,0
"C416",0.0377964473009227,-0.0165737088251655,0,-0.0449538872446263,0,-0.0385290394890764
"C417",0.0377964473009227,0.0637679424052619,-0.106952875139972,0,0,0
"C418",0.0377964473009227,-0.0296768763163421,0,-0.00308678766695805,0,0.123060403045235
"C419",0.0377964473009227,-0.0266415177102365,0,-0.0230249057645416,0,0.0661877709459314
"C420",0.0377964473009227,0.0278625875088703,0.018941830005804,0,0,0
"C421",0.0377964473009227,-0.0453799247901452,0,-0.00570625609490867,0,0.0157921099184127
"C422",0.0377964473009227,0.0301277700412828,-0.00540697918571301,0,0,0
"C423",0.0377964473009227,-0.0272290561889303,0,-0.0366700016114635,0,0.0752064810175567
"C424",0.0377964473009227,0.0212020564276155,0.0234154990680696,0,0,0
"C425",0.0377964473009227,0.0460873217588516,-0.0135090054247516,0,0,0
"C426",0.0377964473009227,0.00639015401857466,0.0562038692645295,0,0,0
"C427",0.0377964473009227,-0.00508930735444211,0,-0.0527142283216804,0,0.0367364728797155
"C428",0.0377964473009227,-0.0429878044129937,0,0.00290260511915352,0.00454425984159016,0
"C429",0.0377964473009227,0.00978710871716602,0.0433557011243656,0,0,0
"C430",0.0377964473009227,0.0531874633334298,-0.0433270533385639,0,0,0
"C431",0.0377964473009227,-0.0629169560656519,0,0.133773638978108,0.000439824641839609,0
"C432",0.0377964473009227,0.0613573139480555,-0.0857156063365889,0,0,0
"C433",0.0377964473009227,0.0143966550885559,0.0523372715975789,0,0,0
"C434",0.0377964473009227,0.0605770930230613,-0.0749787251459134,0,0,0
"C435",0.0377964473009227,0.0700035194235619,-0.104064587621642,0,0,0
"C436",0.0377964473009227,0.0167312631871844,0.0347843432880937,0,0,0
"C437",0.0377964473009227,-0.0653638855611002,0,0.131689568733739,0.000132565885088966,0
"C438",0.0377964473009227,0.0152219159790779,0.0449489357693924,0,0,0
"C439",0.0377964473009227,0.0158821880307256,0.0334416997869864,0,0,0
"C440",0.0377964473009227,0.0386444233259242,-0.0168760151004765,0,0,0
"C441",0.0377964473009227,0.00189263709151672,0.0632656083677247,0,0,0
"C442",0.0377964473009227,0.0117189684177011,0.0526106546122342,0,0,0
"C443",0.0377964473009227,0.0525287176033766,-0.0382329139077194,0,0,0
"C444",0.0377964473009227,0.00920796397055526,0.0462354200458004,0,0,0
"C445",0.0377964473009227,-0.0149561564240884,0,-0.0510026450130857,0,-0.00127707108816934
"C446",0.0377964473009227,-0.0248789078094285,0,-0.0235070564956294,0,0.0997829904554397
"C447",0.0377964473009227,-0.0211983577115433,0,-0.0255462894748299,0,0.0664543131555868
"C448",0.0377964473009227,-0.0194923047443377,0,-0.0227936707052658,0,0.0416322778961801
"C449",0.0377964473009227,-0.0595102987471828,0,0.131535634321253,0.00269621630312901,0
"C450",0.0377964473009227,-0.00695730239006362,0,-0.0428602204385091,0,0.00685432661621951
"C451",0.0377964473009227,0.0611745021246795,-0.0632887155541282,0,0,0
"C452",0.0377964473009227,-0.00197308027816892,0,-0.0483974401003527,0,-0.0493681426280455
"C453",0.0377964473009227,-0.00418829980766008,0,-0.0426106026667071,0,-0.0648506960781737
"C454",0.0377964473009227,-0.0620625336980151,0,0.0892432355569449,0.00316450319189708,0
"C455",0.0377964473009227,0.0635240036648685,-0.0878743463966388,0,0,0
"C456",0.0377964473009227,0.0650532805474899,-0.0779710873369018,0,0,0
"C457",0.0377964473009227,0.00622061126252586,0.0343353573874826,0,0,0
"C458",0.0377964473009227,0.0451414380361779,-0.0130304781929099,0,0,0
"C459",0.0377964473009227,-0.00939439209056218,0,-0.0358837843035769,0,0.0101207537386414
"C460",0.0377964473009227,0.0333858873651254,0.0126620868064437,0,0,0
"C461",0.0377964473009227,-0.0304496333823726,0,-0.011446914138672,0,0.114970864049152
"C462",0.0377964473009227,0.0139466060133228,0.0343418110607068,0,0,0
"C463",0.0377964473009227,-0.041803860491212,0,0.00156803576020506,-0.196405339526426,0
"C464",0.0377964473009227,-0.0187277442890894,0,-0.0470945995605961,0,-0.0413500197557317
"C465",0.0377964473009227,0.00646944372130333,0.052565436210277,0,0,0
"C466",0.0377964473009227,0.0226223892886243,0.0391519863319346,0,0,0
"C467",0.0377964473009227,0.0152530176176144,0.038861347727957,0,0,0
"C468",0.0377964473009227,-0.036048454899282,0,-0.0215499152314287,0,-0.0556342297736953
"C469",0.0377964473009227,0.0279242427338415,0.0174570063266924,0,0,0
"C470",0.0377964473009227,-0.0542874294311658,0,0.0598747901361788,0.0126769818266998,0
"C471",0.0377964473009227,-0.0140981773105795,0,-0.048719636742161,0,-0.0311063926302532
"C472",0.0377964473009227,0.0236421217805268,0.0206789547913903,0,0,0
"C473",0.0377964473009227,-0.0370550119875191,0,-0.00315277141450169,0,0.0560320203046992
"C474",0.0377964473009227,-0.0293909168834679,0,-0.0264464213514196,0,-0.0457260725059785
"C475",0.0377964473009227,-0.0363952041377114,0,-0.0100163447191956,0,-0.0393837418601227
"C476",0.0377964473009227,-0.0276621106332214,0,-0.0264162955233841,0,-0.0520384223473411
"C477",0.0377964473009227,-0.0481957067338712,0,-0.000526503934167588,0,-0.00216750872609544
"C478",0.0377964473009227,-0.0197701689503156,0,-0.0309783349248719,0,0.0550749837259635
"C479",0.0377964473009227,0.00878757732934876,0.0527592303784771,0,0,0
"C480",0.0377964473009227,-0.00893613361012858,0,-0.0434847247341009,0,-0.0331424391054928
"C481",0.0377964473009227,0.0715796694803023,-0.107723084130389,0,0,0
"C482",0.0377964473009227,-0.0374676852419844,0,-0.0211919211266295,0,-0.0752300038511744
"C483",0.0377964473009227,0.0636667322014847,-0.0872630526794857,0,0,0
"C484",0.0377964473009227,-0.0189803018372339,0,-0.0342119590580652,0,0.0123606512034324
"C485",0.0377964473009227,-0.0580940300622945,0,0.113197624731294,0.0137242375670378,0
"C486",0.0377964473009227,0.0683531686278443,-0.113263126299314,0,0,0
"C487",0.0377964473009227,0.0212184314531215,0.0486043347828363,0,0,0
"C488",0.0377964473009227,-0.0613447455824725,0,0.1396632294162,0.00225577103369214,0
"C489",0.0377964473009227,-0.0612173901708681,0,0.0746185807164522,0.00160094128459985,0
"C490",0.0377964473009227,0.0275995366523095,0.0187758843081016,0,0,0
"C491",0.0377964473009227,0.0633680835932613,-0.0690411977149502,0,0,0
"C492",0.0377964473009227,0.0422919088863747,-0.0055259402383305,0,0,0
"C493",0.0377964473009227,-0.0408718807708293,0,-0.00577941551980079,0,-0.0426248404371926
"C494",0.0377964473009227,-0.0184082954241258,0,-0.0428725694968292,0,-0.0181785049255145
"C495",0.0377964473009227,0.00306763092927393,0.0600501188882296,0,0,0
"C496",0.0377964473009227,0.0602445704891305,-0.070547325401945,0,0,0
"C497",0.0377964473009227,0.0669864620604831,-0.11337376475329,0,0,0
"C498",0.0377964473009227,-0.0496833766260661,0,0.0116514266930657,0.00613291673687979,0
"C499",0.0377964473009227,-0.0288450195681774,0,-0.0301142753361925,0,0.0627168616628704
"C500",0.0377964473009227,-0.0122635998279507,0,-0.0433740575478216,0,-0.023529837977411
"C501",0.0377964473009227,-0.0318127568703611,0,-0.0124023785091036,0,0.111665309894497
"C502",0.0377964473009227,0.0133938452432794,0.05447881345028,0,0,0
"C503",0.0377964473009227,-0.0477099081574732,0,-0.00233568359363685,0,-0.0303358391929203
"C504",0.0377964473009227,-0.0629343070286678,0,0.0969146954302103,0.00418157500814441,0
"C505",0.0377964473009227,-0.0267563414904993,0,-0.0242822853720519,0,0.109786791146658
"C506",0.0377964473009227,-0.010495067150454,0,-0.0391548723504403,0,0.042626540699001
"C507",0.0377964473009227,-0.033066188210586,0,-0.00196332704659284,0,0.116645959928188
"C508",0.0377964473009227,-0.0465622449384271,0,0.0102538642629346,-0.00347851426919976,0
"C509",0.0377964473009227,-0.0285637311076746,0,-0.0373747102603011,0,-0.0372350160530632
"C510",0.0377964473009227,0.0194557642816634,0.0521442783686714,0,0,0
"C511",0.0377964473009227,-0.0187843600664987,0,-0.0350951278389306,0,0.0349168937521248
"C512",0.0377964473009227,0.0674850642568218,-0.109614463316568,0,0,0
"C513",0.0377964473009227,0.0171704530093221,0.0447832892884876,0,0,0
"C514",0.0377964473009227,-0.0122775115543868,0,-0.0406868487487338,0,0.0456409793455678
"C515",0.0377964473009227,-0.0271411825255773,0,-0.0135863338849183,0,0.0893396432686681
"C516",0.0377964473009227,-0.0507977268178576,0,0.0336162896467211,0.00194775849290739,0
"C517",0.0377964473009227,-0.0296474387786243,0,-0.0163011737988644,0,0.0825442435950992
"C518",0.0377964473009227,-0.026099436270106,0,-0.0378963026644949,0,-0.0699130938370758
"C519",0.0377964473009227,-0.0285786541269251,0,-0.0098183367136862,0,0.0766445756839098
"C520",0.0377964473009227,0.0189095367914425,0.0459540381604071,0,0,0
"C521",0.0377964473009227,0.0292320395617171,0.0183432099738885,0,0,0
"C522",0.0377964473009227,0.0451741041173513,-0.0229643923751236,0,0,0
"C523",0.0377964473009227,-0.00530401206677052,0,-0.0503627660380081,0,-0.0254750155313085
"C524",0.0377964473009227,0.0421481733886271,0.000349095096351377,0,0,0
"C525",0.0377964473009227,0.0459859853887372,-0.0212892165839088,0,0,0
"C526",0.0377964473009227,0.00642787371852422,0.0527609027275084,0,0,0
"C527",0.0377964473009227,-0.0285046427786274,0,-0.0143033571344503,0,0.0916737420329484
"C528",0.0377964473009227,-0.0618352884874014,0,0.145006656267498,0.00588720614506608,0
"C529",0.0377964473009227,-0.0522686530247215,0,0.0267508310389978,0.144426123216081,0
"C530",0.0377964473009227,-0.017505307196357,0,-0.0300010860756817,0,0.0562145043094185
"C531",0.0377964473009227,0.0227666591459729,0.0402549583221486,0,0,0
"C532",0.0377964473009227,0.0531520697225485,-0.0416292258083897,0,0,0
"C533",0.0377964473009227,0.0668481081503056,-0.0970516990589081,0,0,0
"C534",0.0377964473009227,-0.0351187516990711,0,-0.0284254421712712,0,-0.0580745265015162
"C535",0.0377964473009227,-0.06040004561101,0,0.0913768050280172,-0.00632480752573345,0
"C536",0.0377964473009227,-0.0608440948122696,0,0.137289206678943,-0.00594443154237003,0
"C537",0.0377964473009227,0.0513208492055067,-0.0284834291156756,0,0,0
"C538",0.0377964473009227,-0.062691153758842,0,0.144462873924623,-0.00219740440747819,0
"C539",0.0377964473009227,-0.036594587267254,0,-0.0140571172834955,0,-0.0778865194360263
"C540",0.0377964473009227,-0.00567438309909794,0,-0.0489920024770277,0,-0.0369082829177981
"C541",0.0377964473009227,0.0179425234450029,0.0349195671570486,0,0,0
"C542",0.0377964473009227,0.0074592644676586,0.0359871997896228,0,0,0
"C543",0.0377964473009227,-0.0083004480176255,0,-0.0461426338263269,0,-0.0455247832462807
"C544",0.0377964473009227,-0.0335388399943849,0,-0.02073622617555,0,-0.0659091341396892
"C545",0.0377964473009227,0.0184094875920338,0.0370403249010073,0,0,0
"C546",0.0377964473009227,0.00796444657971609,0.03101607109021,0,0,0
"C547",0.0377964473009227,0.015083071719092,0.0346308879682226,0,0,0
"C548",0.0377964473009227,-0.0106110557869345,0,-0.0446240322068105,0,0.0290033230806187
"C549",0.0377964473009227,-0.0180502137901772,0,-0.0314783095903887,0,0.0682890972742139
"C550",0.0377964473009227,0.00175325940151441,0.0404487574605821,0,0,0
"C551",0.0377964473009227,0.00160790155639283,0.0572110526817729,0,0,0
"C552",0.0377964473009227,-0.0116565640010644,0,-0.0385758771460799,0,-0.0260693803334764
"C553",0.0377964473009227,0.0407675711154482,0.00115578824748488,0,0,0
"C554",0.0377964473009227,0.0528709913626661,-0.0239857974793065,0,0,0
"C555",0.0377964473009227,0.0682849519366146,-0.105834934219698,0,0,0
"C556",0.0377964473009227,0.0100198939385613,0.0415129829385065,0,0,0
"C557",0.0377964473009227,0.0205805962781756,0.0337798379118692,0,0,0
"C558",0.0377964473009227,0.0519916262306435,-0.037085793674101,0,0,0
"C559",0.0377964473009227,-0.00341077567087573,0,-0.0432717548543096,0,-0.0159596154640799
"C560",0.0377964473009227,0.0148283741985949,0.0413695923201521,0,0,0
"C561",0.0377964473009227,-0.0276800663220576,0,-0.0202107859610674,0,0.0376821027433316
"C562",0.0377964473009227,0.0308555062548055,0.0279380047745631,0,0,0
"C563",0.0377964473009227,-0.0193937215989903,0,-0.0490535331244002,0,-0.0287302633185502
"C564",0.0377964473009227,-0.0154365474390093,0,-0.0475085298771914,0,0.0151930754561196
"C565",0.0377964473009227,-0.0185000045504703,0,-0.0355268545831969,0,-0.0487260308384764
"C566",0.0377964473009227,0.0127201216638884,0.0551524470471507,0,0,0
"C567",0.0377964473009227,0.0623871274704681,-0.0643078057410295,0,0,0
"C568",0.0377964473009227,0.0133390743154561,0.050077868787609,0,0,0
"C569",0.0377964473009227,-0.0334950524896031,0,-0.0103861769010952,0,0.115194872617547
"C570",0.0377964473009227,0.0464581242985334,-0.0261445268219205,0,0,0
"C571",0.0377964473009227,-0.0510666512617507,0,0.0423654109437664,0.0242535027956131,0
"C572",0.0377964473009227,0.0122203867737013,0.0459152329284444,0,0,0
"C573",0.0377964473009227,-0.0070518883321039,0,-0.0409043900341115,0,0.0152061675066631
"C574",0.0377964473009227,0.056782306623082,-0.0526805602454917,0,0,0
"C575",0.0377964473009227,0.012532440720541,0.0454061679050767,0,0,0
"C576",0.0377964473009227,-0.00325786065781673,0,-0.0409535773380883,0,-0.0665369468632213
"C577",0.0377964473009227,-0.00406047040255373,0,-0.0328777909537178,0,-0.0264338786663944
"C578",0.0377964473009227,-0.0361203988905054,0,-0.0167317765637379,0,-0.0379408526699155
"C579",0.0377964473009227,-0.00582505152621829,0,-0.0396804676911175,0,-0.0439313888573407
"C580",0.0377964473009227,0.0534863832812528,-0.0508342835276038,0,0,0
"C581",0.0377964473009227,-0.0174227463594888,0,-0.0463742726388265,0,-0.0331421948672955
"C582",0.0377964473009227,-0.0097645680974339,0,-0.0410662642392794,0,-0.0200392769475329
"C583",0.0377964473009227,-0.0473746522177577,0,0.000976435760545108,0.213669636860861,0
"C584",0.0377964473009227,0.0151338360979272,0.0460868483614693,0,0,0
"C585",0.0377964473009227,-0.0127695309040917,0,-0.0378259297544332,0,0.048731974477827
"C586",0.0377964473009227,-0.0342099507049224,0,-0.0152127421951456,0,-0.0564068860080906
"C587",0.0377964473009227,0.0174129799607925,0.0554305961422348,0,0,0
"C588",0.0377964473009227,-0.025434778327097,0,-0.0227853408455846,0,0.0825857404385299
"C589",0.0377964473009227,0.0150952022319572,0.036542488819957,0,0,0
"C590",0.0377964473009227,-0.0348183625875206,0,0.00107222550568069,-0.392863289475478,0
"C591",0.0377964473009227,-0.0490428063556941,0,0.018985818305327,-0.00852182647938674,0
"C592",0.0377964473009227,0.0496677699997945,-0.0356391507142547,0,0,0
"C593",0.0377964473009227,0.0171661407093226,0.0399814560579936,0,0,0
"C594",0.0377964473009227,0.0148897676728735,0.0427073582025158,0,0,0
"C595",0.0377964473009227,0.0118994317347728,0.049280447318271,0,0,0
"C596",0.0377964473009227,0.0211991575795528,0.0414407393326154,0,0,0
"C597",0.0377964473009227,-0.00735266115227925,0,-0.0362630009575932,0,-0.0151059643627208
"C598",0.0377964473009227,-0.0244059820216097,0,-0.0338178865337524,0,-0.0260239346898706
"C599",0.0377964473009227,0.0223733075416088,0.0136762729634748,0,0,0
"C600",0.0377964473009227,-0.0635487685789186,0,0.144573304895951,-0.00387276743269154,0
"C601",0.0377964473009227,0.00187780726449073,0.058860130078174,0,0,0
"C602",0.0377964473009227,-0.0249109924878424,0,-0.0486333861282324,0,0.0183405076311916
"C603",0.0377964473009227,0.00454276363772578,0.0458569104206076,0,0,0
"C604",0.0377964473009227,0.0174265868362725,0.0395620017205514,0,0,0
"C605",0.0377964473009227,-0.0436088202891928,0,0.0107683085591667,0.00431503073196228,0
"C606",0.0377964473009227,-0.0520368119827847,0,0.0114362382321072,0.00185230341483352,0
"C607",0.0377964473009227,0.0165389029958481,0.0395492148059168,0,0,0
"C608",0.0377964473009227,0.0466505293419968,-0.0306642012053612,0,0,0
"C609",0.0377964473009227,-0.0490023732021672,0,0.00876317188825004,0.000275043447751779,0
"C610",0.0377964473009227,0.00198302256769157,0.0536661552778185,0,0,0
"C611",0.0377964473009227,-0.0665766284294417,0,0.140123536295705,0.000814266209545843,0
"C612",0.0377964473009227,-0.0277333552980641,0,-0.0351745034459019,0,-0.0442580678624868
"C613",0.0377964473009227,0.0410967629686598,0.00664918473809404,0,0,0
"C614",0.0377964473009227,-0.0161299810598717,0,-0.0358140627879477,0,-0.0437840665867515
"C615",0.0377964473009227,0.0533712800485429,-0.0384594773327614,0,0,0
"C616",0.0377964473009227,0.0223223097364544,0.0367781664727972,0,0,0
"C617",0.0377964473009227,-0.064267794211962,0,0.106188496655402,0.0044741296221,0
"C618",0.0377964473009227,0.0408540005298858,-0.000190265455388474,0,0,0
"C619",0.0377964473009227,0.0511169513027553,-0.0412627861463147,0,0,0
"C620",0.0377964473009227,0.0153685543381496,0.0432910999506807,0,0,0
"C621",0.0377964473009227,0.0725442049480354,-0.107074132401398,0,0,0
"C622",0.0377964473009227,-0.0249915101004834,0,-0.00498220346099957,0,0.0901849037949309
"C623",0.0377964473009227,0.0131572450815021,0.0477820494219806,0,0,0
"C624",0.0377964473009227,0.0520181747869932,-0.0398921986207414,0,0,0
"C625",0.0377964473009227,-0.0453147324537347,0,0.00881899149860932,0.201472703934188,0
"C626",0.0377964473009227,0.0167244201151849,0.0478315547003215,0,0,0
"C627",0.0377964473009227,-0.0626428830404213,0,0.123445762320628,-0.000506261556384527,0
"C628",0.0377964473009227,0.066173357887713,-0.102034686906364,0,0,0
"C629",0.0377964473009227,0.0245867967170457,0.0373666603716497,0,0,0
"C630",0.0377964473009227,0.0466495367702066,-0.0248975627104188,0,0,0
"C631",0.0377964473009227,0.0379606885758692,-0.00556250595507938,0,0,0
"C632",0.0377964473009227,0.0257796748123302,0.00992537350880261,0,0,0
"C633",0.0377964473009227,-0.0350316242900834,0,-0.014564248759251,0,-0.0500643701654589
"C634",0.0377964473009227,-0.0523536121154778,0,0.0285715777805445,-0.00679126376923445,0
"C635",0.0377964473009227,-0.0265248826155116,0,-0.0352171141835189,0,-0.039181578039707
"C636",0.0377964473009227,-0.0106795581568031,0,-0.0243532292109652,0,-0.0797252384872916
"C637",0.0377964473009227,-0.0441465846521011,0,0.00669806234980397,7.63640618464752e-05,0
"C638",0.0377964473009227,-0.0538934995851688,0,0.0212687566051657,0.00205868217470526,0
"C639",0.0377964473009227,0.0171786170452285,0.037921523060067,0,0,0
"C640",0.0377964473009227,0.0154303645013185,0.0517993572633025,0,0,0
"C641",0.0377964473009227,0.00753884914983729,0.0567570705145534,0,0,0
"C642",0.0377964473009227,-0.0308783467651513,0,-0.00966572647913274,0,0.1092612246295
"C643",0.0377964473009227,-0.0374411030182153,0,-0.00685518381098168,0,0.0425219482878637
"C644",0.0377964473009227,-0.0126391328888201,0,-0.0464504168409123,0,-0.0406848649191256
"C645",0.0377964473009227,-0.0449696123730576,0,-0.00967647884965789,0,0.00846584996082268
"C646",0.0377964473009227,-0.0627183061634987,0,0.147510190263895,-0.0232710661924602,0
"C647",0.0377964473009227,-0.00112285780949994,0,-0.0397248811945869,0,-0.0378794922013174
"C648",0.0377964473009227,0.0167032638696471,0.0451016757179332,0,0,0
"C649",0.0377964473009227,-0.0319058870490307,0,-0.00938116818520655,0,0.117977340418082
"C650",0.0377964473009227,0.0583942730225208,-0.0747254164053677,0,0,0
"C651",0.0377964473009227,-0.0659345243151168,0,0.13838926442535,-0.0177710268376685,0
"C652",0.0377964473009227,-0.0294531801122968,0,-0.0262145455191779,0,-0.0950710923574836
"C653",0.0377964473009227,0.011943190020741,0.0460764064669702,0,0,0
"C654",0.0377964473009227,-0.0287069311326913,0,-0.0137363967032075,0,0.104837918591102
"C655",0.0377964473009227,-0.0390457653996183,0,-0.00891742656924912,0,0.00377554338937765
"C656",0.0377964473009227,-0.0580024809046818,0,0.0507079469375731,0.00365064184743549,0
"C657",0.0377964473009227,0.00937044923602791,0.0513277611288278,0,0,0
"C658",0.0377964473009227,0.0178512402821576,0.0332553882485217,0,0,0
"C659",0.0377964473009227,-0.0265743913878305,0,-0.0197477625830788,0,0.112783380630388
"C660",0.0377964473009227,0.0551950870685505,-0.0401206046925474,0,0,0
"C661",0.0377964473009227,-0.0521220137765721,0,0.015309344021403,0.0191198509437239,0
"C662",0.0377964473009227,-0.0105739658805443,0,-0.0481156957998604,0,-0.0418949516111117
"C663",0.0377964473009227,-0.0236627214845237,0,-0.0140565267870792,0,0.0811451278038074
"C664",0.0377964473009227,-0.00158039155807341,0,-0.0491909750500601,0,-0.0385344165828519
"C665",0.0377964473009227,-0.00427155219725019,0,-0.0462502336099587,0,-0.0109534318590265
"C666",0.0377964473009227,0.0206310484120338,0.0453730099331715,0,0,0
"C667",0.0377964473009227,0.0432815751967887,-0.0159051913645133,0,0,0
"C668",0.0377964473009227,-0.0258700439278469,0,-0.0380166964254532,0,-0.064539084911973
"C669",0.0377964473009227,-0.00558894717475023,0,-0.0395388344774981,0,0.0294737516729875
"C670",0.0377964473009227,-0.0292007064574922,0,-0.0173883173413814,0,0.114362944855549
"C671",0.0377964473009227,0.0130260145768768,0.0383675937857477,0,0,0
"C672",0.0377964473009227,-0.0112544730235597,0,-0.0326364952043726,0,0.0349457855845401
"C673",0.0377964473009227,-0.0573155597113535,0,0.150330484301553,-0.0273379675610821,0
"C674",0.0377964473009227,0.0593089197479313,-0.0679530828704496,0,0,0
"C675",0.0377964473009227,0.0620336841668722,-0.0589156376783227,0,0,0
"C676",0.0377964473009227,-0.0175434732530794,0,-0.031622429280037,0,0.0655474071119948
"C677",0.0377964473009227,0.0155984270542262,0.0421480985046235,0,0,0
"C678",0.0377964473009227,-0.0101855689816541,0,-0.0461859996318338,0,-0.0237785349231582
"C679",0.0377964473009227,0.0612147817536602,-0.111591187368501,0,0,0
"C680",0.0377964473009227,0.0140435694099173,0.0263836951979612,0,0,0
"C681",0.0377964473009227,-0.0221201347280123,0,-0.00423217789997694,0,0.119200207962562
"C682",0.0377964473009227,0.0132649683541156,0.0462220120112316,0,0,0
"C683",0.0377964473009227,0.0448399501020966,0.00558448389896376,0,0,0
"C684",0.0377964473009227,-0.0569499301470129,0,0.0765268922060952,0.0235794255108883,0
"C685",0.0377964473009227,-0.0536384128521922,0,0.0171570353903109,0.223555800350802,0
"C686",0.0377964473009227,-0.0467516421060864,0,0.0204189143444571,-0.0197159654889455,0
"C687",0.0377964473009227,0.0155481293670451,0.0507599971072132,0,0,0
"C688",0.0377964473009227,0.0387148796075143,-0.0128886910582031,0,0,0
"C689",0.0377964473009227,0.0365325403442794,0.00367546056684099,0,0,0
"C690",0.0377964473009227,0.0338997866172809,0.0161712983044642,0,0,0
"C691",0.0377964473009227,0.0672413050402704,-0.112548936628761,0,0,0
"C692",0.0377964473009227,-0.0307714484691066,0,-0.0336984709892787,0,-0.0263305468821067
"C693",0.0377964473009227,0.0049582503706288,0.0491890832033016,0,0,0
"C694",0.0377964473009227,0.00769463593441973,0.0513925068599683,0,0,0
"C695",0.0377964473009227,-0.046916173192069,0,0.00503548632566226,0.193086101454657,0
"C696",0.0377964473009227,0.0513645689193391,-0.0251259458152802,0,0,0
"C697",0.0377964473009227,-0.0437809238613226,0,-0.00625713496941435,0,-0.0535074328845503
"C698",0.0377964473009227,-0.0125634956533733,0,-0.0271239679995294,0,0.0470335293805134
"C699",0.0377964473009227,0.0585719011464132,-0.0680733972667268,0,0,0
"C700",0.0377964473009227,0.0529598681964825,-0.029340521915017,0,0,0
