"V1","V2","V3","V4","V5","V6","V7"
"Row0",0.0377964473009227,-0.00304338274634579,0,0,0,0,0
"Row1",0.0377964473009227,-0.000879566869051749,0,0,0,0,0
"Row2",0.0377964473009227,0.00340512124184543,0,0,0,0,0
"Row3",0.0377964473009227,-0.00048574425142256,0,0,0,0,0
"Row4",0.0377964473009227,-0.00409181589105493,0,0,0,0,0
"Row5",0.0377964473009227,-0.00330446874782145,0,0,0,0,0
"Row6",0.0377964473009227,0.000985639885943048,0,0,0,0,0
"Row7",0.0377964473009227,-0.00244149639912986,0,0,0,0,0
"Row8",0.0377964473009227,-0.00462929130692068,0,0,0,0,0
"Row9",0.0377964473009227,-0.00148647119918804,0,0,0,0,0
"Row10",0.0377964473009227,-0.00436528649230434,0,0,0,0,0
"Row11",0.0377964473009227,-0.00142218285022119,0,0,0,0,0
"Row12",0.0377964473009227,0.00126039022437346,0,0,0,0,0
"Row13",0.0377964473009227,-0.000272530027810197,0,0,0,0,0
"Row14",0.0377964473009227,-0.0025265063956854,0,0,0,0,0
"Row15",0.0377964473009227,-0.0026455909000391,0,0,0,0,0
"Row16",0.0377964473009227,-0.0022052383982985,0,0,0,0,0
"Row17",0.0377964473009227,-0.00129392245157952,0,0,0,0,0
"Row18",0.0377964473009227,-0.00281575198058854,0,0,0,0,0
"Row19",0.0377964473009227,-0.00492468580839915,0,0,0,0,0
"Row20",0.0377964473009227,-0.00198005308336666,0,0,0,0,0
"Row21",0.0377964473009227,-0.00494308771915628,0,0,0,0,0
"Row22",0.0377964473009227,-0.000921021535055965,0,0,0,0,0
"Row23",0.0377964473009227,-0.00120076343671048,0,0,0,0,0
"Row24",0.0377964473009227,-0.00144242504444496,0,0,0,0,0
"Row25",0.0377964473009227,-0.00423431165121583,0,0,0,0,0
"Row26",0.0377964473009227,-0.00239413877381576,0,0,0,0,0
"Row27",0.0377964473009227,0.000781266680981979,0,0,0,0,0
"Row28",0.0377964473009227,-0.0033160580035882,0,0,0,0,0
"Row29",0.0377964473009227,-0.00124758652818055,0,0,0,0,0
"Row30",0.0377964473009227,0.000421437527436766,0,0,0,0,0
"Row31",0.0377964473009227,-0.00286278056527658,0,0,0,0,0
"Row32",0.0377964473009227,-0.000349849635250095,0,0,0,0,0
"Row33",0.0377964473009227,-0.000943631443466135,0,0,0,0,0
"Row34",0.0377964473009227,0.000141025756075345,0,0,0,0,0
"Row35",0.0377964473009227,-0.00252520082399282,0,0,0,0,0
"Row36",0.0377964473009227,-0.00150796170366777,0,0,0,0,0
"Row37",0.0377964473009227,-0.0014564538395345,0,0,0,0,0
"Row38",0.0377964473009227,0.00361329328684226,0,0,0,0,0
"Row39",0.0377964473009227,-0.00458180830397876,0,0,0,0,0
"Row40",0.0377964473009227,-0.00414416430834552,0,0,0,0,0
"Row41",0.0377964473009227,-0.000934510648246886,0,0,0,0,0
"Row42",0.0377964473009227,-0.00127081194955437,0,0,0,0,0
"Row43",0.0377964473009227,-0.00170316352789853,0,0,0,0,0
"Row44",0.0377964473009227,0.00314532066654428,0,0,0,0,0
"Row45",0.0377964473009227,-0.000488055731922122,0,0,0,0,0
"Row46",0.0377964473009227,0.00130132490229613,0,0,0,0,0
"Row47",0.0377964473009227,0.000215849950480812,0,0,0,0,0
"Row48",0.0377964473009227,-0.00073228718192052,0,0,0,0,0
"Row49",0.0377964473009227,-0.00198281946893266,0,0,0,0,0
"Row50",0.0377964473009227,-0.00424164684957986,0,0,0,0,0
"Row51",0.0377964473009227,0.00189221862456041,0,0,0,0,0
"Row52",0.0377964473009227,-0.000182848988201762,0,0,0,0,0
"Row53",0.0377964473009227,-0.00307541382097383,0,0,0,0,0
"Row54",0.0377964473009227,-0.00176528774484667,0,0,0,0,0
"Row55",0.0377964473009227,-0.0012138287525083,0,0,0,0,0
"Row56",0.0377964473009227,0.000381574910755391,0,0,0,0,0
"Row57",0.0377964473009227,-0.00359485974952803,0,0,0,0,0
"Row58",0.0377964473009227,0.000165337618489913,0,0,0,0,0
"Row59",0.0377964473009227,-0.00268998985530489,0,0,0,0,0
"Row60",0.0377964473009227,-0.00342358057287102,0,0,0,0,0
"Row61",0.0377964473009227,0.00118807667509911,0,0,0,0,0
"Row62",0.0377964473009227,-0.0018746606893857,0,0,0,0,0
"Row63",0.0377964473009227,-0.00190538882556397,0,0,0,0,0
"Row64",0.0377964473009227,-0.00334682396928061,0,0,0,0,0
"Row65",0.0377964473009227,-0.00191501862291919,0,0,0,0,0
"Row66",0.0377964473009227,-0.00120743345346436,0,0,0,0,0
"Row67",0.0377964473009227,-0.00208161867105898,0,0,0,0,0
"Row68",0.0377964473009227,0.00118932738470497,0,0,0,0,0
"Row69",0.0377964473009227,0.00218104284539242,0,0,0,0,0
"Row70",0.0377964473009227,0.000301992776621817,0,0,0,0,0
"Row71",0.0377964473009227,-0.00238466427052522,0,0,0,0,0
"Row72",0.0377964473009227,-0.00572989759866602,0,0,0,0,0
"Row73",0.0377964473009227,-0.0001454573960967,0,0,0,0,0
"Row74",0.0377964473009227,-0.00414148014936825,0,0,0,0,0
"Row75",0.0377964473009227,-0.00409599980188127,0,0,0,0,0
"Row76",0.0377964473009227,0.000435450459488284,0,0,0,0,0
"Row77",0.0377964473009227,-0.000500371742594291,0,0,0,0,0
"Row78",0.0377964473009227,0.00193432749826494,0,0,0,0,0
"Row79",0.0377964473009227,-0.00259342877595526,0,0,0,0,0
"Row80",0.0377964473009227,-0.0054844049990261,0,0,0,0,0
"Row81",0.0377964473009227,-0.00523983450774818,0,0,0,0,0
"Row82",0.0377964473009227,0.00245158944216928,0,0,0,0,0
"Row83",0.0377964473009227,-7.42686595870803e-05,0,0,0,0,0
"Row84",0.0377964473009227,-0.00158433459385003,0,0,0,0,0
"Row85",0.0377964473009227,-0.00365855950421671,0,0,0,0,0
"Row86",0.0377964473009227,-0.00492198024613889,0,0,0,0,0
"Row87",0.0377964473009227,0.000100878243784468,0,0,0,0,0
"Row88",0.0377964473009227,-0.00221080196463601,0,0,0,0,0
"Row89",0.0377964473009227,7.34669655358882e-05,0,0,0,0,0
"Row90",0.0377964473009227,-0.00358894138071105,0,0,0,0,0
"Row91",0.0377964473009227,-0.00290823041415257,0,0,0,0,0
"Row92",0.0377964473009227,-0.00241284633264715,0,0,0,0,0
"Row93",0.0377964473009227,0.0007573342223183,0,0,0,0,0
"Row94",0.0377964473009227,-0.00420309952126385,0,0,0,0,0
"Row95",0.0377964473009227,-0.00496383769918669,0,0,0,0,0
"Row96",0.0377964473009227,0.000305725890897923,0,0,0,0,0
"Row97",0.0377964473009227,-0.00311588670581881,0,0,0,0,0
"Row98",0.0377964473009227,0.000433452974844201,0,0,0,0,0
"Row99",0.0377964473009227,-0.000309362595665466,0,0,0,0,0
"Row100",0.0377964473009227,0.032353039405127,-0.00571976292991771,0,0,0,0
"Row101",0.0377964473009227,0.0319391687640732,-0.0145017671672058,0,0.000627820140679079,0.247983535653028,0
"Row102",0.0377964473009227,0.0323252265236902,-0.00447316162116521,0,0,0,0
"Row103",0.0377964473009227,0.0327321893085813,-0.000191866478164612,0,0,0,0
"Row104",0.0377964473009227,0.0328538251655083,-0.0111573421434015,0,0.000678350000269144,0.258455395885979,0
"Row105",0.0377964473009227,0.030809673172568,-0.00293191160224223,0,0,0,0
"Row106",0.0377964473009227,0.0280082670574722,-0.00188698892949283,0,0,0,0
"Row107",0.0377964473009227,0.031091441212582,-0.00349800466499061,0,0,0,0
"Row108",0.0377964473009227,0.0320270672855462,-0.00425218041772306,0,0,0,0
"Row109",0.0377964473009227,0.0332837193257966,-0.0156373492669034,0,0.000797827893862294,0.257843238708964,0
"Row110",0.0377964473009227,0.032236114127586,-0.00535358823998783,0,0,0,0
"Row111",0.0377964473009227,0.0321356163127305,-0.00669943671708293,0,0,0,0
"Row112",0.0377964473009227,0.0323932730338579,-0.0100403996169857,0,0.000634144647478041,0.257461456957885,0
"Row113",0.0377964473009227,0.0290449111847874,-0.0127551889646899,0,0.000622532927298894,0.248982347211159,0
"Row114",0.0377964473009227,0.031177796241807,-0.00744291842335778,0,0,0,0
"Row115",0.0377964473009227,0.0338056703358089,-0.000105914622428125,0,0,0,0
"Row116",0.0377964473009227,0.0288590725059173,0.00414641188729302,0,0,0,0
"Row117",0.0377964473009227,0.0332345214959489,-0.000374493115680198,0,0,0,0
"Row118",0.0377964473009227,0.0326071735041534,-0.0066575032053204,0,0,0,0
"Row119",0.0377964473009227,0.033293883676411,-0.00906155918204209,0,0,0,0
"Row120",0.0377964473009227,0.0323120462334487,-0.00875137869747408,0,0,0,0
"Row121",0.0377964473009227,0.0338029905287015,-0.0111219632647748,0,0.000823790026033872,0.236768209177514,0
"Row122",0.0377964473009227,0.0348032186152326,-0.00127455376417311,0,0,0,0
"Row123",0.0377964473009227,0.0307539514416647,-0.0068404344208291,0,0,0,0
"Row124",0.0377964473009227,0.0309564859763258,0.00235488605432259,0,0,0,0
"Row125",0.0377964473009227,0.0312176778400111,-0.00281074738722813,0,0,0,0
"Row126",0.0377964473009227,0.0300804500716962,-0.00487519120572821,0,0,0,0
"Row127",0.0377964473009227,0.030475273820589,-0.00262385723191374,0,0,0,0
"Row128",0.0377964473009227,0.0303265577211566,-0.00458427242217382,0,0,0,0
"Row129",0.0377964473009227,0.0328555234535306,-0.00488383482317916,0,0,0,0
"Row130",0.0377964473009227,0.0320040987710651,-0.00326282215452147,0,0,0,0
"Row131",0.0377964473009227,0.0344439304270858,-0.00726291392200105,0,0,0,0
"Row132",0.0377964473009227,0.0343161839610917,-0.0125286641007616,0,0.000800535468603656,0.262085087043076,0
"Row133",0.0377964473009227,0.0347364438761496,-0.00462796011640478,0,0,0,0
"Row134",0.0377964473009227,0.033840157979867,-0.00570268915151827,0,0,0,0
"Row135",0.0377964473009227,0.0288640732189806,-0.00331030939750641,0,0,0,0
"Row136",0.0377964473009227,0.0342698090557379,-0.0031172191788036,0,0,0,0
"Row137",0.0377964473009227,0.0349553085188707,-0.00498487141883881,0,0,0,0
"Row138",0.0377964473009227,0.0344942505344422,-0.00471098223808026,0,0,0,0
"Row139",0.0377964473009227,0.038252414410211,-0.0053775848029635,0,0,0,0
"Row140",0.0377964473009227,0.0296054145244152,-0.0084528049742609,0,0,0,0
"Row141",0.0377964473009227,0.0296916173941735,-0.00244496510919549,0,0,0,0
"Row142",0.0377964473009227,0.0323518572359057,-0.00163926689936168,0,0,0,0
"Row143",0.0377964473009227,0.0297246041367645,-0.00435510675469586,0,0,0,0
"Row144",0.0377964473009227,0.0287539906113287,-0.00327340420699185,0,0,0,0
"Row145",0.0377964473009227,0.0306156127274673,-0.0039544543159805,0,0,0,0
"Row146",0.0377964473009227,0.0327561146204139,-0.00147484141583297,0,0,0,0
"Row147",0.0377964473009227,0.0257311143024648,-0.00674405182449114,0,0,0,0
"Row148",0.0377964473009227,0.0340332984281943,-0.0026206278213979,0,0,0,0
"Row149",0.0377964473009227,0.0356982525635412,-0.0106758326199372,0,0.000530978262517526,0.294195824398441,0
"Row150",0.0377964473009227,0.0283397503354413,-0.0144571000546103,0,0.000676390946656471,0.247458752682027,0
"Row151",0.0377964473009227,0.0288500955001969,-0.00908721094643393,0,0,0,0
"Row152",0.0377964473009227,0.0351013580510449,0.000648298091416034,0,0,0,0
"Row153",0.0377964473009227,0.0314799662689067,-0.00886096171860373,0,0,0,0
"Row154",0.0377964473009227,0.0294256362400492,-0.00803265836585804,0,0,0,0
"Row155",0.0377964473009227,0.0327389543285967,-0.00421173428167842,0,0,0,0
"Row156",0.0377964473009227,0.0302089155353778,-0.0145946728571244,0,0.000794446524909978,0.238906136556455,0
"Row157",0.0377964473009227,0.0297308034930271,-0.00317377186133058,0,0,0,0
"Row158",0.0377964473009227,0.0305662747339236,-0.0114096286948079,0,0.000658704251326235,0.276156852555913,0
"Row159",0.0377964473009227,0.0329463227809808,-0.00936720342046546,0,0,0,0
"Row160",0.0377964473009227,0.0329252093966633,0.00452677295646171,0,0,0,0
"Row161",0.0377964473009227,0.0317211989988506,-0.00783475721280421,0,0,0,0
"Row162",0.0377964473009227,0.03453744536796,-0.00596848447962742,0,0,0,0
"Row163",0.0377964473009227,0.0329202117193778,-0.00726255058243765,0,0,0,0
"Row164",0.0377964473009227,0.0337145692780789,-0.0109113841861276,0,0.000472978707015657,0.30883885053421,0
"Row165",0.0377964473009227,0.0279628308438658,-0.00378974673520217,0,0,0,0
"Row166",0.0377964473009227,0.0289251505657265,-0.000392465789261744,0,0,0,0
"Row167",0.0377964473009227,0.0304525804176732,-0.00779424766315613,0,0,0,0
"Row168",0.0377964473009227,0.0321921324050396,-0.00999199187909282,0,0,0,0
"Row169",0.0377964473009227,0.0338529421806618,-0.00772184668880182,0,0,0,0
"Row170",0.0377964473009227,0.0326362557910149,-0.0010588181096068,0,0,0,0
"Row171",0.0377964473009227,0.0308604531688099,-0.0062550818831624,0,0,0,0
"Row172",0.0377964473009227,0.033283884740085,-0.00316013314789874,0,0,0,0
"Row173",0.0377964473009227,0.0325225474806028,-0.00168257243177083,0,0,0,0
"Row174",0.0377964473009227,0.0328536541384896,-0.00650253964508467,0,0,0,0
"Row175",0.0377964473009227,0.0346784268080914,-0.0106049916023411,0,0.000599426546019702,0.270738957447499,0
"Row176",0.0377964473009227,0.029344946815339,-0.00801155081165181,0,0,0,0
"Row177",0.0377964473009227,0.0311698247922842,-0.00739271509744537,0,0,0,0
"Row178",0.0377964473009227,0.0289919556497051,-0.00529003418877614,0,0,0,0
"Row179",0.0377964473009227,0.0288815139330917,-0.00336439087168288,0,0,0,0
"Row180",0.0377964473009227,0.0358971515693653,-0.00467084859549541,0,0,0,0
"Row181",0.0377964473009227,0.0315671341963831,-3.04566877863021e-05,0,0,0,0
"Row182",0.0377964473009227,0.0322403183880234,-0.00826432774885535,0,0,0,0
"Row183",0.0377964473009227,0.0288677056023065,-0.0035417885319119,0,0,0,0
"Row184",0.0377964473009227,0.0282078535025621,-0.00255665001154288,0,0,0,0
"Row185",0.0377964473009227,0.0335476817278446,-0.00572581293200745,0,0,0,0
"Row186",0.0377964473009227,0.0350087757337361,-0.00122054979157347,0,0,0,0
"Row187",0.0377964473009227,0.029786533673494,-0.00374462979636079,0,0,0,0
"Row188",0.0377964473009227,0.03267799435968,-0.00108003032661971,0,0,0,0
"Row189",0.0377964473009227,0.0313193554021977,-0.00817724330618003,0,0,0,0
"Row190",0.0377964473009227,0.0307533446631448,-0.00721112904653942,0,0,0,0
"Row191",0.0377964473009227,0.0323356054811101,-0.0126664313956632,0,0.00105995180548872,0.224098563522833,0
"Row192",0.0377964473009227,0.033330639817204,-0.000896523205825652,0,0,0,0
"Row193",0.0377964473009227,0.0306445674828473,-0.00874012141241939,0,0,0,0
"Row194",0.0377964473009227,0.0274418205316926,-0.0029156177614196,0,0,0,0
"Row195",0.0377964473009227,0.0295106450787321,0.000320892307589426,0,0,0,0
"Row196",0.0377964473009227,0.0311196729217462,0.00335880973519454,0,0,0,0
"Row197",0.0377964473009227,0.0320492996607668,-0.00921429500021863,0,0,0,0
"Row198",0.0377964473009227,0.0336690883134078,-0.00673666368500111,0,0,0,0
"Row199",0.0377964473009227,0.0304328000035302,-0.0107954056919521,0,0.000804798682673849,0.227237181426517,0
"Row200",0.0377964473009227,-0.0344121780659583,0,0.00994435674009576,0,0,0
"Row201",0.0377964473009227,-0.0330772394221384,0,0.00256797362621229,0,0,0
"Row202",0.0377964473009227,-0.0307713737923702,0,0.000718025026260756,0,0,0
"Row203",0.0377964473009227,-0.0326420679235178,0,0.00161731445233738,0,0,0
"Row204",0.0377964473009227,-0.029973718919067,0,-0.000151324303002433,0,0,0
"Row205",0.0377964473009227,-0.0304707490387362,0,0.00700959462604658,0,0,0
"Row206",0.0377964473009227,-0.0321775429840029,0,-7.40177199949566e-05,0,0,0
"Row207",0.0377964473009227,-0.0327524128285138,0,0.00251674253680893,0,0,0
"Row208",0.0377964473009227,-0.0352838514718651,0,-0.000190431458934911,0,0,0
"Row209",0.0377964473009227,-0.0301406061067814,0,0.00404119625676416,0,0,0
"Row210",0.0377964473009227,-0.0283961253227928,0,0.00452409381429371,0,0,0
"Row211",0.0377964473009227,-0.0353260578109171,0,0.00260057679893631,0,0,0
"Row212",0.0377964473009227,-0.0324296144901097,0,0.00132334410516193,0,0,0
"Row213",0.0377964473009227,-0.0304411776686025,0,0.00143907393984533,0,0,0
"Row214",0.0377964473009227,-0.0310950334827273,0,0.00201517467483794,0,0,0
"Row215",0.0377964473009227,-0.0306496776247045,0,0.000456060155557742,0,0,0
"Row216",0.0377964473009227,-0.0312975351492087,0,-0.000201706048819503,0,0,0
"Row217",0.0377964473009227,-0.0291488163434278,0,0.00212198651359158,0,0,0
"Row218",0.0377964473009227,-0.0339891760123426,0,0.00209272070686703,0,0,0
"Row219",0.0377964473009227,-0.0379032316465412,0,0.00347642835061134,0,0,0
"Row220",0.0377964473009227,-0.0304818581505175,0,0.00149189311140549,0,0,0
"Row221",0.0377964473009227,-0.033677517644251,0,-0.000322624982393048,0,0,0
"Row222",0.0377964473009227,-0.0358452912762782,0,0.000945800079686271,0,0,0
"Row223",0.0377964473009227,-0.0327248298009916,0,0.00169498837809813,0,0,0
"Row224",0.0377964473009227,-0.0317175494321934,0,0.00819206666009737,0,0,0
"Row225",0.0377964473009227,-0.0304256233570401,0,0.000102167317750947,0,0,0
"Row226",0.0377964473009227,-0.0290836841817486,0,0.00673613812802347,0,0,0
"Row227",0.0377964473009227,-0.0329263342589137,0,0.0016111940559076,0,0,0
"Row228",0.0377964473009227,-0.0337179371044246,0,0.00822722064885773,0,0,0
"Row229",0.0377964473009227,-0.0311096267808453,0,0.00500256372429108,0,0,0
"Row230",0.0377964473009227,-0.0320697853742758,0,0.00259693763512029,0,0,0
"Row231",0.0377964473009227,-0.030340654337736,0,0.00119211448053197,0,0,0
"Row232",0.0377964473009227,-0.0275758349609606,0,-0.00221487606227588,0,0,0
"Row233",0.0377964473009227,-0.0299347137375287,0,0.00441095347372451,0,0,0
"Row234",0.0377964473009227,-0.0298940789163594,0,0.000737595575885958,0,0,0
"Row235",0.0377964473009227,-0.0330684251289708,0,0.000271685411717693,0,0,0
"Row236",0.0377964473009227,-0.0331307703081201,0,0.000132377555301655,0,0,0
"Row237",0.0377964473009227,-0.0317353390515401,0,0.00432292072303867,0,0,0
"Row238",0.0377964473009227,-0.0340032857413039,0,0.00221839568560373,0,0,0
"Row239",0.0377964473009227,-0.0333256944803999,0,0.000342317991587054,0,0,0
"Row240",0.0377964473009227,-0.0320874131074996,0,0.000161849971957993,0,0,0
"Row241",0.0377964473009227,-0.0308348872119417,0,-0.000196167628577624,0,0,0
"Row242",0.0377964473009227,-0.0314440294767327,0,0.00137755835290219,0,0,0
"Row243",0.0377964473009227,-0.0309584774374661,0,0.00149169931317407,0,0,0
"Row244",0.0377964473009227,-0.0325909754104834,0,0.00815498853951639,0,0,0
"Row245",0.0377964473009227,-0.0332346727157347,0,0.000117388756897056,0,0,0
"Row246",0.0377964473009227,-0.033382594119229,0,0.00214790140566012,0,0,0
"Row247",0.0377964473009227,-0.0316041962683469,0,-0.000264960628598385,0,0,0
"Row248",0.0377964473009227,-0.0340674047399355,0,0.00111079416596081,0,0,0
"Row249",0.0377964473009227,-0.0357010619965844,0,0.000232629775704702,0,0,0
"Row250",0.0377964473009227,-0.0342646597267517,0,0.00177496584388302,0,0,0
"Row251",0.0377964473009227,-0.033767245921438,0,0.00423243924085152,0,0,0
"Row252",0.0377964473009227,-0.0297640213845085,0,0.0012314471351485,0,0,0
"Row253",0.0377964473009227,-0.0328243039397231,0,-0.000573903221084589,0,0,0
"Row254",0.0377964473009227,-0.0330376555794999,0,-0.00334099891112572,0,0,0
"Row255",0.0377964473009227,-0.0349371983884473,0,-1.0215545565357e-05,0,0,0
"Row256",0.0377964473009227,-0.0346326815066157,0,0.000275091633121247,0,0,0
"Row257",0.0377964473009227,-0.0280739672114738,0,0.00192023694798879,0,0,0
"Row258",0.0377964473009227,-0.0303486210679728,0,0.00224454156903732,0,0,0
"Row259",0.0377964473009227,-0.0329267956007934,0,0.00701813028581987,0,0,0
"Row260",0.0377964473009227,-0.0357983734558856,0,0.00472377802538934,0,0,0
"Row261",0.0377964473009227,-0.031340617919374,0,-0.000387935277868249,0,0,0
"Row262",0.0377964473009227,-0.0331609770041878,0,-0.00116416977942077,0,0,0
"Row263",0.0377964473009227,-0.0311766210382134,0,0.000415657984432189,0,0,0
"Row264",0.0377964473009227,-0.0322644464004345,0,0.00031975473944471,0,0,0
"Row265",0.0377964473009227,-0.0315230496555241,0,0.000710566529221751,0,0,0
"Row266",0.0377964473009227,-0.0296512421548606,0,0.000381184474131891,0,0,0
"Row267",0.0377964473009227,-0.0297026970138449,0,-0.000121104639396629,0,0,0
"Row268",0.0377964473009227,-0.0339525310851358,0,0.000804501343553676,0,0,0
"Row269",0.0377964473009227,-0.0337124487945935,0,0.00292106054463138,0,0,0
"Row270",0.0377964473009227,-0.0296141923663273,0,-0.000165896487746076,0,0,0
"Row271",0.0377964473009227,-0.0335484569595021,0,0.0137635015328056,0,0,0.00222805870468435
"Row272",0.0377964473009227,-0.0354156831224913,0,0.000212200180671432,0,0,0
"Row273",0.0377964473009227,-0.0289254142182567,0,0.000118493902940145,0,0,0
"Row274",0.0377964473009227,-0.0310656373435524,0,0.00130030410017813,0,0,0
"Row275",0.0377964473009227,-0.0335204915107967,0,-0.000556960100181261,0,0,0
"Row276",0.0377964473009227,-0.0281439468316129,0,0.00123614673671815,0,0,0
"Row277",0.0377964473009227,-0.0350324163785376,0,0.00100294826442807,0,0,0
"Row278",0.0377964473009227,-0.0285682954373014,0,0.00276795606732681,0,0,0
"Row279",0.0377964473009227,-0.0307117431935677,0,-0.00142146524740267,0,0,0
"Row280",0.0377964473009227,-0.0367893894523276,0,0.000224661073221358,0,0,0
"Row281",0.0377964473009227,-0.0349231069349447,0,0.00131689359854387,0,0,0
"Row282",0.0377964473009227,-0.0325371343185903,0,0.000682076072557714,0,0,0
"Row283",0.0377964473009227,-0.0341582270930856,0,0.00456243662522329,0,0,0
"Row284",0.0377964473009227,-0.0327434923879205,0,0.00257493974798761,0,0,0
"Row285",0.0377964473009227,-0.0345660603027201,0,0.000986574362209098,0,0,0
"Row286",0.0377964473009227,-0.033685227705947,0,-0.000594822607749516,0,0,0
"Row287",0.0377964473009227,-0.0283645734584173,0,0.00102249687439947,0,0,0
"Row288",0.0377964473009227,-0.0338128899740023,0,0.00170903657809395,0,0,0
"Row289",0.0377964473009227,-0.0314250328306405,0,0.00417994528425861,0,0,0
"Row290",0.0377964473009227,-0.0314460075450866,0,0.00302258573245237,0,0,0
"Row291",0.0377964473009227,-0.0363986253199232,0,0.000661035712352271,0,0,0
"Row292",0.0377964473009227,-0.0338902950177373,0,0.00706574161836275,0,0,0
"Row293",0.0377964473009227,-0.0354223615924412,0,0.00030436135748202,0,0,0
"Row294",0.0377964473009227,-0.0336400475821446,0,0.00231544041670599,0,0,0
"Row295",0.0377964473009227,-0.0306104589035476,0,0.00222947897713863,0,0,0
"Row296",0.0377964473009227,-0.0304993103798613,0,-0.000431949586870658,0,0,0
"Row297",0.0377964473009227,-0.0333904252541683,0,0.00630969340313683,0,0,0
"Row298",0.0377964473009227,-0.033838920697552,0,0.00365040187218911,0,0,0
"Row299",0.0377964473009227,-0.0317889339056933,0,0.000298082440017836,0,0,0
"Row300",0.0377964473009227,0.0481957771677717,0.068744352161883,0,0.0435755560024712,0,0
"Row301",0.0377964473009227,0.0468537895479241,0.0711430418257376,0,0.0527917179420643,0,0
"Row302",0.0377964473009227,0.0465699127524338,0.0718644045935206,0,0.0568532445796623,0,0
"Row303",0.0377964473009227,0.0490367829271053,0.0727534923634385,0,0.0843849257469416,0,0
"Row304",0.0377964473009227,0.0433253849427428,0.076141175269087,0,0.075123128454848,0,0
"Row305",0.0377964473009227,0.0464648774482543,0.0725047385165038,0,0.0581818206860544,0,0
"Row306",0.0377964473009227,0.0402514594721525,0.079276089884912,0,0.0794190278488886,0,0
"Row307",0.0377964473009227,0.0486322599003059,0.0720130586682769,0,0.0846699418643339,0,0
"Row308",0.0377964473009227,0.0440055123687961,0.0715055156979182,0,0.045411969616932,0,0
"Row309",0.0377964473009227,0.0464561031105428,0.072740864776991,0,0.0373236182043204,0,0
"Row310",0.0377964473009227,0.0423178848170445,0.0700458694657859,0,0.0690732745625271,0,0
"Row311",0.0377964473009227,0.0445845876890495,0.0779526303486167,0,0.072639964402641,0,0
"Row312",0.0377964473009227,0.0417356058989432,0.073617678668719,0,0.0433904318116582,0,0
"Row313",0.0377964473009227,0.043992456277346,0.0768212999045366,0,0.0667877598168823,0,0
"Row314",0.0377964473009227,0.0476574929875067,0.0726202147485726,0,0.0419445750896859,0,0
"Row315",0.0377964473009227,0.0446755128347135,0.0733103889882529,0,0.0864573311136546,0,0
"Row316",0.0377964473009227,0.0427244166866619,0.0685520162433187,0,0.0589036934907514,0,0
"Row317",0.0377964473009227,0.0466229565995031,0.0680910382499123,0,0.0535422594899315,0,0
"Row318",0.0377964473009227,0.0435950857110212,0.0727709104334889,0,0.0576284917137622,0,0
"Row319",0.0377964473009227,0.0433184619532507,0.078622390884769,0,0.067426061638283,0,0
"Row320",0.0377964473009227,0.0437336584404623,0.0733819122967668,0,0.0820632089268492,0,0
"Row321",0.0377964473009227,0.0418671638391321,0.0701145613636034,0,0.0677226761254776,0,0
"Row322",0.0377964473009227,0.0437293451016776,0.0717696046886342,0,0.0559328456645135,0,0
"Row323",0.0377964473009227,0.0407203559801094,0.0747094364962408,0,0.0471656124177594,0,0
"Row324",0.0377964473009227,0.0490539866256498,0.0720307674647138,0,0.0687574071858399,0,0
"Row325",0.0377964473009227,0.0441843251263507,0.0741569640951168,0,0.0590768077157366,0,0
"Row326",0.0377964473009227,0.0437645117654297,0.071125481906749,0,0.0700581808575382,0,0
"Row327",0.0377964473009227,0.0456476813469225,0.0711201909086896,0,0.0379939700413542,0,0
"Row328",0.0377964473009227,0.0491377428211297,0.0792734057468379,0,0.0745864830806876,0,0
"Row329",0.0377964473009227,0.0485673853872715,0.0717725378929652,0,0.0621365815939423,0,0
"Row330",0.0377964473009227,0.0459827163366711,0.0786600208336566,0,0.0613174258356108,0,0
"Row331",0.0377964473009227,0.0463365685210749,0.0746048837147128,0,0.0709685648234438,0,0
"Row332",0.0377964473009227,0.0456872821434992,0.07708850743941,0,0.0776005459040595,0,0
"Row333",0.0377964473009227,0.0423145214766314,0.0735209439410085,0,0.0623798711013246,0,0
"Row334",0.0377964473009227,0.0428051644416988,0.0703629966350473,0,0.0686649569376742,0,0
"Row335",0.0377964473009227,0.0477939886856956,0.0759240815682874,0,0.0642226100345536,0,0
"Row336",0.0377964473009227,0.0458587222117258,0.0687483458613419,0,0.0628673540520484,0,0
"Row337",0.0377964473009227,0.0454439161562135,0.0782836433715526,0,0.0571712474750803,0,0
"Row338",0.0377964473009227,0.0464655662440452,0.0748298362260715,0,0.0737560043464446,0,0
"Row339",0.0377964473009227,0.0463879751752975,0.0718723273786814,0,0.0336413234768888,0,0
"Row340",0.0377964473009227,0.0444998531838053,0.0707401245866265,0,0.0542307699699594,0,0
"Row341",0.0377964473009227,0.0423126116124689,0.0729771814820004,0,0.05720074370514,0,0
"Row342",0.0377964473009227,0.0448105016305951,0.0791813178826735,0,0.07007644830899,0,0
"Row343",0.0377964473009227,0.0450561495039055,0.0756291352450393,0,0.0620456260700205,0,0
"Row344",0.0377964473009227,0.0419210620592348,0.081265571536042,0,0.0418420927270909,0,0
"Row345",0.0377964473009227,0.0448167783825136,0.0728247024349796,0,0.070887373593921,0,0
"Row346",0.0377964473009227,0.0430520617598272,0.0751660579694518,0,0.0661692231044126,0,0
"Row347",0.0377964473009227,0.0454965878240219,0.0757788364890536,0,0.0450379410693742,0,0
"Row348",0.0377964473009227,0.0412014402899685,0.0698519829240835,0,0.0501592712975671,0,0
"Row349",0.0377964473009227,0.0494234248854505,0.0739883898218713,0,0.0328832996152688,0,0
"Row350",0.0377964473009227,0.0470858060471398,0.0766973290435467,0,0.0746530847641938,0,0
"Row351",0.0377964473009227,0.0488174977845539,0.0665643916288242,0,0.0790365342524599,0,0
"Row352",0.0377964473009227,0.0456425749269571,0.0821343409298989,0,0.0481926225531416,0,0
"Row353",0.0377964473009227,0.0447388076244933,0.0798397956599419,0,0.0790640929394467,0,0
"Row354",0.0377964473009227,0.0461935087151071,0.0723138721177839,0,0.0653435067841345,0,0
"Row355",0.0377964473009227,0.0481183311337853,0.0807691094868591,0,0.0551714239730433,0,0
"Row356",0.0377964473009227,0.045910158949096,0.0703118299804589,0,0.0681469473379735,0,0
"Row357",0.0377964473009227,0.0480151720261575,0.0716172810748919,0,0.0543203411102911,0,0
"Row358",0.0377964473009227,0.0448873815398002,0.0776529148583571,0,0.0497846097178292,0,0
"Row359",0.0377964473009227,0.0431562296416143,0.0779634790678234,0,0.0289829408680861,0,0
"Row360",0.0377964473009227,0.0492609745869307,0.0755295985259277,0,0.0646468473290785,0,0
"Row361",0.0377964473009227,0.0459540538725739,0.0730162523995782,0,0.0542393639051931,0,0
"Row362",0.0377964473009227,0.0471266721554526,0.0679794239046384,0,0.0518473683474075,0,0
"Row363",0.0377964473009227,0.0444397002222479,0.072875136522664,0,0.0680209546813146,0,0
"Row364",0.0377964473009227,0.0420929845839341,0.0711063275825381,0,0.0515185161741149,0,0
"Row365",0.0377964473009227,0.0435143317603525,0.0726449863050321,0,0.0553758972601078,0,0
"Row366",0.0377964473009227,0.0467830826262361,0.0747512760522608,0,0.0610409749907038,0,0
"Row367",0.0377964473009227,0.0415411197747244,0.077548209472252,0,0.0683230507167591,0,0
"Row368",0.0377964473009227,0.0408593508923815,0.0662910019526587,0,0.0808319908578739,0,0
"Row369",0.0377964473009227,0.0415370093785322,0.0733677360115489,0,0.0751972454626239,0,0
"Row370",0.0377964473009227,0.0471395478804804,0.0698324306038339,0,0.0837007674527441,0,0
"Row371",0.0377964473009227,0.046250735732292,0.0783337265311816,0,0.0872845342467925,0,0
"Row372",0.0377964473009227,0.0440388145124508,0.0718411778981174,0,0.0620666443403708,0,0
"Row373",0.0377964473009227,0.0451231791467497,0.0687747201930063,0,0.0651604169061342,0,0
"Row374",0.0377964473009227,0.0467054171655504,0.0752378552899242,0,0.0653479860063166,0,0
"Row375",0.0377964473009227,0.0484721487299665,0.0691893993906569,0,0.0566681603359355,0,0
"Row376",0.0377964473009227,0.0455194851328271,0.0731684945137668,0,0.0300912549372623,0,0
"Row377",0.0377964473009227,0.0445844048707199,0.0747447637442397,0,0.051293627850194,0,0
"Row378",0.0377964473009227,0.044923127025065,0.0765396716412102,0,0.0650907977216556,0,0
"Row379",0.0377964473009227,0.0442850737975141,0.0674975432788124,0,0.0695932711443346,0,0
"Row380",0.0377964473009227,0.0426090136398149,0.0723813290243756,0,0.0458354089030752,0,0
"Row381",0.0377964473009227,0.0447865352665682,0.0729866315179779,0,0.0833325315539741,0,0
"Row382",0.0377964473009227,0.0476099204968211,0.0707051060373621,0,0.0374996582683916,0,0
"Row383",0.0377964473009227,0.0473890669439241,0.0836879262821626,0,0.0523296525923201,0,0
"Row384",0.0377964473009227,0.0497739181619977,0.0684775020597885,0,0.0781391887045846,0,0
"Row385",0.0377964473009227,0.0454171215469442,0.0673754769514897,0,0.0747804904054363,0,0
"Row386",0.0377964473009227,0.0461747053524249,0.0738134534727738,0,0.0828055980172609,0,0
"Row387",0.0377964473009227,0.0481775045901975,0.0706049673914975,0,0.0355888439942434,0,0
"Row388",0.0377964473009227,0.0442164569412422,0.0745580441229964,0,0.0757291950328291,0,0
"Row389",0.0377964473009227,0.0421086613676226,0.0750139560216803,0,0.0680385827900384,0,0
"Row390",0.0377964473009227,0.0489375489532622,0.0714723048141431,0,0.0511248160901582,0,0
"Row391",0.0377964473009227,0.0468329189029804,0.072591119405142,0,0.0642949215133084,0,0
"Row392",0.0377964473009227,0.0469736447557001,0.0695164835748509,0,0.0620821609963976,0,0
"Row393",0.0377964473009227,0.0454004315464154,0.0748264555384147,0,0.0752182029678054,0,0
"Row394",0.0377964473009227,0.0456185167226984,0.0776244624519789,0,0.0625849923802987,0,0
"Row395",0.0377964473009227,0.0418222785861297,0.07011557010694,0,0.0692200986003881,0,0
"Row396",0.0377964473009227,0.046034993780231,0.0761165853686094,0,0.0699841900547941,0,0
"Row397",0.0377964473009227,0.0461514613777082,0.0756463488505619,0,0.0600386889555336,0,0
"Row398",0.0377964473009227,0.0436288948825921,0.0729977859669272,0,0.0706348791914793,0,0
"Row399",0.0377964473009227,0.0454156000042599,0.0712159217686403,0,0.0411700162159469,0,0
"Row400",0.0377964473009227,0.0451471332041526,-0.0609684058207381,0,0.0915425475724046,0.000204744371564651,0
"Row401",0.0377964473009227,0.0479943130625491,-0.0639856706466205,0,0.0814874250080395,-0.000790370181452737,0
"Row402",0.0377964473009227,0.045384711327294,-0.0716828995211331,0,0.0735858855436287,-0.00165142979865142,0
"Row403",0.0377964473009227,0.0478180105738904,-0.0732969528109135,0,0.085212221950435,-0.00278593245375406,0
"Row404",0.0377964473009227,0.0444207594647943,-0.0710637734675452,0,0.096853764051409,-0.000707526943813798,0
"Row405",0.0377964473009227,0.0443389730335049,-0.0719944415150995,0,0.0659324701270664,-3.33413646614542e-05,0
"Row406",0.0377964473009227,0.0486814903745776,-0.0767111616295783,0,0.0922721545663719,-0.000265806127604486,0
"Row407",0.0377964473009227,0.0458868215305923,-0.0704853359147777,0,0.074135781697541,0.000538923352072213,0
"Row408",0.0377964473009227,0.0429672990480818,-0.0678270641606452,0,0.0916311349171179,-0.000688499704192934,0
"Row409",0.0377964473009227,0.042740338905809,-0.0648110318062899,0,0.0944188219844782,-0.000259004540686572,0
"Row410",0.0377964473009227,0.0410800168417861,-0.0674123982511943,0,0.048528971355475,0.000198207266988715,0
"Row411",0.0377964473009227,0.0452801043972944,-0.064309764903399,0,0.0809455094732758,-0.00146238671053869,0
"Row412",0.0377964473009227,0.0449903427857539,-0.0654915337865509,0,0.0885944628088026,5.36526115393967e-05,0
"Row413",0.0377964473009227,0.0446115617917701,-0.0735158689353764,0,0.0446020718778993,-0.000193821919539764,0
"Row414",0.0377964473009227,0.0452649330864143,-0.0719635642182908,0,0.0722504061106025,-0.000661383401821952,0
"Row415",0.0377964473009227,0.0453534208419425,-0.0653755261861537,0,0.0736855843673628,0.000448277889801212,0
"Row416",0.0377964473009227,0.0454287894215809,-0.0660146880841384,0,0.0591006902676581,7.92978563982738e-05,0
"Row417",0.0377964473009227,0.0513840565659294,-0.0741595511506659,0,0.0791333775779819,-0.000258892250480255,0
"Row418",0.0377964473009227,0.0487029575477681,-0.0648093202050076,0,0.0547315316486774,-0.000525564229154266,0
"Row419",0.0377964473009227,0.0435175359093759,-0.0608829697981435,0,0.0995723240814603,-0.000525791514635604,0
"Row420",0.0377964473009227,0.0436885708326281,-0.0705909266539395,0,0.0513123595942627,-0.000433431814165739,0
"Row421",0.0377964473009227,0.0423860106152825,-0.0695325220950578,0,0.0692908988695944,-0.000290904741017475,0
"Row422",0.0377964473009227,0.0456798478856493,-0.0712855561739866,0,0.0752855883385529,-9.37916211616844e-05,0
"Row423",0.0377964473009227,0.0430765507515475,-0.0688012338654747,0,0.0704099356717389,-0.000129190760390158,0
"Row424",0.0377964473009227,0.0454835921793466,-0.0665278486793867,0,0.097160392075905,-0.00348605531580407,0
"Row425",0.0377964473009227,0.0461009137165541,-0.0702838216070917,0,0.0402894750511131,0.000185990581253117,0
"Row426",0.0377964473009227,0.0418881724802248,-0.0596918721218802,0,0.088581531719615,-0.00023237136391343,0
"Row427",0.0377964473009227,0.044342733188151,-0.0796240391614071,0,0.0865313684036069,-0.00036675810766923,0
"Row428",0.0377964473009227,0.0483698759150739,-0.069712643286996,0,0.0800183783563279,-4.07362227046174e-05,0
"Row429",0.0377964473009227,0.0466353874962376,-0.0715932234413526,0,0.0750467279918613,-0.000298937019776813,0
"Row430",0.0377964473009227,0.0404790389036178,-0.0704696922175422,0,0.0969467975527059,-0.000332361808432561,0
"Row431",0.0377964473009227,0.0433951788898094,-0.0615651475833736,0,0.0788300144529034,-0.000175940959579335,0
"Row432",0.0377964473009227,0.0492318944759358,-0.0649567507171839,0,0.0813960746060887,-0.00035101092203091,0
"Row433",0.0377964473009227,0.0440186523547872,-0.0664887266851706,0,0.0687361570006722,-0.00144954910082026,0
"Row434",0.0377964473009227,0.044797896999459,-0.0704015733875349,0,0.0777075771462784,-6.18090278579274e-05,0
"Row435",0.0377964473009227,0.0518928256815016,-0.0661762798122669,0,0.0760637667921674,-0.00305816345494438,0
"Row436",0.0377964473009227,0.0496937321435616,-0.0664583244329027,0,0.0632381394283503,4.47597123111046e-05,0
"Row437",0.0377964473009227,0.0445018887447005,-0.0647255737357876,0,0.0632882479521936,-0.00155348709456875,0
"Row438",0.0377964473009227,0.0425257289266453,-0.0672896888042283,0,0.0916793630472752,-0.000630631866458812,0
"Row439",0.0377964473009227,0.0474960652667067,-0.060837324773675,0,0.069911654279738,-4.80314950457299e-05,0
"Row440",0.0377964473009227,0.0390104093343657,-0.0618494507385362,0,0.0870856249095076,-0.000292100454112703,0
"Row441",0.0377964473009227,0.046320151389606,-0.0650037472016466,0,0.0885806771462833,0.000460589338379268,0
"Row442",0.0377964473009227,0.0414943003319647,-0.0721616827565336,0,0.0792993736041897,-0.000706708451629815,0
"Row443",0.0377964473009227,0.040689285639174,-0.069491960098185,0,0.0625649958446669,-0.000714398429007932,0
"Row444",0.0377964473009227,0.040010933026221,-0.0598046419405557,0,0.0752631096029028,-0.0063129053858277,0
"Row445",0.0377964473009227,0.0422199553345305,-0.066138129595337,0,0.0666518428094812,-0.0120188581567838,0
"Row446",0.0377964473009227,0.0443386565285842,-0.0691103451463337,0,0.0502738535597949,-0.000122166701158693,0
"Row447",0.0377964473009227,0.0448369494754257,-0.0731255288432026,0,0.0846669270122732,-0.000133970332341737,0
"Row448",0.0377964473009227,0.0467875434111756,-0.0675677691110289,0,0.0611591613724687,-0.000891688624773732,0
"Row449",0.0377964473009227,0.0442137860053485,-0.0757192297520861,0,0.0682784654657251,-0.000653008217191485,0
"Row450",0.0377964473009227,0.0486579053500881,-0.0659755029534862,0,0.0772898398674718,-0.00101773784229324,0
"Row451",0.0377964473009227,0.043155916474195,-0.0648086399127907,0,0.0788090451611759,-0.00022095346162283,0
"Row452",0.0377964473009227,0.0478428417425131,-0.0660058485528391,0,0.0774434312969814,7.8046053801368e-05,0
"Row453",0.0377964473009227,0.0467130046416585,-0.0594400079094959,0,0.0839833601574108,-0.00240769016441655,0
"Row454",0.0377964473009227,0.045368860466955,-0.070691095173851,0,0.0989298096457102,1.691878861936e-05,0
"Row455",0.0377964473009227,0.0439400467037795,-0.0641689460000832,0,0.0755158842438906,-0.00484662878903105,0
"Row456",0.0377964473009227,0.0444194942407691,-0.0636183272404463,0,0.0774893147392181,-0.00118365865615622,0
"Row457",0.0377964473009227,0.0447653320553765,-0.0588153062975128,0,0.0781575008656963,-3.94422105190336e-05,0
"Row458",0.0377964473009227,0.0404691093900656,-0.0694348579169276,0,0.0547479096430104,-0.000469731375501367,0
"Row459",0.0377964473009227,0.0441987775435634,-0.0671934309033763,0,0.055557409574684,-0.000215415049760593,0
"Row460",0.0377964473009227,0.0500122268939027,-0.0617821016110219,0,0.0781159933938887,-0.000202398780360053,0
"Row461",0.0377964473009227,0.0440388968527363,-0.0635196927830858,0,0.0991144979202114,-0.000625870101220842,0
"Row462",0.0377964473009227,0.0455565584510558,-0.0640764568920975,0,0.0692592596962046,-0.000204210002079569,0
"Row463",0.0377964473009227,0.046379492724681,-0.068539843605704,0,0.0687847765393362,-0.000411389685707263,0
"Row464",0.0377964473009227,0.0445241352478022,-0.0770790463253424,0,0.0482494879236572,-0.00213669702429428,0
"Row465",0.0377964473009227,0.0466955203560182,-0.0678816298991867,0,0.105866761274035,-0.000709415101491693,0
"Row466",0.0377964473009227,0.0402353603571491,-0.070277313349034,0,0.0687247545301813,-2.49721553552791e-05,0
"Row467",0.0377964473009227,0.0454856223542254,-0.0584077274619598,0,0.103095459664767,-0.000819414427155283,0
"Row468",0.0377964473009227,0.0455321622282013,-0.0688043662477479,0,0.100061710693818,-0.00104837630136659,0
"Row469",0.0377964473009227,0.0448852866416121,-0.0689936463314055,0,0.0616244323809779,-0.00074318675344535,0
"Row470",0.0377964473009227,0.0437937194101409,-0.0679030132167862,0,0.0725141077185574,0.00115739629959969,0
"Row471",0.0377964473009227,0.0413074550330441,-0.0688371175819745,0,0.0790059528054002,-0.00101837555369491,0
"Row472",0.0377964473009227,0.0469039696258227,-0.0633412401697559,0,0.0906400137971287,-0.00463887548114042,0
"Row473",0.0377964473009227,0.0449100762698691,-0.0635137670313663,0,0.0801709735869079,-0.000208095208016341,0
"Row474",0.0377964473009227,0.0454053785043825,-0.067396651113314,0,0.0693530490532821,-0.00187433582892751,0
"Row475",0.0377964473009227,0.0437859569420838,-0.0645442434295801,0,0.09157986273931,-0.00108483528648329,0
"Row476",0.0377964473009227,0.0435261431469919,-0.064296706236679,0,0.0926342462612497,-0.000316288502081453,0
"Row477",0.0377964473009227,0.0421191117164216,-0.0694698323946322,0,0.0843164535045366,-0.000470619283820905,0
"Row478",0.0377964473009227,0.0480109533931358,-0.062504633056847,0,0.052935390505222,-0.000233039200264617,0
"Row479",0.0377964473009227,0.0398376458716003,-0.0648876512589861,0,0.0618273841675657,-0.000461837670219913,0
"Row480",0.0377964473009227,0.0457541149329209,-0.0703445233755436,0,0.0708314720091328,-0.000517325615242866,0
"Row481",0.0377964473009227,0.0481035902617099,-0.0703450602312049,0,0.0846319524156687,-0.0020671694363418,0
"Row482",0.0377964473009227,0.0434119846517023,-0.0663035805865361,0,0.0644958509936733,-0.000415441741945521,0
"Row483",0.0377964473009227,0.0428737191304032,-0.0673050628688214,0,0.0876733595547022,-0.00101103964344616,0
"Row484",0.0377964473009227,0.0440284560878941,-0.0660922338481306,0,0.0854439892848388,-0.000348447831754381,0
"Row485",0.0377964473009227,0.048432926701661,-0.0717626854455254,0,0.0717821581661821,-0.00163831894397624,0
"Row486",0.0377964473009227,0.0468346921208968,-0.0690539950963634,0,0.0825325268720624,-0.000239013078573177,0
"Row487",0.0377964473009227,0.0467320947401681,-0.068001344907532,0,0.0577888987754176,-0.0146138790711994,0
"Row488",0.0377964473009227,0.0449081795493897,-0.0685974783701035,0,0.0651133490158942,-0.000654978041334442,0
"Row489",0.0377964473009227,0.0453374196466528,-0.0651315064304064,0,0.0636613281943763,-0.0017341226283857,0
"Row490",0.0377964473009227,0.0435998802364536,-0.0701518723108946,0,0.0769142845701725,0.000180817668157754,0
"Row491",0.0377964473009227,0.046014954375768,-0.0672040829435037,0,0.0825185316852608,0.000795366437886592,0
"Row492",0.0377964473009227,0.0468464849962561,-0.0638016009570051,0,0.0835139365020059,5.78237104692011e-06,0
"Row493",0.0377964473009227,0.0442755469690599,-0.0579489511587076,0,0.101942896985334,-0.00155367082523005,0
"Row494",0.0377964473009227,0.0401312896352625,-0.0661268862326805,0,0.0700127543709579,-6.73606032367761e-05,0
"Row495",0.0377964473009227,0.0478870538803429,-0.0614305968037177,0,0.0889583814813895,-0.000473030291877912,0
"Row496",0.0377964473009227,0.0407710317309277,-0.0724297701310604,0,0.0724207848484907,-0.00110288157864519,0
"Row497",0.0377964473009227,0.0388844228701632,-0.0694516026623847,0,0.0620505171282513,-0.000688681953108396,0
"Row498",0.0377964473009227,0.0413523177916641,-0.0615441079606382,0,0.0682993283358061,0.00031708244276023,0
"Row499",0.0377964473009227,0.0449618741027164,-0.0697332218185332,0,0.0644376109158864,-0.00124514228153343,0
"Row500",0.0377964473009227,-0.0455324110558265,0,-0.0668064054917516,0,0,0.0801495616254888
"Row501",0.0377964473009227,-0.0404930218589555,0,-0.0645715551922444,0,0,0.0712499122911282
"Row502",0.0377964473009227,-0.0449788645993286,0,-0.0696858139865248,0,0,0.0718074754944593
"Row503",0.0377964473009227,-0.0444171694306343,0,-0.0655804797396315,0,0,0.0613745219681503
"Row504",0.0377964473009227,-0.0449655023542428,0,-0.0760957249724442,0,0,0.0733911026589742
"Row505",0.0377964473009227,-0.0391200951025934,0,-0.0726686250246424,0,0,0.0835560638237981
"Row506",0.0377964473009227,-0.0433187573578357,0,-0.0692345567219721,0,0,0.0676119747308546
"Row507",0.0377964473009227,-0.0452681275107021,0,-0.0699718880417447,0,0,0.061181081267098
"Row508",0.0377964473009227,-0.0454121918396628,0,-0.0724029202350967,0,0,0.046664001306944
"Row509",0.0377964473009227,-0.0405414114792036,0,-0.0736211044104816,0,0,0.0807820440601955
"Row510",0.0377964473009227,-0.0450889183669882,0,-0.0778953100801649,0,0,0.0784832336348214
"Row511",0.0377964473009227,-0.0437374874078745,0,-0.0663417852534261,0,0,0.0458959098922989
"Row512",0.0377964473009227,-0.0443740159380294,0,-0.0726472364246872,0,0,0.0551356637795973
"Row513",0.0377964473009227,-0.0435169692858399,0,-0.0679104432797334,0,0,0.0637028777964283
"Row514",0.0377964473009227,-0.0440528053992686,0,-0.0764911810555239,0,0,0.0708520126164036
"Row515",0.0377964473009227,-0.0389429343329966,0,-0.0698900731155557,0,0,0.0622003722277015
"Row516",0.0377964473009227,-0.0443946007816712,0,-0.0729925779303167,0,0,0.0730827465474597
"Row517",0.0377964473009227,-0.0430106418600732,0,-0.0779381388091707,0,0,0.0772663361099503
"Row518",0.0377964473009227,-0.0450141664679742,0,-0.071252527794891,0,0,0.0746097892643252
"Row519",0.0377964473009227,-0.0416597474075774,0,-0.077005494152766,0,0,0.0671381819703102
"Row520",0.0377964473009227,-0.0462553199424329,0,-0.066527727057659,0,0,0.0684558185518852
"Row521",0.0377964473009227,-0.0418130106572822,0,-0.0715813404194764,0,0,0.0549130813888602
"Row522",0.0377964473009227,-0.0443333700856084,0,-0.0760099681051383,0,0,0.082100358833452
"Row523",0.0377964473009227,-0.0453323452837335,0,-0.0696552483652036,0,0,0.0698510625982994
"Row524",0.0377964473009227,-0.0407661794107122,0,-0.0703017950438147,0,0,0.0715594678575101
"Row525",0.0377964473009227,-0.0476793766234993,0,-0.0691269518195667,0,0,0.0836266244613096
"Row526",0.0377964473009227,-0.042649852273138,0,-0.0598742415725274,0,0,0.0765198754852873
"Row527",0.0377964473009227,-0.0416433018288677,0,-0.0703560563854577,0,0,0.081376979909719
"Row528",0.0377964473009227,-0.0439210586469264,0,-0.0792334994524042,0,0,0.0602180286745279
"Row529",0.0377964473009227,-0.0446037252787174,0,-0.0646140224879687,0,0,0.0433042237770446
"Row530",0.0377964473009227,-0.0437671432471277,0,-0.0744486723592585,0,0,0.0870947473755131
"Row531",0.0377964473009227,-0.0446110971837875,0,-0.0677692481249551,0,0,0.0664388271369108
"Row532",0.0377964473009227,-0.0398833716915523,0,-0.0737841725084145,0,0,0.0512174804888794
"Row533",0.0377964473009227,-0.0448113818395798,0,-0.0760810427940613,0,0,0.0723429545232299
"Row534",0.0377964473009227,-0.0437266047452728,0,-0.0578167328936786,0,0,0.0698763691539395
"Row535",0.0377964473009227,-0.0431701661842621,0,-0.072779986248446,0,0,0.0753935796208567
"Row536",0.0377964473009227,-0.0408548618608361,0,-0.0732667096636407,0,0,0.0947552676463639
"Row537",0.0377964473009227,-0.0446268776891728,0,-0.0729512106830855,0,0,0.0747407043744913
"Row538",0.0377964473009227,-0.0431063547645108,0,-0.0635919799328861,0,0,0.0652447331065464
"Row539",0.0377964473009227,-0.0417644584759187,0,-0.0686078199814005,0,0,0.0612249212274019
"Row540",0.0377964473009227,-0.0434192706152621,0,-0.0785608687831073,0,0,0.0352639598672599
"Row541",0.0377964473009227,-0.0408969542468844,0,-0.0712651474123049,0,0,0.0481754643289242
"Row542",0.0377964473009227,-0.0425996933859684,0,-0.0724807979729286,0,0,0.0509904436282987
"Row543",0.0377964473009227,-0.0461014344125533,0,-0.0722135510049713,0,0,0.0757603820187335
"Row544",0.0377964473009227,-0.0368788846294067,0,-0.0702487339979419,0,0,0.0610267132802823
"Row545",0.0377964473009227,-0.0435420134329539,0,-0.0685178527889208,0,0,0.07404416265172
"Row546",0.0377964473009227,-0.0421544111590492,0,-0.0678958645368475,0,0,0.0921171537764856
"Row547",0.0377964473009227,-0.0474491272250402,0,-0.0686579250908628,0,0,0.0622725651942603
"Row548",0.0377964473009227,-0.047286942197729,0,-0.0656305959946966,0,0,0.0808971047328938
"Row549",0.0377964473009227,-0.0437392631132825,0,-0.0785973141541823,0,0,0.0592708655994129
"Row550",0.0377964473009227,-0.0456753115313297,0,-0.0772338668503253,0,0,0.0712318371216174
"Row551",0.0377964473009227,-0.0419664930262912,0,-0.0744728004529263,0,0,0.068832094377166
"Row552",0.0377964473009227,-0.044182892492383,0,-0.0731397856749814,0,0,0.0455403610275585
"Row553",0.0377964473009227,-0.0477768298731071,0,-0.0761569578546488,0,0,0.0537394962563961
"Row554",0.0377964473009227,-0.0417409796537409,0,-0.0692277616250982,0,0,0.0702207208770258
"Row555",0.0377964473009227,-0.0447161570891135,0,-0.0667057321447835,0,0,0.0516021516636807
"Row556",0.0377964473009227,-0.0436316866800456,0,-0.0707426449352658,0,0,0.0688307921548317
"Row557",0.0377964473009227,-0.0454200606912413,0,-0.0717444926596795,0,0,0.0539781084764626
"Row558",0.0377964473009227,-0.0410550146157417,0,-0.0731661159608069,0,0,0.0634733556481754
"Row559",0.0377964473009227,-0.0459915563948426,0,-0.0729293112580833,0,0,0.0498781839032805
"Row560",0.0377964473009227,-0.0437487761323542,0,-0.0675481534808058,0,0,0.0982173800320114
"Row561",0.0377964473009227,-0.0467426369333079,0,-0.0744646565325068,0,0,0.0680403823725492
"Row562",0.0377964473009227,-0.0416506175203933,0,-0.0661995531137429,0,0,0.0686587522019645
"Row563",0.0377964473009227,-0.044164215918344,0,-0.0753816497722372,0,0,0.071758020574912
"Row564",0.0377964473009227,-0.044032394995831,0,-0.0657397362782054,0,0,0.0585455804350442
"Row565",0.0377964473009227,-0.0438305037604267,0,-0.0756780629636712,0,0,0.0504254255490566
"Row566",0.0377964473009227,-0.041568525856286,0,-0.0652350447188158,0,0,0.067294781731626
"Row567",0.0377964473009227,-0.0403653896861412,0,-0.0711000211415938,0,0,0.0542710131687574
"Row568",0.0377964473009227,-0.0455680586493051,0,-0.0728232280276286,0,0,0.0790805435113023
"Row569",0.0377964473009227,-0.0458221883302561,0,-0.0714641073813106,0,0,0.0791058140249582
"Row570",0.0377964473009227,-0.0446882156859384,0,-0.0719356427343216,0,0,0.0684712603063867
"Row571",0.0377964473009227,-0.0477218242011821,0,-0.072026140562017,0,0,0.0658882499942457
"Row572",0.0377964473009227,-0.0463948133461077,0,-0.0710250832357785,0,0,0.059984944847795
"Row573",0.0377964473009227,-0.0444845198134025,0,-0.0774528706389698,0,0,0.0610844652660316
"Row574",0.0377964473009227,-0.0428871987574988,0,-0.0735903542912018,0,0,0.0693883801336309
"Row575",0.0377964473009227,-0.0441915735132494,0,-0.0734771633574467,0,0,0.083505845461957
"Row576",0.0377964473009227,-0.0465555242434821,0,-0.0687969304379339,0,0,0.0502306184985388
"Row577",0.0377964473009227,-0.0439758457270312,0,-0.0721062513081374,0,0,0.0856083674113788
"Row578",0.0377964473009227,-0.0433625808472535,0,-0.0613826264565116,0,0,0.0860444436718504
"Row579",0.0377964473009227,-0.0449552301872209,0,-0.0698417683297012,0,0,0.055262284835177
"Row580",0.0377964473009227,-0.0409113224284809,0,-0.065033461365348,0,0,0.0581042947208619
"Row581",0.0377964473009227,-0.039562130118693,0,-0.0797350349709242,0,0,0.0399861364928829
"Row582",0.0377964473009227,-0.0452593669097106,0,-0.0713049202212053,0,0,0.0697646159008465
"Row583",0.0377964473009227,-0.0476938458940809,0,-0.0782715103212813,0,0,0.099441219614331
"Row584",0.0377964473009227,-0.0413670112915676,0,-0.0661038926211455,0,0,0.0736384734681859
"Row585",0.0377964473009227,-0.0441709264321909,0,-0.0644072461219986,0,0,0.0644345720285816
"Row586",0.0377964473009227,-0.0487644715952503,0,-0.0660850664037469,0,0,0.0819793735229799
"Row587",0.0377964473009227,-0.0427117753643813,0,-0.0752886207625662,0,0,0.0570630695437602
"Row588",0.0377964473009227,-0.0434360404819085,0,-0.0814600554840153,0,0,0.0685500103416724
"Row589",0.0377964473009227,-0.0431856137834274,0,-0.0738224885252263,0,0,0.0399231056608965
"Row590",0.0377964473009227,-0.0469776000063717,0,-0.0734741598951414,0,0,0.0789916439368074
"Row591",0.0377964473009227,-0.0446359586083874,0,-0.0755264796200382,0,0,0.0767820559085797
"Row592",0.0377964473009227,-0.047766431088096,0,-0.0743513416526717,0,0,0.061490301014209
"Row593",0.0377964473009227,-0.0460777821958882,0,-0.073771058350169,0,0,0.0730902109616657
"Row594",0.0377964473009227,-0.0473017740705058,0,-0.0693325236907144,0,0,0.0679629181672147
"Row595",0.0377964473009227,-0.0473384391474003,0,-0.0748783367475537,0,0,0.0780933384617151
"Row596",0.0377964473009227,-0.0408632963199903,0,-0.0711272553527085,0,0,0.0529377611201623
"Row597",0.0377964473009227,-0.0446791903359732,0,-0.0802263884167996,0,0,0.0743340283662332
"Row598",0.0377964473009227,-0.0423189458982756,0,-0.0637727954001971,0,0,0.0596161628528796
"Row599",0.0377964473009227,-0.046095325463247,0,-0.0720694820195767,0,0,0.076861556559375
"Row600",0.0377964473009227,-0.0426598822924732,0,0.0702293579727937,0,0,0.047904338306477
"Row601",0.0377964473009227,-0.0435905392545265,0,0.0670002485979383,0,0,0.0655545612262276
"Row602",0.0377964473009227,-0.0422575755941666,0,0.0803941491538265,0,0,0.0764349364791257
"Row603",0.0377964473009227,-0.0463621970843754,0,0.0621891309516258,0,0,0.085721977633674
"Row604",0.0377964473009227,-0.0434296530928641,0,0.0713490800629704,0,0,0.0785869425802251
"Row605",0.0377964473009227,-0.0421588587988931,0,0.0680420807925681,0,0,0.0781608510503336
"Row606",0.0377964473009227,-0.0425072976036233,0,0.0695980819643708,0,0,0.0713150213550234
"Row607",0.0377964473009227,-0.0444565541925346,0,0.0674161674846607,0,0,0.0521838707374236
"Row608",0.0377964473009227,-0.0483416456728146,0,0.0710870087065874,0,0,0.0949789417342118
"Row609",0.0377964473009227,-0.0439707889282626,0,0.0704455305179583,0,0,0.0854498722641378
"Row610",0.0377964473009227,-0.041449557573189,0,0.0674864998782964,0,0,0.0949654732707953
"Row611",0.0377964473009227,-0.0436355362599921,0,0.0679703129939579,0,0,0.0709853640205391
"Row612",0.0377964473009227,-0.0461412785593433,0,0.0690940423961379,0,0,0.0784731978425349
"Row613",0.0377964473009227,-0.0407007232486679,0,0.0695609456563643,0,0,0.066348649752149
"Row614",0.0377964473009227,-0.0418333258179906,0,0.0719847208376352,0,0,0.0575628073192287
"Row615",0.0377964473009227,-0.0454315267027849,0,0.0688332654039349,0,0,0.0760917681715482
"Row616",0.0377964473009227,-0.0459576248190864,0,0.0752265964647979,0,0,0.0870515990745726
"Row617",0.0377964473009227,-0.0459166687008356,0,0.0724394370349398,0,0,0.0639310139881651
"Row618",0.0377964473009227,-0.0469792792870324,0,0.0711266625672344,0,0,0.0509122144406747
"Row619",0.0377964473009227,-0.0438324656982915,0,0.0685234550964809,0,0,0.079439525786693
"Row620",0.0377964473009227,-0.0416188344667972,0,0.0785899646012198,0,0,0.0745692039673429
"Row621",0.0377964473009227,-0.0473455106722405,0,0.0667691312611984,0,0,0.0711454287497361
"Row622",0.0377964473009227,-0.042054314822353,0,0.0796502171452146,0,0,0.063663042089847
"Row623",0.0377964473009227,-0.0421672458281279,0,0.0675668381201592,0,0,0.0583141508110433
"Row624",0.0377964473009227,-0.0420818058316571,0,0.0776535625476249,0,0,0.0746991738578633
"Row625",0.0377964473009227,-0.0442643803016456,0,0.0760122734487775,0,0,0.0483768564253788
"Row626",0.0377964473009227,-0.0464515394582226,0,0.0643174676722312,0,0,0.0591540768840965
"Row627",0.0377964473009227,-0.0442244216496944,0,0.066548197880799,0,0,0.0389939936338228
"Row628",0.0377964473009227,-0.0437601404871715,0,0.0670124830484241,0,0,0.0881183890405569
"Row629",0.0377964473009227,-0.0394077565051417,0,0.0720855202754697,0,0,0.0441303186662721
"Row630",0.0377964473009227,-0.0437093824723649,0,0.0652050862346957,0,0,0.0708369199954093
"Row631",0.0377964473009227,-0.046943296515892,0,0.0652724709937516,0,0,0.0764308540726866
"Row632",0.0377964473009227,-0.04612717170342,0,0.0697679090156436,0,0,0.0635428931272079
"Row633",0.0377964473009227,-0.0439239528201378,0,0.066411405508666,0,0,0.0672547159591639
"Row634",0.0377964473009227,-0.0423520094171547,0,0.066446361502793,0,0,0.0769622606636293
"Row635",0.0377964473009227,-0.0424195741447376,0,0.0673122605081685,0,0,0.0635518325493787
"Row636",0.0377964473009227,-0.041582260675864,0,0.0705391053356466,0,0,0.0876162434896117
"Row637",0.0377964473009227,-0.0419097870262479,0,0.0764980361483776,0,0,0.0913772527784924
"Row638",0.0377964473009227,-0.0428649123399595,0,0.0756462312894998,0,0,0.066885197439613
"Row639",0.0377964473009227,-0.0450002129769896,0,0.068929217083603,0,0,0.0619890122609822
"Row640",0.0377964473009227,-0.0405368580734905,0,0.0695180754171062,0,0,0.0619637507728752
"Row641",0.0377964473009227,-0.0431360408552086,0,0.0631849426212616,0,0,0.0563331697872642
"Row642",0.0377964473009227,-0.0390004737888131,0,0.0647618342746778,0,0,0.0741818059790712
"Row643",0.0377964473009227,-0.0433566819163403,0,0.0764463961483668,0,0,0.0714761213590104
"Row644",0.0377964473009227,-0.0446939871048485,0,0.0716332578661085,0,0,0.077133073385355
"Row645",0.0377964473009227,-0.0411806817869132,0,0.076409629360832,0,0,0.0900699420263389
"Row646",0.0377964473009227,-0.03845363255413,0,0.0670975700448021,0,0,0.0596191718975338
"Row647",0.0377964473009227,-0.0434964441319287,0,0.0700533820025866,0,0,0.0578010726069595
"Row648",0.0377964473009227,-0.0422737112852994,0,0.0717610846378537,0,0,0.0804308943890834
"Row649",0.0377964473009227,-0.0469632524386482,0,0.0655617494490026,0,0,0.0804773390643005
"Row650",0.0377964473009227,-0.0426154932840109,0,0.0600200185254059,0,0,0.0514960496275868
"Row651",0.0377964473009227,-0.0469056621797672,0,0.067499105502753,0,0,0.0712099750895732
"Row652",0.0377964473009227,-0.046396445029564,0,0.0718486255468216,0,0,0.0567532543289301
"Row653",0.0377964473009227,-0.0471121400969136,0,0.0706997248309236,0,0,0.0841168541459943
"Row654",0.0377964473009227,-0.046676431434085,0,0.0669538721539873,0,0,0.0876852724100507
"Row655",0.0377964473009227,-0.0439029695684603,0,0.0671030370778812,0,0,0.0779934575146825
"Row656",0.0377964473009227,-0.0445711414442065,0,0.0620333765307589,0,0,0.0705186664361664
"Row657",0.0377964473009227,-0.0458905881712467,0,0.067155131178955,0,0,0.0676479809635742
"Row658",0.0377964473009227,-0.0442745207889451,0,0.0703150632354133,0,0,0.0654915558835954
"Row659",0.0377964473009227,-0.0436786357580926,0,0.0660857428076921,0,0,0.0846360327683936
"Row660",0.0377964473009227,-0.0458144547504092,0,0.0777086102461784,0,0,0.0837217255255514
"Row661",0.0377964473009227,-0.0437627465143596,0,0.0684498535543769,0,0,0.103445066479457
"Row662",0.0377964473009227,-0.0460897783422225,0,0.0748432177293657,0,0,0.062537072528283
"Row663",0.0377964473009227,-0.043883669193217,0,0.0668414372252913,0,0,0.0801389753351646
"Row664",0.0377964473009227,-0.0395284152094563,0,0.0797162464024802,0,0,0.0824813016904451
"Row665",0.0377964473009227,-0.0413629943731139,0,0.0672596338027651,0,0,0.074930391271049
"Row666",0.0377964473009227,-0.0456207040231722,0,0.0633668961219844,0,0,0.0928156739535645
"Row667",0.0377964473009227,-0.0422414513095474,0,0.0701692949912695,0,0,0.0657773551960134
"Row668",0.0377964473009227,-0.0396706407561587,0,0.071855097267921,0,0,0.0738040811173083
"Row669",0.0377964473009227,-0.0468759367743824,0,0.0710903538618559,0,0,0.0920308854876448
"Row670",0.0377964473009227,-0.0453234823460539,0,0.0698804617133155,0,0,0.0615681661563489
"Row671",0.0377964473009227,-0.0452749563614499,0,0.0784123439343544,0,0,0.0587836863786285
"Row672",0.0377964473009227,-0.0425023046302235,0,0.0777688890328197,0,0,0.0859864505975315
"Row673",0.0377964473009227,-0.0470813652975209,0,0.0737973080968899,0,0,0.0617178954054615
"Row674",0.0377964473009227,-0.0464111546103524,0,0.0611913168792628,0,0,0.0811888048465598
"Row675",0.0377964473009227,-0.0465033301375909,0,0.0703767468734649,0,0,0.0453961623551303
"Row676",0.0377964473009227,-0.0477177538643565,0,0.0678213214944623,0,0,0.0610865177373514
"Row677",0.0377964473009227,-0.0406897502896513,0,0.0690280923297093,0,0,0.0853521693260852
"Row678",0.0377964473009227,-0.041201881276219,0,0.0725869236624022,0,0,0.0779118428914251
"Row679",0.0377964473009227,-0.0432358574058759,0,0.0742908393432966,0,0,0.0656730208017161
"Row680",0.0377964473009227,-0.0425500631891367,0,0.0794690524065713,0,0,0.0722451661902399
"Row681",0.0377964473009227,-0.0399806046499791,0,0.0707791934094062,0,0,0.073895274333658
"Row682",0.0377964473009227,-0.0435839538913714,0,0.0687898838998155,0,0,0.0652521487430123
"Row683",0.0377964473009227,-0.0464531707477783,0,0.0629278616558487,0,0,0.0850833986930417
"Row684",0.0377964473009227,-0.0443058968895051,0,0.0600796276849464,0,0,0.0596852441727004
"Row685",0.0377964473009227,-0.0443564582284427,0,0.0656316792748275,0,0,0.0537221443174867
"Row686",0.0377964473009227,-0.0407012434905844,0,0.0631502595297869,0,0,0.0939226962901428
"Row687",0.0377964473009227,-0.045075045214991,0,0.0713073560569441,0,0,0.0803304934055077
"Row688",0.0377964473009227,-0.0407803214709229,0,0.0684399478893928,0,0,0.080980578957035
"Row689",0.0377964473009227,-0.0438130630959681,0,0.0703216022503639,0,0,0.0741715922382002
"Row690",0.0377964473009227,-0.0413016123673583,0,0.064752958339992,0,0,0.0617794679704494
"Row691",0.0377964473009227,-0.0455564334199052,0,0.0686926037330917,0,0,0.083268957454067
"Row692",0.0377964473009227,-0.0429481320051596,0,0.0712711049935275,0,0,0.0547520932012015
"Row693",0.0377964473009227,-0.0452822812438633,0,0.0737907301692157,0,0,0.0661293194563206
"Row694",0.0377964473009227,-0.042476134244572,0,0.0638661448453651,0,0,0.0706347198049037
"Row695",0.0377964473009227,-0.0477207224308003,0,0.0705468530099181,0,0,0.0777319733126509
"Row696",0.0377964473009227,-0.0473349389980391,0,0.0597912739551406,0,0,0.0710649622623249
"Row697",0.0377964473009227,-0.0465572798451285,0,0.06953647153791,0,0,0.0490695948512723
"Row698",0.0377964473009227,-0.0441641711940595,0,0.0697406945437521,0,0,0.068381318602489
"Row699",0.0377964473009227,-0.0431832352520099,0,0.0734611207963823,0,0,0.0764992378872179
