"V1","V2","V3","V4","V5","V6","V7","V8","V9","V10","V11","V12","V13","V14","V15","V16","V17","V18","V19","V20"
"Row0",0.038069349381344,0,0,0,0,0,0,0,0,0,0,0,0,0,0,0,0,0,0,0
"Row1",0.038069349381344,0,0,0,0,0,0,0,0,0,0,0,0,0,0,0,0,0,0,0
"Row2",0.038069349381344,0,0,0,0,0,0,0,0,0,0,0,0,0,0,0,0,0,0,0
"Row3",0.038069349381344,0,0,0,0,0,0,0,0,0,0,0,0,0,0,0,0,0,0,0
"Row4",0.038069349381344,0,0,0,0,0,0,0,0,0,0,0,0,0,0,0,0,0,0,0
"Row5",0.038069349381344,0,0,0,0,0,0,0,0,0,0,0,0,0,0,0,0,0,0,0
"Row6",0.038069349381344,0,0,0,0,0,0,0,0,0,0,0,0,0,0,0,0,0,0,0
"Row7",0.038069349381344,0,0,0,0,0,0,0,0,0,0,0,0,0,0,0,0,0,0,0
"Row8",0.038069349381344,0,0,0,0,0,0,0,0,0,0,0,0,0,0,0,0,0,0,0
"Row9",0.038069349381344,0,0,0,0,0,0,0,0,0,0,0,0,0,0,0,0,0,0,0
"Row10",0.038069349381344,0,0,0,0,0,0,0,0,0,0,0,0,0,0,0,0,0,0,0
"Row11",0.038069349381344,0,0,0,0,0,0,0,0,0,0,0,0,0,0,0,0,0,0,0
"Row12",0.038069349381344,0,0,0,0,0,0,0,0,0,0,0,0,0,0,0,0,0,0,0
"Row13",0.038069349381344,0,0,0,0,0,0,0,0,0,0,0,0,0,0,0,0,0,0,0
"Row14",0.038069349381344,0,0,0,0,0,0,0,0,0,0,0,0,0,0,0,0,0,0,0
"Row15",0.038069349381344,0,0,0,0,0,0,0,0,0,0,0,0,0,0,0,0,0,0,0
"Row16",0.038069349381344,0,0,0,0,0,0,0,0,0,0,0,0,0,0,0,0,0,0,0
"Row17",0.038069349381344,0,0,0,0,0,0,0,0,0,0,0,0,0,0,0,0,0,0,0
"Row18",0.038069349381344,0,0,0,0,0,0,0,0,0,0,0,0,0,0,0,0,0,0,0
"Row19",0.038069349381344,0,0,0,0,0,0,0,0,0,0,0,0,0,0,0,0,0,0,0
"Row20",0.038069349381344,0,0,0,0,0,0,0,0,0,0,0,0,0,0,0,0,0,0,0
"Row21",0.038069349381344,0,0,0,0,0,0,0,0,0,0,0,0,0,0,0,0,0,0,0
"Row22",0.038069349381344,0,0,0,0,0,0,0,0,0,0,0,0,0,0,0,0,0,0,0
"Row23",0.038069349381344,0,0,0,0,0,0,0,0,0,0,0,0,0,0,0,0,0,0,0
"Row24",0.038069349381344,0,0,0,0,0,0,0,0,0,0,0,0,0,0,0,0,0,0,0
"Row25",0.038069349381344,0,0,0,0,0,0,0,0,0,0,0,0,0,0,0,0,0,0,0
"Row26",0.038069349381344,0,0,0,0,0,0,0,0,0,0,0,0,0,0,0,0,0,0,0
"Row27",0.038069349381344,0,0,0,0,0,0,0,0,0,0,0,0,0,0,0,0,0,0,0
"Row28",0.038069349381344,0,0,0,0,0,0,0,0,0,0,0,0,0,0,0,0,0,0,0
"Row29",0.038069349381344,0,0,0,0,0,0,0,0,0,0,0,0,0,0,0,0,0,0,0
"Row30",0.038069349381344,0,0,0,0,0,0,0,0,0,0,0,0,0,0,0,0,0,0,0
"Row31",0.038069349381344,0,0,0,0,0,0,0,0,0,0,0,0,0,0,0,0,0,0,0
"Row32",0.038069349381344,0,0,0,0,0,0,0,0,0,0,0,0,0,0,0,0,0,0,0
"Row33",0.038069349381344,0,0,0,0,0,0,0,0,0,0,0,0,0,0,0,0,0,0,0
"Row34",0.038069349381344,0,0,0,0,0,0,0,0,0,0,0,0,0,0,0,0,0,0,0
"Row35",0.038069349381344,0,0,0,0,0,0,0,0,0,0,0,0,0,0,0,0,0,0,0
"Row36",0.038069349381344,0,0,0,0,0,0,0,0,0,0,0,0,0,0,0,0,0,0,0
"Row37",0.038069349381344,0,0,0,0,0,0,0,0,0,0,0,0,0,0,0,0,0,0,0
"Row38",0.038069349381344,0,0,0,0,0,0,0,0,0,0,0,0,0,0,0,0,0,0,0
"Row39",0.038069349381344,0,0,0,0,0,0,0,0,0,0,0,0,0,0,0,0,0,0,0
"Row40",0.038069349381344,0,0,0,0,0,0,0,0,0,0,0,0,0,0,0,0,0,0,0
"Row41",0.038069349381344,0,0,0,0,0,0,0,0,0,0,0,0,0,0,0,0,0,0,0
"Row42",0.038069349381344,0,0,0,0,0,0,0,0,0,0,0,0,0,0,0,0,0,0,0
"Row43",0.038069349381344,0,0,0,0,0,0,0,0,0,0,0,0,0,0,0,0,0,0,0
"Row44",0.038069349381344,0,0,0,0,0,0,0,0,0,0,0,0,0,0,0,0,0,0,0
"Row45",0.038069349381344,0,0,0,0,0,0,0,0,0,0,0,0,0,0,0,0,0,0,0
"Row46",0.038069349381344,0,0,0,0,0,0,0,0,0,0,0,0,0,0,0,0,0,0,0
"Row47",0.038069349381344,0,0,0,0,0,0,0,0,0,0,0,0,0,0,0,0,0,0,0
"Row48",0.038069349381344,0,0,0,0,0,0,0,0,0,0,0,0,0,0,0,0,0,0,0
"Row49",0.038069349381344,0,0,0,0,0,0,0,0,0,0,0,0,0,0,0,0,0,0,0
"Row50",0.038069349381344,0,0,0,0,0,0,0,0,0,0,0,0,0,0,0,0,0,0,0
"Row51",0.038069349381344,0,0,0,0,0,0,0,0,0,0,0,0,0,0,0,0,0,0,0
"Row52",0.038069349381344,0,0,0,0,0,0,0,0,0,0,0,0,0,0,0,0,0,0,0
"Row53",0.038069349381344,0,0,0,0,0,0,0,0,0,0,0,0,0,0,0,0,0,0,0
"Row54",0.038069349381344,0,0,0,0,0,0,0,0,0,0,0,0,0,0,0,0,0,0,0
"Row55",0.038069349381344,0,0,0,0,0,0,0,0,0,0,0,0,0,0,0,0,0,0,0
"Row56",0.038069349381344,0,0,0,0,0,0,0,0,0,0,0,0,0,0,0,0,0,0,0
"Row57",0.038069349381344,0,0,0,0,0,0,0,0,0,0,0,0,0,0,0,0,0,0,0
"Row58",0.038069349381344,0,0,0,0,0,0,0,0,0,0,0,0,0,0,0,0,0,0,0
"Row59",0.038069349381344,0,0,0,0,0,0,0,0,0,0,0,0,0,0,0,0,0,0,0
"Row60",0.038069349381344,0,0,0,0,0,0,0,0,0,0,0,0,0,0,0,0,0,0,0
"Row61",0.038069349381344,0,0,0,0,0,0,0,0,0,0,0,0,0,0,0,0,0,0,0
"Row62",0.038069349381344,0,0,0,0,0,0,0,0,0,0,0,0,0,0,0,0,0,0,0
"Row63",0.038069349381344,0,0,0,0,0,0,0,0,0,0,0,0,0,0,0,0,0,0,0
"Row64",0.038069349381344,0,0,0,0,0,0,0,0,0,0,0,0,0,0,0,0,0,0,0
"Row65",0.038069349381344,0,0,0,0,0,0,0,0,0,0,0,0,0,0,0,0,0,0,0
"Row66",0.038069349381344,0,0,0,0,0,0,0,0,0,0,0,0,0,0,0,0,0,0,0
"Row67",0.038069349381344,0,0.00885863957419175,0,0,0,0,0,0,0,0,0,0,0,0,0,0,0,0,0
"Row68",0.038069349381344,0,0.00926759175465249,0,0,0,0,0,0,0,0,0,0,0,0,0,0,0,0,0
"Row69",0.038069349381344,0,0.00959838928528808,0,0,0,0,0,0,0,0,0,0,0,0,0,0,0,0,0
"Row70",0.038069349381344,0,0.010765367665955,0,0,0,0,0,0,0,0,0,0,0,0,0,0,0,0,0
"Row71",0.038069349381344,0,0.0125717723970597,0,0,0,0,0,0,0,0,0,0,0,0,0,0,0,0,0
"Row72",0.038069349381344,0,0.0129307901379246,0,0,0,0,0,0,0,0,0,0,0,0,0,0,0,0,0
"Row73",0.038069349381344,0,0.0147312595616681,0,0,0,0,0,0,0,0,0,0,0,0,0,0,0,0,0
"Row74",0.038069349381344,0,0.0148227181038416,0,0,0,0,0,0,0,0,0,0,0,0,0,0,0,0,0
"Row75",0.038069349381344,0,0.0148380463808176,0,0,0,0,0,0,0,0,0,0,0,0,0,0,0,0,0
"Row76",0.038069349381344,0,0.0162626423853349,0,0,0,0,0,0,0,0,0,0,0,0,0,0,0,0,0
"Row77",0.038069349381344,0,0.0174862251595029,0,0,0,0,0,0,0,0,0,0,0,0,0,0,0,0,0
"Row78",0.038069349381344,0,0.020467642966343,0,0,0,0,0,0,0,0,0,0,0,0,0,0,0,0,0
"Row79",0.038069349381344,0,0.0201306033651546,0,0,0,0,0,0,0,0,0,0,0,0,0,0,0,0,0
"Row80",0.038069349381344,0,0.0202204540823257,0,0,0,0,0,0,0,0,0,0,0,0,0,0,0,0,0
"Row81",0.038069349381344,0,0.0237780707860754,0,0,0,0,0,0,0,0,0,0,0,0,0,0,0,0,0
"Row82",0.038069349381344,0,0.023922906842833,0,0,0,0,0,0,0,0,0,0,0,0,0,0,0,0,0
"Row83",0.038069349381344,0,0.0260444466834553,0,0,0,0,0,0,0,0,0,0,0,0,0,0,0,0,0
"Row84",0.038069349381344,0,0.0273051354329776,0,0,0,0,0,0,0,0,0,0,0,0,0,0,0,0,0
"Row85",0.038069349381344,0,0.0283367695926556,0,0,0,0,0,0,0,0,0,0,0,0,0,0,0,0,0
"Row86",0.038069349381344,0,0.029766822459148,0,0,0,0,0,0,0,0,0,0,0,0,0,0,0,0,0
"Row87",0.038069349381344,0,0.0299165767654086,0,0,0,0,0,0,0,0,0,0,0,0,0,0,0,0,0
"Row88",0.038069349381344,0,0.0309299204891943,0,0,0,0,0,0,0,0,0,0,0,0,0,0,0,0,0
"Row89",0.038069349381344,0,0.0313634318311744,0,0,0,0,0,0,0,0,0,0,0,0,0,0,0,0,0
"Row90",0.038069349381344,0,0.0346287070979747,0,0,0,0,0,0,0,0,0,0,0,0,0,0,0,0,0
"Row91",0.038069349381344,0,0.0344085160478033,0,0,0,0,0,0,0,0,0,0,0,0,0,0,0,0,0
"Row92",0.038069349381344,0,0,0,0,0,0,0,0,0,0,0,0,0,0,0,0,0,0,0
"Row93",0.038069349381344,0,0,0,0,0,0,0,0,0,0,0,0,0,0,0,0,0,0,0
"Row94",0.038069349381344,0,0,0,0,0,0,0,0,0,0,0,0,0,0,0,0,0,0,0
"Row95",0.038069349381344,0,0,0,0,0,0,0,0,0,0,0,0,0,0,0,0,0,0,0
"Row96",0.038069349381344,0,0,0,0,0,0,0,0,0,0,0,0,0,0,0,0,0,0,0
"Row97",0.038069349381344,0,0,0,0,0,0,0,0,0,0,0,0,0,0,0,0,0,0,0
"Row98",0.038069349381344,0.0085670741104045,0,0,0,0,0,0,0,0,0,0,0,0,0,0,0,0,0,0
"Row99",0.038069349381344,0.00868862427051364,0,0,0,0,0,0,0,0,0,0,0,0,0,0,0,0,0,0
"Row100",0.038069349381344,0.00862734295093652,0,0,0,0,0,0,0,0,0,0,0,0,0,0,0,0,0,0
"Row101",0.038069349381344,0.00972422655942014,0,0,0,0,0,0,0,0,0,0,0,0,0,0,0,0,0,0
"Row102",0.038069349381344,0.0114084299391577,0,0,0,0,0,0,0,0,0,0,0,0,0,0,0,0,0,0
"Row103",0.038069349381344,0.0114124354530037,0,0,0,0,0,0,0,0,0,0,0,0,0,0,0,0,0,0
"Row104",0.038069349381344,0.0114841091274978,0,0,0,0,0,0,0,0,0,0,0,0,0,0,0,0,0,0
"Row105",0.038069349381344,0.0122102177857201,0,0,0,0,0,0,0,0,0,0,0,0,0,0,0,0,0,0
"Row106",0.038069349381344,0.0134914030623005,0,0,0,0,0,0,0,0,0,0,0,0,0,0,0,0,0,0
"Row107",0.038069349381344,0.0138006162766052,0,0,0,0,0,0,0,0,0,0,0,0,0,0,0,0,0,0
"Row108",0.038069349381344,0.0142633274289412,0,0,0,0,0,0,0,0,0,0,0,0,0,0,0,0,0,0
"Row109",0.038069349381344,0.0156221223950477,0,0,0,0,0,0,0,0,0,0,0,0,0,0,0,0,0,0
"Row110",0.038069349381344,0.0155555898952274,0,0,0,0,0,0,0,0,0,0,0,0,0,0,0,0,0,0
"Row111",0.038069349381344,0.015474609827174,0,0,0,0,0,0,0,0,0,0,0,0,0,0,0,0,0,0
"Row112",0.038069349381344,0.0184611844545462,0,0,0,0,0,0,0,0,0,0,0,0,0,0,0,0,0,0
"Row113",0.038069349381344,0.0191923683068313,0,0,0,0,0,0,0,0,0,0,0,0,0,0,0,0,0,0
"Row114",0.038069349381344,0.0193599645277461,0,0,0,0,0,0,0,0,0,0,0,0,0,0,0,0,0,0
"Row115",0.038069349381344,0.0212467274070888,0,0,0,0,0,0,0,0,0,0,0,0,0,0,0,0,0,0
"Row116",0.038069349381344,0.0211258137332079,0,0,0,0,0,0,0,0,0,0,0,0,0,0,0,0,0,0
"Row117",0.038069349381344,0.0223142753840821,0,0,0,0,0,0,0,0,0,0,0,0,0,0,0,0,0,0
"Row118",0.038069349381344,0.0228509369943746,0,0,0,0,0,0,0,0,0,0,0,0,0,0,0,0,0,0
"Row119",0.038069349381344,0.022910592607197,0,0,0,0,0,0,0,0,0,0,0,0,0,0,0,0,0,0
"Row120",0.038069349381344,0.0230337282945869,0,0,0,0,0,0,0,0,0,0,0,0,0,0,0,0,0,0
"Row121",0.038069349381344,0.0232897200137841,0,0,0,0,0,0,0,0,0,0,0,0,0,0,0,0,0,0
"Row122",0.038069349381344,0.0243182046281332,0,0,0,0,0,0,0,0,0,0,0,0,0,0,0,0,0,0
"Row123",0.038069349381344,0.0248059586611619,0,0,0,0,0,0,0,0,0,0,0,0,0,0,0,0,0,0
"Row124",0.038069349381344,0.0248097290401469,0,0,0,0,0,0,0,0,0,0,0,0,0,0,0,0,0,0
"Row125",0.038069349381344,0.0250181799682488,0,0,0,0,0,0,0,0,0,0,0,0,0,0,0,0,0,0
"Row126",0.038069349381344,0.026889851420623,0,0,0,0,0,0,0,0,0,0,0,0,0,0,0,0,0,0
"Row127",0.038069349381344,0.0289578605645666,0,0,0,0,0,0,0,0,0,0,0,0,0,0,0,0,0,0
"Row128",0.038069349381344,0.0310686760660371,0,0,0,0,0,0,0,0,0,0,0,0,0,0,0,0,0,0
"Row129",0.038069349381344,0.0320896354854719,0,0,0,0,0,0,0,0,0,0,0,0,0,0,0,0,0,0
"Row130",0.038069349381344,0.036184421559023,0,0,0,0,0,0,0,0,0,0,0,0,0,0,0,0,0,0
"Row131",0.038069349381344,0.0362665807361377,0,0,0,0,0,0,0,0,0,0,0,0,0,0,0,0,0,0
"Row132",0.038069349381344,0.0372935166893874,0,0,0,0,0,0,0,0,0,0,0,0,0,0,0,0,0,0
"Row133",0.038069349381344,0.0392918679819244,0,0,0,0,0,0,0,0,0,0,0,0,0,0,0,0,0,0
"Row134",0.038069349381344,0.0423312637268866,0,0,0,0,0,0,0,0,0,0,0,0,0,0,0,0,0,0
"Row135",0.038069349381344,0.0423668996768484,0,0,0,0,0,0,0,0,0,0,0,0,0,0,0,0,0,0
"Row136",0.038069349381344,0.0442700986934005,0,0,0,0,0,0,0,0,0,0,0,0,0,0,0,0,0,0
"Row137",0.038069349381344,0.0442706983086802,0,0,0,0,0,0,0,0,0,0,0,0,0,0,0,0,0,0
"Row138",0.038069349381344,0,0.0349414811821331,0,0,0,0,0,0,0,0,0,0,0,0,0,0,0,0,0
"Row139",0.038069349381344,0,0.034788714212838,0,0,0,0,0,0,0,0,0,0,0,0,0,0,0,0,0
"Row140",0.038069349381344,0,0.0347838928592565,0,0,0,0,0,0,0,0,0,0,0,0,0,0,0,0,0
"Row141",0.038069349381344,0,0.0349906332633146,0,0,0,0,0,0,0,0,0,0,0,0,0,0,0,0,0
"Row142",0.038069349381344,0,0.0362456512995457,0,0,0.00792095390706369,0,0,0,0,0,0,0,0,0,0,0,0,0,0
"Row143",0.038069349381344,0,0.0362466688591105,0,0,0.00870857684536703,0,0,0,0,0,0,0,0,0,0,0,0,0,0
"Row144",0.038069349381344,0,0.0362147079533763,0,0,0.00926118597254622,0,0,0,0,0,0,0,0,0,0,0,0,0,0
"Row145",0.038069349381344,0,0.0365719709868582,0,0,0.0100851777874216,0,0,0,0,0,0,0,0,0,0,0,0,0,0
"Row146",0.038069349381344,0,0.036088243618211,0,0,0.0120503825575031,0,0,0,0,0,0,0,0,0,0,0,0,0,0
"Row147",0.038069349381344,0,0.036137290039766,0,0,0.0121125754243621,0,0,0,0,0,0,0,0,0,0,0,0,0,0
"Row148",0.038069349381344,0,0.0360954710652686,0,0,0.0123080722072024,0,0,0,0,0,0,0,0,0,0,0,0,0,0
"Row149",0.038069349381344,0,0.0361785496318872,0,0,0.0120025689044618,0,0,0,0,0,0,0,0,0,0,0,0,0,0
"Row150",0.038069349381344,0,0.0374816990916605,0,0,0.0151289386569006,0,0,0,0,0,0,0,0,0,0,0,0,0,0
"Row151",0.038069349381344,0,0.0386130360225994,0,0,0.0177331512456524,0,0,0,0,0,0,0,0,0,0,0,0,0,0
"Row152",0.038069349381344,0,0.039090667981892,0,0,0.0189711184080273,0,0,0,0,0,0,0,0,0,0,0,0,0,0
"Row153",0.038069349381344,0,0.0387738982716132,0,0,0.0192177427485767,0,0,0,0,0,0,0,0,0,0,0,0,0,0
"Row154",0.038069349381344,0,0.0406644716975587,0,0,0.0283889488566869,0,0,0,0,0,0,0,0,0,0,0,0,0,0
"Row155",0.038069349381344,0,0.0408996972236809,0,0,0.0281896038702721,0,0,0,0,0,0,0,0,0,0,0,0,0,0
"Row156",0.038069349381344,0,0.0415633619347243,0,0,0.0445249452912724,0,0,0,0,0,0,0,0,0,0,0,0,0,0
"Row157",0.038069349381344,0,0.0420824517503853,0,0,0.0455869724148606,0,0,0,0,0,0,0,0,0,0,0,0,0,0
"Row158",0.038069349381344,0,0.0426035098726764,0,0,0.0464428835327395,0,0,0,0,0,0,0,0,0,0,0,0,0,0
"Row159",0.038069349381344,0,0.0426846147911139,0,0,0.0466928502931141,0,0,0,0,0,0,0,0,0,0,0,0,0,0
"Row160",0.038069349381344,0,0.042767815001699,0,0,0.0465840565289158,0,0,0,0,0,0,0,0,0,0,0,0,0,0
"Row161",0.038069349381344,0,0.0460140178782095,0,0,0.0552236664112981,0,0,0,0,0,0,0,0,0,0,0,0,0,0
"Row162",0.038069349381344,0,0.046252718886188,0,0,0.055570734342545,0,0,0,0,0,0,0,0,0,0,0,0,0,0
"Row163",0.038069349381344,0,0.0470705426451376,0,0,0.0563681692288778,0,0,0,0,0,0,0,0,0,0,0,0,0,0
"Row164",0.038069349381344,0,0.0469913287933728,0,0,0.0571244712650198,0,0,0,0,0,0,0,0,0,0,0,0,0,0
"Row165",0.038069349381344,0,0.0469103966006067,0,0,0.0572458046738593,0,0,0,0,0,0,0,0,0,0,0,0,0,0
"Row166",0.038069349381344,0,0.0468764018620006,0,0,0.0570636214591544,0,0,0,0,0,0,0,0,0,0,0,0,0,0
"Row167",0.038069349381344,0,0.0479930271507024,0,0,0.0595980647245367,0,0,0,0,0,0,0,0,0,0,0,0,0,0
"Row168",0.038069349381344,0,0.0492761020960599,0,0,0.0607686870327281,0,0,0,0,0,0,0,0,0,0,0,0,0,0
"Row169",0.038069349381344,0,0.0493309688983522,0,0,0.0628130657786466,0,0,0,0,0,0,0,0,0,0,0,0,0,0
"Row170",0.038069349381344,0,0.0501082788188558,0,0,0.065555743296807,0,0,0,0,0,0,0,0,0,0,0,0,0,0
"Row171",0.038069349381344,0,0.0499912025456724,0,0,0.0657560213909238,0,0,0,0,0,0,0,0,0,0,0,0,0,0
"Row172",0.038069349381344,0,0.0502465755676824,0,0,0.0663082510285364,0,0,0,0,0,0,0,0,0,0,0,0,0,0
"Row173",0.038069349381344,0,0.0511541212780673,0,0,0.0693605404059781,0,0,0,0,0,0,0,0,0,0,0,0,0,0
"Row174",0.038069349381344,0,0.051262089705954,0,0,0.0694335865147225,0,0,0,0,0,0,0,0,0,0,0,0,0,0
"Row175",0.038069349381344,0,0.0514482440640368,0,0,0.0700155011800336,0,0,0,0,0,0,0,0,0,0,0,0,0,0
"Row176",0.038069349381344,0,0.0520999053361466,0,0,0.0701788087599444,0,0,0,0,0,0,0,0,0,0,0,0,0,0
"Row177",0.038069349381344,0,0.0526336123738905,0,0,0.0704150099297962,0,0,0,0,0,0,0,0,0,0,0,0,0,0
"Row178",0.038069349381344,0,0.0527423968104561,0,0,0.0704107188666387,0,0,0,0,0,0,0,0,0,0,0,0,0,0
"Row179",0.038069349381344,0,0.0532430736894975,0,0,0.0716752182132843,0,0,0,0,0,0,0,0,0,0,0,0,0,0
"Row180",0.038069349381344,0,0.0531804636711611,0,0,0.0781490567681949,0,0,0,0,0,0,0,0,0,0,0,0,0,0
"Row181",0.038069349381344,0,0.0532034154030003,0,0,0.0783238963654409,0,0,0,0,0,0,0,0,0,0,0,0,0,0
"Row182",0.038069349381344,0,0.053793909691831,0,0,0.0793813242261738,0,0,0,0,0,0,0,0,0,0,0,0,0,0
"Row183",0.038069349381344,0,0.0539577723332946,0,0,0.0807704331610237,0,0,0,0,0,0,0,0,0,0,0,0,0,0
"Row184",0.038069349381344,0,0.0350957175481487,0,0,0,0,0,0,0,0,0,0,0,0,0,0,0,0,0
"Row185",0.038069349381344,0,0.0353191290193969,0,0,0,0,0,0,0,0,0,0,0,0,0,0,0,0,0
"Row186",0.038069349381344,0,0.0368958545321213,0,0,0,0,0,0,0,0,0,0,0,0,0,0,0,0,0
"Row187",0.038069349381344,0,0.0368635712048462,0,0,0,0,0,0,0,0,0,0,0,0,0,0,0,0,0
"Row188",0.038069349381344,0,0.0375906813878119,0,0,0,0,0,0,0,0,0,0,0,0,0,0,0,0,0
"Row189",0.038069349381344,0,0.0377973352104111,0,0,0,0,0,0,0,0,0,0,0,0,0,0,0,0,0
"Row190",0.038069349381344,0,0.0401322264272975,0,0,0,0,0,0,0,0,0,0,0,0,0,0,0,0,0
"Row191",0.038069349381344,0,0.0430108140539582,0,0,0,0.00801277146728303,0,0,0,0,0,0,0,0,0,0,0,0,0
"Row192",0.038069349381344,0,0.0433581711211692,0,0,0,0.00972768014657534,0,0,0,0,0,0,0,0,0,0,0,0,0
"Row193",0.038069349381344,0,0.0434728623977927,0,0,0,0.0104305210786539,0,0,0,0,0,0,0,0,0,0,0,0,0
"Row194",0.038069349381344,0,0.0439983758795775,0,0,0,0.0105275791881636,0,0,0,0,0,0,0,0,0,0,0,0,0
"Row195",0.038069349381344,0,0.0440732315979704,0,0,0,0.0138157625478962,0,0,0,0,0,0,0,0,0,0,0,0,0
"Row196",0.038069349381344,0,0.0446137177913707,0,0,0,0.0163552239093322,0,0,0,0,0,0,0,0,0,0,0,0,0
"Row197",0.038069349381344,0,0.0448550131935155,0,0,0,0.0178982288357113,0,0,0,0,0,0,0,0,0,0,0,0,0
"Row198",0.038069349381344,0,0.0465615185211983,0,0,0,0.0192682044034141,0,0,0,0,0,0,0,0,0,0,0,0,0
"Row199",0.038069349381344,0,0.0469650675048136,0,0,0,0.0199341133293215,0,0,0,0,0,0,0,0,0,0,0,0,0
"Row200",0.038069349381344,0,0.0470586001313127,0,0,0,0.0212330368094196,0,0,0,0,0,0,0,0,0,0,0,0,0
"Row201",0.038069349381344,0,0.047589544302743,0,0,0,0.0225793428577088,0,0,0,0,0,0,0,0,0,0,0,0,0
"Row202",0.038069349381344,0,0.0481961536586296,0,0,0,0.0241451685917405,0,0,0,0,0,0,0,0,0,0,0,0,0
"Row203",0.038069349381344,0,0.0487669293025376,0,0,0,0.0249491459637309,0,0,0,0,0,0,0,0,0,0,0,0,0
"Row204",0.038069349381344,0,0.048864442963253,0,0,0,0.0275768860355947,0,0,0,0,0,0,0,0,0,0,0,0,0
"Row205",0.038069349381344,0,0.0494690408806506,0,0,0,0.0287422844470621,0,0,0,0,0,0,0,0,0,0,0,0,0
"Row206",0.038069349381344,0,0.0498372264002251,0,0,0,0.0307698525126473,0,0,0,0,0,0,0,0,0,0,0,0,0
"Row207",0.038069349381344,0,0.0504418185512217,0,0,0,0.0313423576371362,0,0,0,0,0,0,0,0,0,0,0,0,0
"Row208",0.038069349381344,0,0.0507970332138365,0,0,0,0.0325059999083129,0,0,0,0,0,0,0,0,0,0,0,0,0
"Row209",0.038069349381344,0,0.0519726187162655,0,0,0,0.036426133738418,0,0,0,0,0,0,0,0,0,0,0,0,0
"Row210",0.038069349381344,0,0.0518479054656667,0,0,0,0.038944267749177,0,0,0,0,0,0,0,0,0,0,0,0,0
"Row211",0.038069349381344,0,0.0521047833950622,0,0,0,0.0403412213743243,0,0,0,0,0,0,0,0,0,0,0,0,0
"Row212",0.038069349381344,0,0.0523226229457215,0,0,0,0.0408564196946168,0,0,0,0,0,0,0,0,0,0,0,0,0
"Row213",0.038069349381344,0,0.0534180377986477,0,0,0,0.0439386422395006,0,0,0,0,0,0,0,0,0,0,0,0,0
"Row214",0.038069349381344,0,0.0550468896566165,0,0,0,0.049646006926601,0,0,0,0,0,0,0,0,0,0,0,0,0
"Row215",0.038069349381344,0,0.0551627401904101,0,0,0,0.0502026592871719,0,0,0,0,0,0,0,0,0,0,0,0,0
"Row216",0.038069349381344,0,0.0551090719982087,0,0,0,0.0503661183905819,0,0,0,0,0,0,0,0,0,0,0,0,0
"Row217",0.038069349381344,0,0.0550940615914367,0,0,0,0.0514906537693957,0,0,0,0,0,0,0,0,0,0,0,0,0
"Row218",0.038069349381344,0,0.0556659792088906,0,0,0,0.0543606230739295,0,0,0,0,0,0,0,0,0,0,0,0,0
"Row219",0.038069349381344,0,0.0574137000585287,0,0,0,0.0609768417834213,0,0,0,0,0,0,0,0,0,0,0,0,0
"Row220",0.038069349381344,0,0.0577400547344775,0,0,0,0.0616878040793184,0,0,0,0,0,0,0,0,0,0,0,0,0
"Row221",0.038069349381344,0,0.059949629288142,0,0,0,0.0676325030466245,0,0,0,0,0,0,0,0,0,0,0,0,0
"Row222",0.038069349381344,0,0.0601508555911901,0,0,0,0.0682859104651556,0,0,0,0,0,0,0,0,0,0,0,0,0
"Row223",0.038069349381344,0,0.0611565811067366,0,0,0,0.0693629043389488,0,0,0,0,0,0,0,0,0,0,0,0,0
"Row224",0.038069349381344,0,0.0611482021162904,0,0,0,0.0698802437260878,0,0,0,0,0,0,0,0,0,0,0,0,0
"Row225",0.038069349381344,0,0.0630134701630937,0,0,0,0.0760879161886177,0,0,0,0,0,0,0,0,0,0,0,0,0
"Row226",0.038069349381344,0,0.0627864321519502,0,0,0,0.0775809265607761,0,0,0,0,0,0,0,0,0,0,0,0,0
"Row227",0.038069349381344,0,0.0632614821186238,0,0,0,0.0785717365781044,0,0,0,0,0,0,0,0,0,0,0,0,0
"Row228",0.038069349381344,0,0.0635296777204544,0,0,0,0.0791206838355867,0,0,0,0,0,0,0,0,0,0,0,0,0
"Row229",0.038069349381344,0,0.0649049610128964,0,0,0,0.0818327534466331,0,0,0,0,0,0,0,0,0,0,0,0,0
"Row230",0.038069349381344,0,0.0558721416213362,0,0,0.0831894336579305,0,0,0,0,0,0,0,0,0,0,0,0,0,0
"Row231",0.038069349381344,0,0.0563743862782324,0,0,0.084903946669916,0,0,0,0,0,0,0.00529927733813881,0,0,0,0,0,0,0
"Row232",0.038069349381344,0,0.0565307971652112,0,0,0.0847970870331941,0,0,0,0,0,0,0.00582928615068291,0,0,0,0,0,0,0
"Row233",0.038069349381344,0,0.0564805456807564,0,0,0.0847343670929704,0,0,0,0,0,0,0.0061052502082386,0,0,0,0,0,0,0
"Row234",0.038069349381344,0,0.0583607753094575,0,0,0.0861523921241316,0,0,0,0,0,0,0.0134917686961314,0,0,0,0,0,0,0
"Row235",0.038069349381344,0,0.0587223288871601,0,0,0.0871575728794608,0,0,0,0,0,0,0.0191282873852463,0,0,0,0,0,0,0
"Row236",0.038069349381344,0,0.0586412016194778,0,0,0.0888610599291562,0,0,0,0,0,0,0.0301295023658994,0,0,0,0,0,0,0
"Row237",0.038069349381344,0,0.0586430377411639,0,0,0.0891214950670057,0,0,0,0,0,0,0.0311827977891685,0,0,0,0,0,0,0
"Row238",0.038069349381344,0,0.0605154973582527,0,0,0.0908930790530018,0,0,0,0,0,0,0.0650420806046948,0,0,0,0,0,0,0
"Row239",0.038069349381344,0,0.0604392345961272,0,0,0.0907366908296425,0,0,0,0,0,0,0.0650281692928789,0,0,0,0,0,0,0
"Row240",0.038069349381344,0,0.0604707305957194,0,0,0.0914485223195552,0,0,0,0,0,0,0.0686118837498708,0,0,0,0,0,0,0
"Row241",0.038069349381344,0,0.0606428714465623,0,0,0.0933258012381169,0,0,0,0,0,0,0.0765007402952309,0,0,0,0,0,0,0
"Row242",0.038069349381344,0,0.0610311706103799,0,0,0.0941623263878033,0,0,0,0,0,0,0.0804554219751386,0,0,0,0,0,0,0
"Row243",0.038069349381344,0,0.0612687283962529,0,0,0.0955008478282624,0,0,0,0,0,0,0.0848451040234119,0,0,0,0,0,0,0
"Row244",0.038069349381344,0,0.0609681549419919,0,0,0.0961597520276821,0,0,0,0,0,0,0.0924917001969175,0,0,0,0,0,0,0
"Row245",0.038069349381344,0,0.0610895534423088,0,0,0.0960752340890026,0,0,0,0,0,0,0.0933390680250632,0,0,0,0,0,0,0
"Row246",0.038069349381344,0,0.0610091021311225,0,0,0.0963654902811298,0,0,0,0,0,0,0.093154422149425,0,0,0,0,0,0,0
"Row247",0.038069349381344,0,0.0610425269667597,0,0,0.09868506229774,0,0,0,0,0,0,0.111810126847692,0,0,0,0,0,0,0
"Row248",0.038069349381344,0,0.0609370842824445,0,0,0.0997506442088045,0,0,0,0,0,0,0.115298568084622,0,0,0,0,0,0,0
"Row249",0.038069349381344,0,0.0611106191157904,0,0,0.099494785439413,0,0,0,0,0,0,0.117364577060549,0,0,0,0,0,0,0
"Row250",0.038069349381344,0,0.060910064697396,0,0,0.10120358007435,0,0,0,0,0,0,0.122330002768894,0,0,0,0,0,0,0
"Row251",0.038069349381344,0,0.0608548163906534,0,0,0.100913624584304,0,0,0,0,0,0,0.123138681016313,0,0,0,0,0,0,0
"Row252",0.038069349381344,0,0.060992968190864,0,0,0.100966449914394,0,0,0,0,0,0,0.128272932645033,0,0,0,0,0,0,0
"Row253",0.038069349381344,0,0.0608370178532587,0,0,0.10085766960949,0,0,0,0,0,0,0.130159353427747,0,0,0,0,0,0,0
"Row254",0.038069349381344,0,0.0612428394362381,0,0,0.100607118978169,0,0,0,0,0,0,0.131851911269393,0,0,0,0,0,0,0
"Row255",0.038069349381344,0,0.0603427506063538,0,0,0.102754849592496,0,0,0,0,0,0,0.138678406041469,0,0,0,0,0,0,0
"Row256",0.038069349381344,0,0.0616058508359896,0,0,0.102622411284506,0,0,0,0,0,0,0.154319670055974,0,0,0,0,0,0,0
"Row257",0.038069349381344,0,0.0611984538073777,0,0,0.103940039436096,0,0,0,0,0,0,0.156768209520746,0,0,0,0,0,0,0
"Row258",0.038069349381344,0,0.0609234293940398,0,0,0.10352743373792,0,0,0,0,0,0,0.17217895990291,0,0,0,0,0,0,0
"Row259",0.038069349381344,0,0.0605194655298049,0,0,0.104740723523332,0,0,0,0,0,0,0.171968715042022,0,0,0,0,0,0,0
"Row260",0.038069349381344,0,0.0606932752402894,0,0,0.105003926282969,0,0,0,0,0,0,0.177754253922814,0,0,0,0,0,0,0
"Row261",0.038069349381344,0,0.0593610578590063,0,0,0.104593701326514,0,0,0,0,0,0,0.191466623061621,0,0,0,0,0,0,0
"Row262",0.038069349381344,0,0.0597175113393891,0,0,0.105142109849092,0,0,0,0,0,0,0.191255215856659,0,0,0,0,0,0,0
"Row263",0.038069349381344,0,0.059388889342611,0,0,0.104307281136818,0,0,0,0,0,0,0.201085624775738,0,0,0,0,0,0,0
"Row264",0.038069349381344,0,0.059906580801759,0,0,0.105541694565184,0,0,0,0,0,0,0.202338371149524,0,0,0,0,0,0,0
"Row265",0.038069349381344,0,0.0602167285528615,0,0,0.105587869237368,0,0,0,0,0,0,0.203944740784891,0,0,0,0,0,0,0
"Row266",0.038069349381344,0,0.0604509450645814,0,0,0.105624266033721,0,0,0,0,0,0,0.208965010188838,0,0,0,0,0,0,0
"Row267",0.038069349381344,0,0.0601802636519051,0,0,0.106071837852956,0,0,0,0,0,0,0.209420076280776,0,0,0,0,0,0,0
"Row268",0.038069349381344,0,0.060182137201904,0,0,0.106072572873608,0,0,0,0,0,0,0.209575246817541,0,0,0,0,0,0,0
"Row269",0.038069349381344,0,0.060300488354079,0,0,0.105692591519328,0,0,0,0,0,0,0.212893915963488,0,0,0,0,0,0,0
"Row270",0.038069349381344,0,0.05972038100432,0,0,0.106440759535464,0,0,0,0,0,0,0.213847603856817,0,0,0,0,0,0,0
"Row271",0.038069349381344,0,0.0602779618716786,0,0,0.106890071017081,0,0,0,0,0,0,0.21766716026041,0,0,0,0,0,0,0
"Row272",0.038069349381344,0,0.0602683335434994,0,0,0.106858775991469,0,0,0,0,0,0,0.218182638962394,0,0,0,0,0,0,0
"Row273",0.038069349381344,0,0.0589732518601167,0,0,0.104899864509222,0,0,0,0,0,0,0.216331941772177,0,0,0,0,0,0,0
"Row274",0.038069349381344,0,0.059736476102424,0,0,0.107880735576796,0,0,0,0,0,0,0.221906310187295,0,0,0,0,0,0,0
"Row275",0.038069349381344,0,0.0596226531091355,0,0,0.107876779891216,0,0,0,0,0,0,0.224030134619864,0,0,0,0,0,0,0
"Row276",0.038069349381344,0,0.0561266062567285,0,0,0.0847042460373112,0,0,0,0,0,0,0,0,0,0,0,0,0,0
"Row277",0.038069349381344,0,0.0577251138472424,0,0,0.0877356809155796,0,0,0,0,0,0.0100740985521951,0,0,0,0,0,0,0,0
"Row278",0.038069349381344,0,0.0581313417668909,0,0,0.0892908062872506,0,0,0,0,0,0.0190558565303283,0,0,0,0,0,0,0,0
"Row279",0.038069349381344,0,0.0590804145013042,0,0,0.0921283988599801,0,0,0,0,0,0.0377362972954103,0,0,0,0,0,0,0,0
"Row280",0.038069349381344,0,0.0589731241935331,0,0,0.092463071396108,0,0,0,0,0,0.04762896175015,0,0,0,0,0,0,0,0
"Row281",0.038069349381344,0,0.0591175393036578,0,0,0.0918290776625833,0,0,0,0,0,0.0498374255294113,0,0,0,0,0,0,0,0
"Row282",0.038069349381344,0,0.0587724015373893,0,0,0.0924708709692923,0,0,0,0,0,0.0579337854360134,0,0,0,0,0,0,0,0
"Row283",0.038069349381344,0,0.0588857900947466,0,0,0.0929086624459517,0,0,0,0,0,0.0584334523608201,0,0,0,0,0,0,0,0
"Row284",0.038069349381344,0,0.0589435896189716,0,0,0.0932392174783242,0,0,0,0,0,0.0690212993349855,0,0,0,0,0,0,0,0
"Row285",0.038069349381344,0,0.0587848934990992,0,0,0.093133261236164,0,0,0,0,0,0.0694867408596958,0,0,0,0,0,0,0,0
"Row286",0.038069349381344,0,0.0591605667179457,0,0,0.0932984178828928,0,0,0,0,0,0.0741263050446332,0,0,0,0,0,0,0,0
"Row287",0.038069349381344,0,0.0589381866843743,0,0,0.0930033293409938,0,0,0,0,0,0.081462012464818,0,0,0,0,0,0,0,0
"Row288",0.038069349381344,0,0.0587331196098446,0,0,0.0938727429644997,0,0,0,0,0,0.0901880883060895,0,0,0,0,0,0,0,0
"Row289",0.038069349381344,0,0.0581495021407187,0,0,0.0942943505658127,0,0,0,0,0,0.0941052487051857,0,0,0,0,0,0,0,0
"Row290",0.038069349381344,0,0.0592821960881245,0,0,0.0940306722390992,0,0,0,0,0,0.113455369649482,0,0,0,0,0,0,0,0
"Row291",0.038069349381344,0,0.0590320573265843,0,0,0.0965429053873937,0,0,0,0,0,0.127930833364309,0,0,0,0,0,0,0,0
"Row292",0.038069349381344,0,0.0591452268415285,0,0,0.0965281398994884,0,0,0,0,0,0.129057694476336,0,0,0,0,0,0,0,0
"Row293",0.038069349381344,0,0.058662757739532,0,0,0.0970471266481338,0,0,0,0,0,0.135374081625186,0,0,0,0,0,0,0,0
"Row294",0.038069349381344,0,0.0588015848030489,0,0,0.0964714248021747,0,0,0,0,0,0.135222550944728,0,0,0,0,0,0,0,0
"Row295",0.038069349381344,0,0.0588023608293282,0,0,0.0964676477888733,0,0,0,0,0,0.135705222619226,0,0,0,0,0,0,0,0
"Row296",0.038069349381344,0,0.0583025526118842,0,0,0.0963741289136014,0,0,0,0,0,0.139050932950144,0,0,0,0,0,0,0,0
"Row297",0.038069349381344,0,0.0583132118731563,0,0,0.0964422965488124,0,0,0,0,0,0.142522336317699,0,0,0,0,0,0,0,0
"Row298",0.038069349381344,0,0.0583291960234786,0,0,0.0963857234973376,0,0,0,0,0,0.142495673778333,0,0,0,0,0,0,0,0
"Row299",0.038069349381344,0,0.057956531176579,0,0,0.0962962456862424,0,0,0,0,0,0.147361930813233,0,0,0,0,0,0,0,0
"Row300",0.038069349381344,0,0.058005332741574,0,0,0.0966615144643021,0,0,0,0,0,0.152085433160373,0,0,0,0,0,0,0,0
"Row301",0.038069349381344,0,0.0582910933988598,0,0,0.0971459601525214,0,0,0,0,0,0.156180274896684,0,0,0,0,0,0,0,0
"Row302",0.038069349381344,0,0.0580657308565607,0,0,0.0978916666337446,0,0,0,0,0,0.158372783374606,0,0,0,0,0,0,0,0
"Row303",0.038069349381344,0,0.0579859778481292,0,0,0.0974467550058874,0,0,0,0,0,0.163297637778879,0,0,0,0,0,0,0,0
"Row304",0.038069349381344,0,0.0580785945560704,0,0,0.098461568316102,0,0,0,0,0,0.166849427958181,0,0,0,0,0,0,0,0
"Row305",0.038069349381344,0,0.0579570243423498,0,0,0.0986827894693278,0,0,0,0,0,0.16708690734989,0,0,0,0,0,0,0,0
"Row306",0.038069349381344,0,0.0581375649690142,0,0,0.0983374528447171,0,0,0,0,0,0.168103328971189,0,0,0,0,0,0,0,0
"Row307",0.038069349381344,0,0.0575781701786519,0,0,0.0988836802712661,0,0,0,0,0,0.170178842703525,0,0,0,0,0,0,0,0
"Row308",0.038069349381344,0,0.0572875810248737,0,0,0.0995247296259766,0,0,0,0,0,0.1711222731213,0,0,0,0,0,0,0,0
"Row309",0.038069349381344,0,0.0573897165018427,0,0,0.0990064671743377,0,0,0,0,0,0.175322720134187,0,0,0,0,0,0,0,0
"Row310",0.038069349381344,0,0.0571620529097291,0,0,0.100140068203395,0,0,0,0,0,0.177787583517051,0,0,0,0,0,0,0,0
"Row311",0.038069349381344,0,0.0572220579141129,0,0,0.100509589357549,0,0,0,0,0,0.182904955145627,0,0,0,0,0,0,0,0
"Row312",0.038069349381344,0,0.0574614692696741,0,0,0.102767478901645,0,0,0,0,0,0.195899859389694,0,0,0,0,0,0,0,0
"Row313",0.038069349381344,0,0.0576989018042659,0,0,0.102684311002902,0,0,0,0,0,0.19682652259643,0,0,0,0,0,0,0,0
"Row314",0.038069349381344,0,0.0571315716763406,0,0,0.101877824810139,0,0,0,0,0,0.2016559986489,0,0,0,0,0,0,0,0
"Row315",0.038069349381344,0,0.0577735365436965,0,0,0.101638772968813,0,0,0,0,0,0.20268031020206,0,0,0,0,0,0,0,0
"Row316",0.038069349381344,0,0.0578967236673985,0,0,0.101562289574305,0,0,0,0,0,0.20522959402352,0,0,0,0,0,0,0,0
"Row317",0.038069349381344,0,0.0576700159684638,0,0,0.101982998567594,0,0,0,0,0,0.207343012771023,0,0,0,0,0,0,0,0
"Row318",0.038069349381344,0,0.0581851398458214,0,0,0.101496547312064,0,0,0,0,0,0.212607428877231,0,0,0,0,0,0,0,0
"Row319",0.038069349381344,0,0.0581971370123184,0,0,0.101157935023501,0,0,0,0,0,0.214076984548668,0,0,0,0,0,0,0,0
"Row320",0.038069349381344,0,0.0585514805334601,0,0,0.10075053021396,0,0,0,0,0,0.214948930626308,0,0,0,0,0,0,0,0
"Row321",0.038069349381344,0,0.0584091063185415,0,0,0.100673366663755,0,0,0,0,0,0.216215977427673,0,0,0,0,0,0,0,0
"Row322",0.038069349381344,0,0.0646999245486787,0,0,0,0.086712217938539,0,0,0,0,0,0,0.0047992878923986,0,0,0,0,0,0
"Row323",0.038069349381344,0,0.0645930900177745,0,0,0,0.0866105851217034,0,0,0,0,0,0,0.00512097125223432,0,0,0,0,0,0
"Row324",0.038069349381344,0,0.0644866072451871,0,0,0,0.0863863715108402,0,0,0,0,0,0,0.00531661891438767,0,0,0,0,0,0
"Row325",0.038069349381344,0,0.0648821092178655,0,0,0,0.0871703238003626,0,0,0,0,0,0,0.0089205368277774,0,0,0,0,0,0
"Row326",0.038069349381344,0,0.0646356831050064,0,0,0,0.0884074135871057,0,0,0,0,0,0,0.0171879317163317,0,0,0,0,0,0
"Row327",0.038069349381344,0,0.0645500783246064,0,0,0,0.0903105072892197,0,0,0,0,0,0,0.0234351829995782,0,0,0,0,0,0
"Row328",0.038069349381344,0,0.0640678831695478,0,0,0,0.08974919915998,0,0,0,0,0,0,0.0301204602300261,0,0,0,0,0,0
"Row329",0.038069349381344,0,0.0642569786477653,0,0,0,0.0898782751334298,0,0,0,0,0,0,0.0310782514239803,0,0,0,0,0,0
"Row330",0.038069349381344,0,0.0643525807281144,0,0,0,0.090328180921017,0,0,0,0,0,0,0.0436702506919295,0,0,0,0,0,0
"Row331",0.038069349381344,0,0.0643130936290639,0,0,0,0.0902493805814391,0,0,0,0,0,0,0.044045127697354,0,0,0,0,0,0
"Row332",0.038069349381344,0,0.0648898269203093,0,0,0,0.0907608290736379,0,0,0,0,0,0,0.0498721150475783,0,0,0,0,0,0
"Row333",0.038069349381344,0,0.0649375367940419,0,0,0,0.0924636977957721,0,0,0,0,0,0,0.0621071061167629,0,0,0,0,0,0
"Row334",0.038069349381344,0,0.0654716604995813,0,0,0,0.0941011877940256,0,0,0,0,0,0,0.0663859018082439,0,0,0,0,0,0
"Row335",0.038069349381344,0,0.0652279358395847,0,0,0,0.0964190236854954,0,0,0,0,0,0,0.0846560646165735,0,0,0,0,0,0
"Row336",0.038069349381344,0,0.065193784192201,0,0,0,0.0966714048520043,0,0,0,0,0,0,0.0863054895088401,0,0,0,0,0,0
"Row337",0.038069349381344,0,0.0655945710810517,0,0,0,0.0984171987336562,0,0,0,0,0,0,0.0948848132199852,0,0,0,0,0,0
"Row338",0.038069349381344,0,0.0654882444810271,0,0,0,0.0983925448156966,0,0,0,0,0,0,0.0987006850807587,0,0,0,0,0,0
"Row339",0.038069349381344,0,0.0654699898446869,0,0,0,0.0986856728953033,0,0,0,0,0,0,0.101380278337193,0,0,0,0,0,0
"Row340",0.038069349381344,0,0.065015600842647,0,0,0,0.0990923694030696,0,0,0,0,0,0,0.10824981423876,0,0,0,0,0,0
"Row341",0.038069349381344,0,0.064977654362298,0,0,0,0.100259174895043,0,0,0,0,0,0,0.112521765326189,0,0,0,0,0,0
"Row342",0.038069349381344,0,0.0656866423606271,0,0,0,0.102315148182197,0,0,0,0,0,0,0.132415079976034,0,0,0,0,0,0
"Row343",0.038069349381344,0,0.0657094325484322,0,0,0,0.102054895674118,0,0,0,0,0,0,0.133614882881285,0,0,0,0,0,0
"Row344",0.038069349381344,0,0.0656761850545767,0,0,0,0.102519903594647,0,0,0,0,0,0,0.151877513646058,0,0,0,0,0,0
"Row345",0.038069349381344,0,0.067001152022367,0,0,0,0.103755910256401,0,0,0,0,0,0,0.155493517297173,0,0,0,0,0,0
"Row346",0.038069349381344,0,0.0673376285824548,0,0,0,0.10434505225436,0,0,0,0,0,0,0.15984767085306,0,0,0,0,0,0
"Row347",0.038069349381344,0,0.0683667448701387,0,0,0,0.105263595804925,0,0,0,0,0,0,0.166943241425429,0,0,0,0,0,0
"Row348",0.038069349381344,0,0.0676663142867569,0,0,0,0.105413337407886,0,0,0,0,0,0,0.170396591825056,0,0,0,0,0,0
"Row349",0.038069349381344,0,0.06765862639368,0,0,0,0.105401845787938,0,0,0,0,0,0,0.170294853306586,0,0,0,0,0,0
"Row350",0.038069349381344,0,0.0671222967439638,0,0,0,0.103441724417492,0,0,0,0,0,0,0.18232136690868,0,0,0,0,0,0
"Row351",0.038069349381344,0,0.0673163508523584,0,0,0,0.103795288648003,0,0,0,0,0,0,0.183121873072713,0,0,0,0,0,0
"Row352",0.038069349381344,0,0.0673245318812647,0,0,0,0.103657833346731,0,0,0,0,0,0,0.183641090586179,0,0,0,0,0,0
"Row353",0.038069349381344,0,0.0676154581669616,0,0,0,0.104216823854183,0,0,0,0,0,0,0.193902784914493,0,0,0,0,0,0
"Row354",0.038069349381344,0,0.0678031926531954,0,0,0,0.10497502649256,0,0,0,0,0,0,0.195723343362518,0,0,0,0,0,0
"Row355",0.038069349381344,0,0.0677854268225249,0,0,0,0.105241554655988,0,0,0,0,0,0,0.195632002032,0,0,0,0,0,0
"Row356",0.038069349381344,0,0.0683128465420282,0,0,0,0.10483987810638,0,0,0,0,0,0,0.19814865708063,0,0,0,0,0,0
"Row357",0.038069349381344,0,0.0672771672224713,0,0,0,0.105364579823039,0,0,0,0,0,0,0.200091972931598,0,0,0,0,0,0
"Row358",0.038069349381344,0,0.0667957310717843,0,0,0,0.104725188410897,0,0,0,0,0,0,0.201683986679584,0,0,0,0,0,0
"Row359",0.038069349381344,0,0.066789521492592,0,0,0,0.106787324272834,0,0,0,0,0,0,0.203198310128335,0,0,0,0,0,0
"Row360",0.038069349381344,0,0.0669187860380295,0,0,0,0.106342181238104,0,0,0,0,0,0,0.204842942186679,0,0,0,0,0,0
"Row361",0.038069349381344,0,0.0666859926328945,0,0,0,0.105166411294509,0,0,0,0,0,0,0.205211527414131,0,0,0,0,0,0
"Row362",0.038069349381344,0,0.0663705334357142,0,0,0,0.104805878284913,0,0,0,0,0,0,0.20691870617775,0,0,0,0,0,0
"Row363",0.038069349381344,0,0.0662906168750899,0,0,0,0.104716661997044,0,0,0,0,0,0,0.20679524966577,0,0,0,0,0,0
"Row364",0.038069349381344,0,0.0660177715810234,0,0,0,0.104751552519773,0,0,0,0,0,0,0.205452336213031,0,0,0,0,0,0
"Row365",0.038069349381344,0,0.0657618225845667,0,0,0,0.105597429430986,0,0,0,0,0,0,0.210426205162061,0,0,0,0,0,0
"Row366",0.038069349381344,0,0.0656350841946168,0,0,0,0.105341731516382,0,0,0,0,0,0,0.210372616355759,0,0,0,0,0,0
"Row367",0.038069349381344,0,0.0652886032307641,0,0,0,0.105868470687638,0,0,0,0,0,0,0.209952435177904,0,0,0,0,0,0
"Row368",0.038069349381344,0,0.0655280548803091,0,0,0,0.084265680743499,0,0,0,0,0,0,0,0,0,0,0,0,0
"Row369",0.038069349381344,0,0.0665515661895839,0,0,0,0.0894984654718209,0,0,0,0,0,0,0,0,0,0,0,0,0
"Row370",0.038069349381344,0,0.0666664833998335,0,0,0,0.0893784715950519,0,0,0,0,0,0,0,0,0,0,0,0,0
"Row371",0.038069349381344,0,0.0665886953641727,0,0,0,0.0905510191054993,0,0,0,0,0,0,0,0.00645539712185108,0,0,0,0,0
"Row372",0.038069349381344,0,0.0688911095424805,0,0,0,0.0912256188998083,0,0,0,0,0,0,0,0.0300013396549037,0,0,0,0,0
"Row373",0.038069349381344,0,0.0691504506689653,0,0,0,0.0939968896258536,0,0,0,0,0,0,0,0.0479257965709548,0,0,0,0,0
"Row374",0.038069349381344,0,0.070919662662675,0,0,0,0.0937073090467429,0,0,0,0,0,0,0,0.0667786886015397,0,0,0,0,0
"Row375",0.038069349381344,0,0.0708878441782345,0,0,0,0.0940059200812516,0,0,0,0,0,0,0,0.0784677265821394,0,0,0,0,0
"Row376",0.038069349381344,0,0.070953174744443,0,0,0,0.0941632218363008,0,0,0,0,0,0,0,0.0786371260330842,0,0,0,0,0
"Row377",0.038069349381344,0,0.0715049943498768,0,0,0,0.0956866576383307,0,0,0,0,0,0,0,0.0914395659152018,0,0,0,0,0
"Row378",0.038069349381344,0,0.0714684559780947,0,0,0,0.0947105263991259,0,0,0,0,0,0,0,0.0927322415683337,0,0,0,0,0
"Row379",0.038069349381344,0,0.0724818630059686,0,0,0,0.0980829811374422,0,0,0,0,0,0,0,0.111585489020273,0,0,0,0,0
"Row380",0.038069349381344,0,0.0726758733207988,0,0,0,0.0976723586990596,0,0,0,0,0,0,0,0.119037611316712,0,0,0,0,0
"Row381",0.038069349381344,0,0.0725664203724363,0,0,0,0.0999004685749204,0,0,0,0,0,0,0,0.120837882903504,0,0,0,0,0
"Row382",0.038069349381344,0,0.0723466413700499,0,0,0,0.0994426894846418,0,0,0,0,0,0,0,0.125382432782565,0,0,0,0,0
"Row383",0.038069349381344,0,0.072573679451997,0,0,0,0.098935792902498,0,0,0,0,0,0,0,0.125195091296948,0,0,0,0,0
"Row384",0.038069349381344,0,0.0731231604742333,0,0,0,0.0992776020875671,0,0,0,0,0,0,0,0.130972877594869,0,0,0,0,0
"Row385",0.038069349381344,0,0.0735814191011767,0,0,0,0.101135914121323,0,0,0,0,0,0,0,0.137381504129228,0,0,0,0,0
"Row386",0.038069349381344,0,0.0743673914152095,0,0,0,0.101410810832417,0,0,0,0,0,0,0,0.142813924729355,0,0,0,0,0
"Row387",0.038069349381344,0,0.0747970969626985,0,0,0,0.102882800164553,0,0,0,0,0,0,0,0.146584021300062,0,0,0,0,0
"Row388",0.038069349381344,0,0.0748730180853201,0,0,0,0.103025041398594,0,0,0,0,0,0,0,0.148596905960544,0,0,0,0,0
"Row389",0.038069349381344,0,0.075022714580737,0,0,0,0.10293713265387,0,0,0,0,0,0,0,0.151145282567523,0,0,0,0,0
"Row390",0.038069349381344,0,0.0751096229045442,0,0,0,0.102666220093027,0,0,0,0,0,0,0,0.151795699937419,0,0,0,0,0
"Row391",0.038069349381344,0,0.0754988104484507,0,0,0,0.103489412897003,0,0,0,0,0,0,0,0.158724324722645,0,0,0,0,0
"Row392",0.038069349381344,0,0.0753724612074169,0,0,0,0.103266588662318,0,0,0,0,0,0,0,0.158353281155439,0,0,0,0,0
"Row393",0.038069349381344,0,0.0755616751330873,0,0,0,0.102373329550287,0,0,0,0,0,0,0,0.161029560155233,0,0,0,0,0
"Row394",0.038069349381344,0,0.0758870137871409,0,0,0,0.10110260724462,0,0,0,0,0,0,0,0.161311663947103,0,0,0,0,0
"Row395",0.038069349381344,0,0.076570533613617,0,0,0,0.101557922860197,0,0,0,0,0,0,0,0.164247597424131,0,0,0,0,0
"Row396",0.038069349381344,0,0.0774036933002379,0,0,0,0.104343222173229,0,0,0,0,0,0,0,0.171254435105069,0,0,0,0,0
"Row397",0.038069349381344,0,0.0774453019240964,0,0,0,0.103021352909279,0,0,0,0,0,0,0,0.174089287434516,0,0,0,0,0
"Row398",0.038069349381344,0,0.0771395933126486,0,0,0,0.103477436930454,0,0,0,0,0,0,0,0.175931397679056,0,0,0,0,0
"Row399",0.038069349381344,0,0.0775137707608858,0,0,0,0.103013599408698,0,0,0,0,0,0,0,0.178031512515795,0,0,0,0,0
"Row400",0.038069349381344,0,0.0775551472755543,0,0,0,0.103366769022341,0,0,0,0,0,0,0,0.177869449905226,0,0,0,0,0
"Row401",0.038069349381344,0,0.0771654130581934,0,0,0,0.103352619765668,0,0,0,0,0,0,0,0.181553588886803,0,0,0,0,0
"Row402",0.038069349381344,0,0.0771076152067527,0,0,0,0.102494793125959,0,0,0,0,0,0,0,0.181981957743467,0,0,0,0,0
"Row403",0.038069349381344,0,0.0775404960836201,0,0,0,0.102196051019091,0,0,0,0,0,0,0,0.181797629706417,0,0,0,0,0
"Row404",0.038069349381344,0,0.0774592075396508,0,0,0,0.102269816860719,0,0,0,0,0,0,0,0.183552633584731,0,0,0,0,0
"Row405",0.038069349381344,0,0.0772237737181478,0,0,0,0.102975080657074,0,0,0,0,0,0,0,0.185137915739711,0,0,0,0,0
"Row406",0.038069349381344,0,0.0776188064240547,0,0,0,0.101997621602021,0,0,0,0,0,0,0,0.19081050784829,0,0,0,0,0
"Row407",0.038069349381344,0,0.0775064604117367,0,0,0,0.101387720901924,0,0,0,0,0,0,0,0.190091569699962,0,0,0,0,0
"Row408",0.038069349381344,0,0.0775289085986234,0,0,0,0.101437905481674,0,0,0,0,0,0,0,0.190076006708942,0,0,0,0,0
"Row409",0.038069349381344,0,0.0773204482550434,0,0,0,0.101362566223095,0,0,0,0,0,0,0,0.190644022709517,0,0,0,0,0
"Row410",0.038069349381344,0,0.0774035866882847,0,0,0,0.10160140575202,0,0,0,0,0,0,0,0.191722213133281,0,0,0,0,0
"Row411",0.038069349381344,0,0.0776412110437902,0,0,0,0.102559226050023,0,0,0,0,0,0,0,0.193224789990218,0,0,0,0,0
"Row412",0.038069349381344,0,0.0776267995824487,0,0,0,0.102412051496048,0,0,0,0,0,0,0,0.193811077157267,0,0,0,0,0
"Row413",0.038069349381344,0,0.0776693115265913,0,0,0,0.102477989919151,0,0,0,0,0,0,0,0.193948395869687,0,0,0,0,0
"Row414",0.038069349381344,0.044873474953193,0,0,0,0,0,0,0,0,0,0,0,0,0,0,0,0,0,0
"Row415",0.038069349381344,0.0451012043822527,0,0,0,0,0,0,0,0,0,0,0,0,0,0,0,0,0,0
"Row416",0.038069349381344,0.0451664768384905,0,0,0,0,0,0,0,0,0,0,0,0,0,0,0,0,0,0
"Row417",0.038069349381344,0.0459084140525565,0,0,0,0,0,0,0,0,0,0,0,0,0,0,0,0,0,0
"Row418",0.038069349381344,0.046862055334315,0,0.011100503068468,0,0,0,0,0,0,0,0,0,0,0,0,0,0,0,0
"Row419",0.038069349381344,0.0478264739861245,0,0.0187346823806708,0,0,0,0,0,0,0,0,0,0,0,0,0,0,0,0
"Row420",0.038069349381344,0.0468311152914039,0,0.0214361024580625,0,0,0,0,0,0,0,0,0,0,0,0,0,0,0,0
"Row421",0.038069349381344,0.0469556962083536,0,0.0216855196793383,0,0,0,0,0,0,0,0,0,0,0,0,0,0,0,0
"Row422",0.038069349381344,0.0460402358621184,0,0.0294647056268396,0,0,0,0,0,0,0,0,0,0,0,0,0,0,0,0
"Row423",0.038069349381344,0.0462961085113156,0,0.0296740104740354,0,0,0,0,0,0,0,0,0,0,0,0,0,0,0,0
"Row424",0.038069349381344,0.0454170802683319,0,0.0318008696781237,0,0,0,0,0,0,0,0,0,0,0,0,0,0,0,0
"Row425",0.038069349381344,0.0454324927613944,0,0.0324822323539289,0,0,0,0.00226084085648667,0,0,0,0,0,0,0,0.204554305828616,0,0,0,0
"Row426",0.038069349381344,0.0457547649543609,0,0.0363730398899875,0,0,0,0.00227338816781696,0,0,0,0,0,0,0,0.212324295882849,0,0,0,0
"Row427",0.038069349381344,0.045593011090725,0,0.0371047949602301,0,0,0,0.00223182434099769,0,0,0,0,0,0,0,0.214406778223817,0,0,0,0
"Row428",0.038069349381344,0.0460480073956884,0,0.0416181009640908,0,0,0,0.00233040068976914,0,0,0,0,0,0,0,0.214543465621987,0,0,0,0
"Row429",0.038069349381344,0.0468795407744694,0,0.0483044458226365,0,0,0,0.00210566072971247,0,0,0,0,0,0,0,0.225111638961332,0,0,0,0
"Row430",0.038069349381344,0.0480180521824413,0,0.0512369961807663,0,0,0,0.00201958468313984,0,0,0,0,0,0,0,0.23048393574539,0,0,0,0
"Row431",0.038069349381344,0.0476494649269949,0,0.0514088808286806,0,0,0,0.00201170251337895,0,0,0,0,0,0,0,0.229162169547975,0,0,0,0
"Row432",0.038069349381344,0.0480418039446539,0,0.0524868977402599,0,0,0,0.0020815162769239,0,0,0,0,0,0,0,0.231482144204419,0,0,0,0
"Row433",0.038069349381344,0.048115695693038,0,0.0526749332268884,0,0,0,0.00206053024885412,0,0,0,0,0,0,0,0.231030124549199,0,0,0,0
"Row434",0.038069349381344,0.0483540034239669,0,0.0530164046485696,0,0,0,0.00205592808035054,0,0,0,0,0,0,0,0.231306890719757,0,0,0,0
"Row435",0.038069349381344,0.0481551833293091,0,0.0529105788415996,0,0,0,0.00207769682650683,0,0,0,0,0,0,0,0.230202403957716,0,0,0,0
"Row436",0.038069349381344,0.0481355177396204,0,0.0528281166284985,0,0,0,0.0020724021092374,0,0,0,0,0,0,0,0.229903652021516,0,0,0,0
"Row437",0.038069349381344,0.0477466736004911,0,0.0528585406026558,0,0,0,0.00203420173745878,0,0,0,0,0,0,0,0.228970868988592,0,0,0,0
"Row438",0.038069349381344,0.0481171060656335,0,0.0537539771461804,0,0,0,0.00204767185573023,0,0,0,0,0,0,0,0.228455181479803,0,0,0,0
"Row439",0.038069349381344,0.0480708701956548,0,0.0583127467584972,0,0,0,0.00196742198129872,0,0,0,0,0,0,0,0.213303080415868,0,0,0,0
"Row440",0.038069349381344,0.0475809152210622,0,0.0598010619234313,0,0,0,0.00195633184026762,0,0,0,0,0,0,0,0.202486134079852,0,0,0,0
"Row441",0.038069349381344,0.0476318821831362,0,0.0597918583620768,0,0,0,0.00195394372514413,0,0,0,0,0,0,0,0.20244947008511,0,0,0,0
"Row442",0.038069349381344,0.0481884553148025,0,0.0608079700167002,0,0,0,0.00190745684128311,0,0,0,0,0,0,0,0.197815741981157,0,0,0,0
"Row443",0.038069349381344,0.0480784032070816,0,0.0607274780885946,0,0,0,0.0019462177049871,0,0,0,0,0,0,0,0.195171584029965,0,0,0,0
"Row444",0.038069349381344,0.0481540214134732,0,0.0612972864112584,0,0,0,0,0,0,0,0,0,0,0,0,0,0,0,0
"Row445",0.038069349381344,0.0480739758991565,0,0.0619933223926894,0,0,0,0.00183394113178868,0,0,0,0,0,0,0,0.190288135234521,0,0,0,0
"Row446",0.038069349381344,0.0488945474858864,0,0.0647212466211191,0,0,0,0,0,0,0,0,0,0,0,0,0,0,0,0
"Row447",0.038069349381344,0.0490259554533608,0,0.0646957281329481,0,0,0,0,0,0,0,0,0,0,0,0,0,0,0,0
"Row448",0.038069349381344,0.0488900904013887,0,0.0649365369626379,0,0,0,0,0,0,0,0,0,0,0,0,0,0,0,0
"Row449",0.038069349381344,0.0490007980137591,0,0.0652063272036405,0,0,0,0,0,0,0,0,0,0,0,0,0,0,0,0
"Row450",0.038069349381344,0.049404189285828,0,0.0659295960963612,0,0,0,0,0,0,0,0,0,0,0,0,0,0,0,0
"Row451",0.038069349381344,0.0497041803094995,0,0.0666312039624045,0,0,0,0,0,0,0,0,0,0,0,0,0,0,0,0
"Row452",0.038069349381344,0.0498873718665525,0,0.0681013902702805,0,0,0,0,0,0,0,0,0,0,0,0,0,0,0,0
"Row453",0.038069349381344,0.0504065365251007,0,0.0676875751655813,0,0,0,0,0,0,0,0,0,0,0,0,0,0,0,0
"Row454",0.038069349381344,0.050192696249475,0,0.0694082535499751,0,0,0,0.00207482467635536,0,0,0,0,0,0,0,0.141551277863629,0,0,0,0
"Row455",0.038069349381344,0.0513696991443872,0,0.0739321914509854,0,0,0,0,0,0,0,0,0,0,0,0,0,0,0,0
"Row456",0.038069349381344,0.051960135867995,0,0.0765230274413557,0,0,0,0,0,0,0,0,0,0,0,0,0,0,0,0
"Row457",0.038069349381344,0.0523850734108722,0,0.0774950600553036,0,0,0,0.00251676652920472,0,0,0,0,0,0,0,0.093460729610137,0,0,0,0
"Row458",0.038069349381344,0.052754999070813,0,0.08081736598941,0,0,0,0.0032379033624453,0,0,0,0,0,0,0,0.0713447595130729,0,0,0,0
"Row459",0.038069349381344,0.0521687357952128,0,0.0813290621213098,0,0,0,0.00348998231765666,0,0,0,0,0,0,0,0.057499062207848,0,0,0,0
"Row460",0.038069349381344,0.0449049091893027,0,0,0,0,0,0,0,0,0,0,0,0,0,0,0,0,0,0
"Row461",0.038069349381344,0.0449467860188613,0,0,0,0,0,0,0,0,0,0,0,0,0,0,0,0,0,0
"Row462",0.038069349381344,0.045875589805138,0,0,0,0,0,0,0,0,0,0,0,0,0,0,0,0,0,0
"Row463",0.038069349381344,0.0483316831591859,0,0,0,0,0,0,0,0,0,0,0,0,0,0,0,0,0,0
"Row464",0.038069349381344,0.0488934163929585,0,0,0,0,0,0,0,0,0,0,0,0,0,0,0,0,0,0
"Row465",0.038069349381344,0.0496165391926633,0,0,0,0,0,0,0,0,0,0,0,0,0,0,0,0,0,0
"Row466",0.038069349381344,0.0501333712659735,0,0,0,0,0,0,0,0,0,0,0,0,0,0,0,0,0,0
"Row467",0.038069349381344,0.0521403769126044,0,0,0.00817471087539242,0,0,0,0,0,0,0,0,0,0,0,0,0,0,0
"Row468",0.038069349381344,0.0521415408303887,0,0,0.00838672260041209,0,0,0,0,0,0,0,0,0,0,0,0,0,0,0
"Row469",0.038069349381344,0.053457527868029,0,0,0.0121512056158555,0,0,0,0,0,0,0,0,0,0,0,0,0,0,0
"Row470",0.038069349381344,0.0530193903203295,0,0,0.0126194808505392,0,0,0,0,0,0,0,0,0,0,0,0,0,0,0
"Row471",0.038069349381344,0.0535203270467914,0,0,0.0128400946673881,0,0,0,0,0,0,0,0,0,0,0,0,0,0,0
"Row472",0.038069349381344,0.0535073439178512,0,0,0.0132882064730789,0,0,0,0,0,0,0,0,0,0,0,0,0,0,0
"Row473",0.038069349381344,0.0536249098131571,0,0,0.0133225686661712,0,0,0,0,0,0,0,0,0,0,0,0,0,0,0
"Row474",0.038069349381344,0.0550194908165432,0,0,0.0163455367530525,0,0,0,0,0,0,0,0,0,0,0,0,0,0,0
"Row475",0.038069349381344,0.0551953320535913,0,0,0.0166694079474593,0,0,0,0,0,0,0,0,0,0,0,0,0,0,0
"Row476",0.038069349381344,0.0552528309919799,0,0,0.0169060488970154,0,0,0,0,0,0,0,0,0,0,0,0,0,0,0
"Row477",0.038069349381344,0.0550386355487689,0,0,0.0167869326985799,0,0,0,0,0,0,0,0,0,0,0,0,0,0,0
"Row478",0.038069349381344,0.0553981355686801,0,0,0.0171074806164216,0,0,0,0,0,0,0,0,0,0,0,0,0,0,0
"Row479",0.038069349381344,0.0564442538382101,0,0,0.0187273168771919,0,0,0,0,0,0,0,0,0,0,0,0,0,0,0
"Row480",0.038069349381344,0.0571783907761138,0,0,0.0248573885329222,0,0,0,0,0,0,0,0,0,0,0,0,0,0,0
"Row481",0.038069349381344,0.0578034478854458,0,0,0.0288763152639907,0,0,0,0,0,0,0,0,0,0,0,0,0,0,0
"Row482",0.038069349381344,0.0576863382313973,0,0,0.0329121837266232,0,0,0,0,0,0,0,0,0,0,0,0,0,0,0
"Row483",0.038069349381344,0.0584001789062285,0,0,0.0330534962917571,0,0,0,0,0,0,0,0,0,0,0,0,0,0,0
"Row484",0.038069349381344,0.0585785477760116,0,0,0.0330107838263833,0,0,0,0,0,0,0,0,0,0,0,0,0,0,0
"Row485",0.038069349381344,0.0592458770449971,0,0,0.0369232694861523,0,0,0,0,0,0,0,0,0,0,0,0,0,0,0
"Row486",0.038069349381344,0.0597856962098758,0,0,0.0370079406311076,0,0,0,0,0,0,0,0,0,0,0,0,0,0,0
"Row487",0.038069349381344,0.0611721123337088,0,0,0.0408225366577484,0,0,0,0,0,0,0,0,0,0,0,0,0,0,0
"Row488",0.038069349381344,0.0611038777691432,0,0,0.0412660017004848,0,0,0,0,0,0,0,0,0,0,0,0,0,0,0
"Row489",0.038069349381344,0.0613704676210129,0,0,0.0420669255523045,0,0,0,0,0,0,0,0,0,0,0,0,0,0,0
"Row490",0.038069349381344,0.06229140945247,0,0,0.0426349789230483,0,0,0,0,0,0,0,0,0,0,0,0,0,0,0
"Row491",0.038069349381344,0.0624307616161165,0,0,0.043957589452385,0,0,0,0,0,0,0,0,0,0,0,0,0,0,0
"Row492",0.038069349381344,0.0630903678638438,0,0,0.0446046157546058,0,0,0,0,0,0,0,0,0,0,0,0,0,0,0
"Row493",0.038069349381344,0.0638558144805962,0,0,0.0489330401455225,0,0,0,0,0,0,0,0,0,0,0,0,0,0,0
"Row494",0.038069349381344,0.0637776293456466,0,0,0.0496914676955346,0,0,0,0,0,0,0,0,0,0,0,0,0,0,0
"Row495",0.038069349381344,0.064228568800346,0,0,0.0500348938795114,0,0,0,0,0,0,0,0,0,0,0,0,0,0,0
"Row496",0.038069349381344,0.0643561549998104,0,0,0.0499312384805291,0,0,0,0,0,0,0,0,0,0,0,0,0,0,0
"Row497",0.038069349381344,0.0649852715938102,0,0,0.0586531085628173,0,0,0,0,0,0,0,0,0,0,0,0,0,0,0
"Row498",0.038069349381344,0.0648621067857709,0,0,0.0604141522393798,0,0,0,0,0,0,0,0,0,0,0,0,0,0,0
"Row499",0.038069349381344,0.0652315922661111,0,0,0.063665315049046,0,0,0,0,0,0,0,0,0,0,0,0,0,0,0
"Row500",0.038069349381344,0.0652796876614098,0,0,0.0657820782196467,0,0,0,0,0,0,0,0,0,0,0,0,0,0,0
"Row501",0.038069349381344,0.0656555597026987,0,0,0.0667795487605748,0,0,0,0,0,0,0,0,0,0,0,0,0,0,0
"Row502",0.038069349381344,0.0653566908322268,0,0,0.0685672254395751,0,0,0,0,0,0,0,0,0,0,0,0,0,0,0
"Row503",0.038069349381344,0.0653631198742248,0,0,0.0713694477115926,0,0,0,0,0,0,0,0,0,0,0,0,0,0,0
"Row504",0.038069349381344,0.0660408333579318,0,0,0.0768455791471128,0,0,0,0,0,0,0,0,0,0,0,0,0,0,0
"Row505",0.038069349381344,0.0659700181697169,0,0,0.0772173239324304,0,0,0,0,0,0,0,0,0,0,0,0,0,0,0
"Row506",0.038069349381344,0.0528161754262729,0,0.0837256020738345,0,0,0,0.0070738057107728,0,0,0,0,0,0,0,0.046110339421022,0,0,0,0
"Row507",0.038069349381344,0.0525923417992826,0,0.0834934468747974,0,0,0,0.00845528258797153,0,0,0,0,0,0,0,0.0419372609879453,0,0,0,0
"Row508",0.038069349381344,0.051864567519289,0,0.0840877862487871,0,0,0,0.0105077627759205,0,0,0,0,0,0,0,0.039443208582581,0,0,0,0
"Row509",0.038069349381344,0.0525186195022793,0,0.0847076312148728,0,0,0,0.0164449377185742,0,0,0,0,0,0,0,0.0381670864640448,0,0,0,0
"Row510",0.038069349381344,0.0523218589320587,0,0.0847947221024438,0,0,0,0.0162526848198881,0,0,0,0,0,0,0,0.0375486354848341,0,0,0,0
"Row511",0.038069349381344,0.0527809492563919,0,0.0850257049895693,0,0,0,0.0185081355737713,0,0,0,0,0,0,0,0.0381992558900799,0,0,0,0
"Row512",0.038069349381344,0.0529494036424721,0,0.0860908704145354,0,0,0,0.0224624207505245,0,0,0,0,0,0,0,0.0360790771033101,0,0,0,0
"Row513",0.038069349381344,0.0529225626420309,0,0.0862364759521219,0,0,0,0.0251023923788786,0,0,0,0,0,0,0,0.0346153645361793,0,0,0,0
"Row514",0.038069349381344,0.0528760241924982,0,0.0862828244592745,0,0,0,0.0251167747681073,0,0,0,0,0,0,0,0.0343326703650161,0,0,0,0
"Row515",0.038069349381344,0.0529053988422593,0,0.0865339732940192,0,0,0,0.0253601080089973,0,0,0,0,0,0,0,0.0341654157414995,0,0,0,0
"Row516",0.038069349381344,0.0530323178853879,0,0.0866656421382327,0,0,0,0.0256599576195841,0,0,0,0,0,0,0,0.0337018650969537,0,0,0,0
"Row517",0.038069349381344,0.0541782619755261,0,0.0874587094491796,0,0,0,0.0524394515586601,0,0,0,0,0,0,0,0,0,0,0,0
"Row518",0.038069349381344,0.0542873967446188,0,0.0874309741954575,0,0,0,0.0525364791570438,0,0,0,0,0,0,0,0,0,0,0,0
"Row519",0.038069349381344,0.0542271575454343,0,0.0899610561437727,0,0,0,0.0706258432006244,0,0,0,0,0,0,0,0,0,0,0,0
"Row520",0.038069349381344,0.0540386971717645,0,0.0910428876593125,0,0,0,0.0830307844425917,0,0,0,0,0,0,0,0,0,0,0,0
"Row521",0.038069349381344,0.0541287198000859,0,0.0910615305667479,0,0,0,0.0865739673687021,0,0,0,0,0,0,0,0,0,0,0,0
"Row522",0.038069349381344,0.0552392931068878,0,0.0908920206302295,0,0,0,0.0970033344954913,0,0,0,0,0,0,0,0,0,0,0,0
"Row523",0.038069349381344,0.0552703690941824,0,0.0909602122581418,0,0,0,0.098694654800378,0,0,0,0,0,0,0,0,0,0,0,0
"Row524",0.038069349381344,0.0557947557785595,0,0.0921984720717277,0,0,0,0.106823392672984,0,0,0,0,0,0,0,0,0,0,0,0
"Row525",0.038069349381344,0.0554135390621145,0,0.0921324399449452,0,0,0,0.109525794966889,0,0,0,0,0,0,0,0,0,0,0,0
"Row526",0.038069349381344,0.0557008452286733,0,0.0937875112080514,0,0,0,0.120145704839713,0,0,0,0,0,0,0,0,0,0,0,0
"Row527",0.038069349381344,0.0559355442502296,0,0.094894648531178,0,0,0,0.124610194725126,0,0,0,0,0,0,0,0,0,0,0,0
"Row528",0.038069349381344,0.0569738364852258,0,0.0961105782127004,0,0,0,0.137087088458344,0,0,0,0,0,0,0,0,0,0,0,0
"Row529",0.038069349381344,0.0573090187043615,0,0.0972841180669254,0,0,0,0.14398864648595,0,0,0,0,0,0,0,0,0,0,0,0
"Row530",0.038069349381344,0.0571852503882157,0,0.0973051638824758,0,0,0,0.145119994402301,0,0,0,0,0,0,0,0,0,0,0,0
"Row531",0.038069349381344,0.0575250986424316,0,0.097417438016329,0,0,0,0.148459114838551,0,0,0,0,0,0,0,0,0,0,0,0
"Row532",0.038069349381344,0.0578998004690329,0,0.0986933321923137,0,0,0,0.163716475427019,0,0,0,0,0,0,0,0,0,0,0,0
"Row533",0.038069349381344,0.058515667416235,0,0.0990297427425924,0,0,0,0.16675139963874,0,0,0,0,0,0,0,0,0,0,0,0
"Row534",0.038069349381344,0.0590004976515631,0,0.0990590246114815,0,0,0,0.169000775507682,0,0,0,0,0,0,0,0,0,0,0,0
"Row535",0.038069349381344,0.0584822760212088,0,0.0988607606922733,0,0,0,0.192679631916081,0,0,0,0,0,0,0,0,0,0,0,0
"Row536",0.038069349381344,0.059931227830641,0,0.0977624629422364,0,0,0,0.205238743076185,0,0,0,0,0,0,0,0,0,0,0,0
"Row537",0.038069349381344,0.0593257502679863,0,0.098776066841922,0,0,0,0.204099322066196,0,0,0,0,0,0,0,0,0,0,0,0
"Row538",0.038069349381344,0.0592417515024934,0,0.0989110313410915,0,0,0,0.20243624556131,0,0,0,0,0,0,0,0,0,0,0,0
"Row539",0.038069349381344,0.0593281739323764,0,0.098804551911595,0,0,0,0.202451840660973,0,0,0,0,0,0,0,0,0,0,0,0
"Row540",0.038069349381344,0.0594150169773674,0,0.098656062827243,0,0,0,0.203506367316338,0,0,0,0,0,0,0,0,0,0,0,0
"Row541",0.038069349381344,0.0591410414615297,0,0.0977540139625372,0,0,0,0.20606711829329,0,0,0,0,0,0,0,0,0,0,0,0
"Row542",0.038069349381344,0.0591554197184171,0,0.0977280646681902,0,0,0,0.206128850639882,0,0,0,0,0,0,0,0,0,0,0,0
"Row543",0.038069349381344,0.0590784608205955,0,0.0970883777945936,0,0,0,0.207281575235376,0,0,0,0,0,0,0,0,0,0,0,0
"Row544",0.038069349381344,0.0587933179093565,0,0.0975993552747182,0,0,0,0.206921891719433,0,0,0,0,0,0,0,0,0,0,0,0
"Row545",0.038069349381344,0.0589782249940759,0,0.0985676768799046,0,0,0,0.210255634117644,0,0,0,0,0,0,0,0,0,0,0,0
"Row546",0.038069349381344,0.0588480290886205,0,0.0984304478232357,0,0,0,0.213783103571281,0,0,0,0,0,0,0,0,0,0,0,0
"Row547",0.038069349381344,0.0590070075203725,0,0.0982534606961269,0,0,0,0.21328530005128,0,0,0,0,0,0,0,0,0,0,0,0
"Row548",0.038069349381344,0.0589338348154667,0,0.0981942398911365,0,0,0,0.21330038978615,0,0,0,0,0,0,0,0,0,0,0,0
"Row549",0.038069349381344,0.0596131424661094,0,0.0989516529949801,0,0,0,0.21297521817696,0,0,0,0,0,0,0,0,0,0,0,0
"Row550",0.038069349381344,0.060131532214779,0,0.0992121520261676,0,0,0,0.213690324921315,0,0,0,0,0,0,0,0,0,0,0,0
"Row551",0.038069349381344,0.0603293099997728,0,0.0995527293323816,0,0,0,0.213447189870699,0,0,0,0,0,0,0,0,0,0,0,0
"Row552",0.038069349381344,0.0526384830822839,0,0.0832727070193735,0,0,0,0,0,0,0,0,0,0,0,0,0,0,0,0
"Row553",0.038069349381344,0.053033599815366,0,0.0847213800669836,0,0,0,0,0,0,0,0,0,0,0,0,0,0,0,0
"Row554",0.038069349381344,0.0526225832231028,0,0.086104327044495,0,0,0,0,0,0,0,0,0,0,0,0,0,0,0,0
"Row555",0.038069349381344,0.0510274794409422,0,0.0869896776972005,0,0,0,0,0.00667997812048412,0,0,0,0,0,0,0,0.229800922132435,0,0,0
"Row556",0.038069349381344,0.0511030445124573,0,0.0868476468207986,0,0,0,0,0.00684192317559704,0,0,0,0,0,0,0,0.233069402355602,0,0,0
"Row557",0.038069349381344,0.0518045020085944,0,0.0878520729317994,0,0,0,0,0.0099601267948632,0,0,0,0,0,0,0,0.260637233025014,0,0,0
"Row558",0.038069349381344,0.0516283388458962,0,0.0885829857649681,0,0,0,0,0.0136138535065349,0,0,0,0,0,0,0,0.266017482691682,0,0,0
"Row559",0.038069349381344,0.052185146615211,0,0.0906095828607826,0,0,0,0,0.0202343073373022,0,0,0,0,0,0,0,0.284098878388707,0,0,0
"Row560",0.038069349381344,0.0525149164820352,0,0.0912958342581987,0,0,0,0,0.0235478402628264,0,0,0,0,0,0,0,0.284209406902005,0,0,0
"Row561",0.038069349381344,0.0528948516067453,0,0.0910679423665973,0,0,0,0,0.0241082108364669,0,0,0,0,0,0,0,0.283487915124582,0,0,0
"Row562",0.038069349381344,0.0524317665888047,0,0.0917722694513021,0,0,0,0,0.0356714930180408,0,0,0,0,0,0,0,0.285505373154573,0,0,0
"Row563",0.038069349381344,0.0527100764077651,0,0.0939277322159607,0,0,0,0,0.0503429525974654,0,0,0,0,0,0,0,0.286341187990928,0,0,0
"Row564",0.038069349381344,0.0536594019427644,0,0.096089007542363,0,0,0,0,0.0712980928182271,0,0,0,0,0,0,0,0.261048093912963,0,0,0
"Row565",0.038069349381344,0.053372340509846,0,0.0971243547864591,0,0,0,0,0.07136669703449,0,0,0,0,0,0,0,0.256595610584979,0,0,0
"Row566",0.038069349381344,0.0532203959799554,0,0.0980531236996338,0,0,0,0,0.0770941358127412,0,0,0,0,0,0,0,0.251377542107871,0,0,0
"Row567",0.038069349381344,0.0535781824111941,0,0.0990978040659682,0,0,0,0,0.0818339472192326,0,0,0,0,0,0,0,0.237014071303565,0,0,0
"Row568",0.038069349381344,0.052615705366864,0,0.0995369117636595,0,0,0,0,0.106296492940823,0,0,0,0,0,0,0,0.180548599290643,0,0,0
"Row569",0.038069349381344,0.0526653743447127,0,0.0983030965977652,0,0,0,0,0.114155635511912,0,0,0,0,0,0,0,0.157866884588912,0,0,0
"Row570",0.038069349381344,0.0527453869759081,0,0.0997002727472954,0,0,0,0,0.115857591203029,0,0,0,0,0,0,0,0.148309061942162,0,0,0
"Row571",0.038069349381344,0.0529732071765363,0,0.101465191008594,0,0,0,0,0.15131361074927,0,0,0,0,0,0,0,0.0759506718392376,0,0,0
"Row572",0.038069349381344,0.0529329177452546,0,0.101909198025007,0,0,0,0,0.153685292026537,0,0,0,0,0,0,0,0.0706308661468894,0,0,0
"Row573",0.038069349381344,0.0525915180162172,0,0.10285873489836,0,0,0,0,0.161087621383835,0,0,0,0,0,0,0,0.0457281055403919,0,0,0
"Row574",0.038069349381344,0.0520493812702432,0,0.103555903381438,0,0,0,0,0.166387539181047,0,0,0,0,0,0,0,0.029169661125079,0,0,0
"Row575",0.038069349381344,0.0519413253026109,0,0.103600149568233,0,0,0,0,0.168206874448616,0,0,0,0,0,0,0,0.0292411162694419,0,0,0
"Row576",0.038069349381344,0.0512247131433971,0,0.103938757882651,0,0,0,0,0.171928690859981,0,0,0,0,0,0,0,0.0223347549690491,0,0,0
"Row577",0.038069349381344,0.051000553764526,0,0.10397627941777,0,0,0,0,0.175337070784083,0,0,0,0,0,0,0,0.0197302690345168,0,0,0
"Row578",0.038069349381344,0.0511865327294947,0,0.103917819738487,0,0,0,0,0.175133163470789,0,0,0,0,0,0,0,0.018632026916974,0,0,0
"Row579",0.038069349381344,0.0508599467460937,0,0.10362171329339,0,0,0,0,0.176575650355076,0,0,0,0,0,0,0,0.0125465507862262,0,0,0
"Row580",0.038069349381344,0.0509628666559332,0,0.104796969290046,0,0,0,0,0.182655839944554,0,0,0,0,0,0,0,0,0,0,0
"Row581",0.038069349381344,0.0510095560764384,0,0.104640922837917,0,0,0,0,0.185055285018399,0,0,0,0,0,0,0,0,0.000353055695697808,0,0
"Row582",0.038069349381344,0.0509434827513714,0,0.104790351282743,0,0,0,0,0.185309887647747,0,0,0,0,0,0,0,0,0.000463505216844027,0,0
"Row583",0.038069349381344,0.0510342229638375,0,0.10491653938375,0,0,0,0,0.185657226325722,0,0,0,0,0,0,0,0,0.00050220738236052,0,0
"Row584",0.038069349381344,0.050812838248224,0,0.105025930978453,0,0,0,0,0.189504846715956,0,0,0,0,0,0,0,0,0.000864270534424922,0,0
"Row585",0.038069349381344,0.0508682675372084,0,0.105022717509391,0,0,0,0,0.189388905398188,0,0,0,0,0,0,0,0,0.000883861493457959,0,0
"Row586",0.038069349381344,0.0513322033932795,0,0.105012564570395,0,0,0,0,0.19234042722291,0,0,0,0,0,0,0,0,0.00179183733037689,0,0
"Row587",0.038069349381344,0.0511334841911522,0,0.104652720096396,0,0,0,0,0.194604990701382,0,0,0,0,0,0,0,0,0.0056458598509416,0,0
"Row588",0.038069349381344,0.0512398678769786,0,0.104701653537693,0,0,0,0,0.195595905241585,0,0,0,0,0,0,0,0,0.0095005431863682,0,0
"Row589",0.038069349381344,0.0521140051966511,0,0.10566042528868,0,0,0,0,0.197004113953271,0,0,0,0,0,0,0,0,0.0776056082740445,0,0
"Row590",0.038069349381344,0.0524489846144304,0,0.108976073866503,0,0,0,0,0.201105980262123,0,0,0,0,0,0,0,0,0.253225362868249,0,0
"Row591",0.038069349381344,0.0529763895438001,0,0.110128248557871,0,0,0,0,0.201188438725054,0,0,0,0,0,0,0,0,0.342068527843988,0,0
"Row592",0.038069349381344,0.0530968168409615,0,0.110049454237373,0,0,0,0,0.200815939671454,0,0,0,0,0,0,0,0,0.357868150374997,0,0
"Row593",0.038069349381344,0.0530172392481041,0,0.110161675652946,0,0,0,0,0.200782753551035,0,0,0,0,0,0,0,0,0.361004652309142,0,0
"Row594",0.038069349381344,0.0531225013713353,0,0.11013974156632,0,0,0,0,0.199685114596967,0,0,0,0,0,0,0,0,0.362351210078777,0,0
"Row595",0.038069349381344,0.0531273751781218,0,0.110184419346913,0,0,0,0,0.199823583450651,0,0,0,0,0,0,0,0,0.36371356928725,0,0
"Row596",0.038069349381344,0.0522312860977553,0,0.10985662730772,0,0,0,0,0.202738197962807,0,0,0,0,0,0,0,0,0.381170353225937,0,0
"Row597",0.038069349381344,0.0526941940263377,0,0.109971716115922,0,0,0,0,0.201263171459696,0,0,0,0,0,0,0,0,0.381372745049193,0,0
"Row598",0.038069349381344,0.066130345909928,0,0,0.0861501247033482,0,0,0,0,0,0,0,0,0,0,0,0,0,0,0
"Row599",0.038069349381344,0.066673051955325,0,0,0.0907124632972474,0,0,0,0,0,0.0115763034192205,0,0,0,0,0,0,0,0,0
"Row600",0.038069349381344,0.0662679729237658,0,0,0.0922946495029257,0,0,0,0,0,0.022607307616276,0,0,0,0,0,0,0,0,0
"Row601",0.038069349381344,0.0661930130357494,0,0,0.0924272133594292,0,0,0,0,0,0.0235014435467145,0,0,0,0,0,0,0,0,0
"Row602",0.038069349381344,0.0658890971350557,0,0,0.0931997881251661,0,0,0,0,0,0.0368547292064784,0,0,0,0,0,0,0,0,0
"Row603",0.038069349381344,0.0658756979899844,0,0,0.0957020782866756,0,0,0,0,0,0.0479825340009894,0,0,0,0,0,0,0,0,0
"Row604",0.038069349381344,0.0659605837590899,0,0,0.0958540486774028,0,0,0,0,0,0.0487324854289167,0,0,0,0,0,0,0,0,0
"Row605",0.038069349381344,0.0658598788205668,0,0,0.0960612249356937,0,0,0,0,0,0.0492067363360363,0,0,0,0,0,0,0,0,0
"Row606",0.038069349381344,0.0663772853346025,0,0,0.0967843413082429,0,0,0,0,0,0.0511433743940433,0,0,0,0,0,0,0,0,0
"Row607",0.038069349381344,0.0659454313108027,0,0,0.0977964400758293,0,0,0,0,0,0.0596305370289802,0,0,0,0,0,0,0,0,0
"Row608",0.038069349381344,0.0662402567487372,0,0,0.0981395653446886,0,0,0,0,0,0.06046317735728,0,0,0,0,0,0,0,0,0
"Row609",0.038069349381344,0.066335128018659,0,0,0.0986814893105083,0,0,0,0,0,0.0715520850163751,0,0,0,0,0,0,0,0,0
"Row610",0.038069349381344,0.0664346165022992,0,0,0.098640236477459,0,0,0,0,0,0.0744376343248305,0,0,0,0,0,0,0,0,0
"Row611",0.038069349381344,0.0672722855084235,0,0,0.0980322886584784,0,0,0,0,0,0.0845408116382114,0,0,0,0,0,0,0,0,0
"Row612",0.038069349381344,0.0674055521223751,0,0,0.0989924017207892,0,0,0,0,0,0.115910954670573,0,0,0,0,0,0,0,0,0
"Row613",0.038069349381344,0.0672887435096577,0,0,0.100009232222209,0,0,0,0,0,0.121117688352748,0,0,0,0,0,0,0,0,0
"Row614",0.038069349381344,0.0673370864966904,0,0,0.100622650484989,0,0,0,0,0,0.133906903822928,0,0,0,0,0,0,0,0,0
"Row615",0.038069349381344,0.0678739657595476,0,0,0.100512872702448,0,0,0,0,0,0.136412190364398,0,0,0,0,0,0,0,0,0
"Row616",0.038069349381344,0.0678272487773459,0,0,0.103736637150504,0,0,0,0,0,0.151453139762128,0,0,0,0,0,0,0,0,0
"Row617",0.038069349381344,0.06824461801882,0,0,0.103371623620966,0,0,0,0,0,0.154603342380537,0,0,0,0,0,0,0,0,0
"Row618",0.038069349381344,0.0678610695881804,0,0,0.105297039339409,0,0,0,0,0,0.166430212530369,0,0,0,0,0,0,0,0,0
"Row619",0.038069349381344,0.0678169099779315,0,0,0.106833537618889,0,0,0,0,0,0.167051107210735,0,0,0,0,0,0,0,0,0
"Row620",0.038069349381344,0.0682863051362746,0,0,0.106924649596993,0,0,0,0,0,0.167874967328435,0,0,0,0,0,0,0,0,0
"Row621",0.038069349381344,0.0681418075608333,0,0,0.108810102480264,0,0,0,0,0,0.172681681545966,0,0,0,0,0,0,0,0,0
"Row622",0.038069349381344,0.067977928671648,0,0,0.108825599088727,0,0,0,0,0,0.172525432474561,0,0,0,0,0,0,0,0,0
"Row623",0.038069349381344,0.0680581092929516,0,0,0.109087911896303,0,0,0,0,0,0.172879531635785,0,0,0,0,0,0,0,0,0
"Row624",0.038069349381344,0.0681321585993895,0,0,0.107903879880622,0,0,0,0,0,0.174345067389901,0,0,0,0,0,0,0,0,0
"Row625",0.038069349381344,0.0681975582622805,0,0,0.10816860019818,0,0,0,0,0,0.173646925115502,0,0,0,0,0,0,0,0,0
"Row626",0.038069349381344,0.0681464084546419,0,0,0.108081865609965,0,0,0,0,0,0.174031495421179,0,0,0,0,0,0,0,0,0
"Row627",0.038069349381344,0.0681585539805364,0,0,0.108002614072358,0,0,0,0,0,0.174188961301353,0,0,0,0,0,0,0,0,0
"Row628",0.038069349381344,0.0675171503094183,0,0,0.108441210899938,0,0,0,0,0,0.174482610312435,0,0,0,0,0,0,0,0,0
"Row629",0.038069349381344,0.0675100274706504,0,0,0.108179948748648,0,0,0,0,0,0.174945603166147,0,0,0,0,0,0,0,0,0
"Row630",0.038069349381344,0.0674663449889774,0,0,0.109933233844302,0,0,0,0,0,0.174758234584889,0,0,0,0,0,0,0,0,0
"Row631",0.038069349381344,0.0676717586822499,0,0,0.109667568788327,0,0,0,0,0,0.174588066824485,0,0,0,0,0,0,0,0,0
"Row632",0.038069349381344,0.0663689387296636,0,0,0.109895159720289,0,0,0,0,0,0.181831883051806,0,0,0,0,0,0,0,0,0
"Row633",0.038069349381344,0.0662603523556678,0,0,0.109810092272424,0,0,0,0,0,0.182317244765857,0,0,0,0,0,0,0,0,0
"Row634",0.038069349381344,0.0665645450934144,0,0,0.109467097066359,0,0,0,0,0,0.182598878489279,0,0,0,0,0,0,0,0,0
"Row635",0.038069349381344,0.0657781538095366,0,0,0.110403535578942,0,0,0,0,0,0.18967524755762,0,0,0,0,0,0,0,0,0
"Row636",0.038069349381344,0.0661144466823058,0,0,0.110332074787777,0,0,0,0,0,0.191011921910303,0,0,0,0,0,0,0,0,0
"Row637",0.038069349381344,0.0658999679513934,0,0,0.109752210372823,0,0,0,0,0,0.191295213697521,0,0,0,0,0,0,0,0,0
"Row638",0.038069349381344,0.0663604429408718,0,0,0.111805325706569,0,0,0,0,0,0.196225548560408,0,0,0,0,0,0,0,0,0
"Row639",0.038069349381344,0.0666994803267333,0,0,0.111865005411256,0,0,0,0,0,0.195357187132059,0,0,0,0,0,0,0,0,0
"Row640",0.038069349381344,0.0656602401637395,0,0,0.113538284160956,0,0,0,0,0,0.193052758512857,0,0,0,0,0,0,0,0,0
"Row641",0.038069349381344,0.0657328342075874,0,0,0.113713952074964,0,0,0,0,0,0.192957350923893,0,0,0,0,0,0,0,0,0
"Row642",0.038069349381344,0.0657080206949732,0,0,0.114074577020349,0,0,0,0,0,0.194410502616128,0,0,0,0,0,0,0,0,0
"Row643",0.038069349381344,0.0657881980000199,0,0,0.114055343429622,0,0,0,0,0,0.192486399532017,0,0,0,0,0,0,0,0,0
"Row644",0.038069349381344,0.0666396434790747,0,0,0.0839192467343253,0,0,0,0,0,0,0,0,0,0,0,0,0,0,0
"Row645",0.038069349381344,0.0672898734400753,0,0,0.083736573427949,0,0,0,0,0,0,0,0,0,0,0,0,0,0,0
"Row646",0.038069349381344,0.0679292196315427,0,0,0.0877146303448832,0,0,0,0,0.0302416600735962,0,0,0,0,0,0,0,0,0.18686869527262,0
"Row647",0.038069349381344,0.067941186359307,0,0,0.0890227083581604,0,0,0,0,0.032588580223655,0,0,0,0,0,0,0,0,0.190460474081581,0
"Row648",0.038069349381344,0.0681250280945806,0,0,0.0885784575731392,0,0,0,0,0.0358197142629318,0,0,0,0,0,0,0,0,0.191454389226433,0
"Row649",0.038069349381344,0.0677554564045892,0,0,0.0874766464192089,0,0,0,0,0.0380564568492147,0,0,0,0,0,0,0,0,0.191911438998032,0
"Row650",0.038069349381344,0.0676783042203844,0,0,0.0874429803683598,0,0,0,0,0.0393628260018434,0,0,0,0,0,0,0,0,0.195620525291831,0
"Row651",0.038069349381344,0.067769363449877,0,0,0.0877824940390879,0,0,0,0,0.0385068878414833,0,0,0,0,0,0,0,0,0.195695084686146,0
"Row652",0.038069349381344,0.0679252986405934,0,0,0.0883774381133783,0,0,0,0,0.0538334793848576,0,0,0,0,0,0,0,0,0.212018823445784,0
"Row653",0.038069349381344,0.0675452670490731,0,0,0.0878350410752644,0,0,0,0,0.0544607618416258,0,0,0,0,0,0,0,0,0.220046168856053,0
"Row654",0.038069349381344,0.0677387143934366,0,0,0.0882336780508965,0,0,0,0,0.0565503556562263,0,0,0,0,0,0,0,0,0.222056065643993,0
"Row655",0.038069349381344,0.0683757129127424,0,0,0.088206770720198,0,0,0,0,0.0620398201922209,0,0,0,0,0,0,0,0,0.228571206269581,0
"Row656",0.038069349381344,0.0688715182576203,0,0,0.0887804214612595,0,0,0,0,0.0717668869106967,0,0,0,0,0,0,0,0,0.235970430044126,0
"Row657",0.038069349381344,0.0698447322757327,0,0,0.0915285739658593,0,0,0,0,0.0881440250557233,0,0,0,0,0,0,0,0,0.225606981088693,0
"Row658",0.038069349381344,0.0696825247420848,0,0,0.0917060998526901,0,0,0,0,0.0915175865167655,0,0,0,0,0,0,0,0,0.227723192237269,0
"Row659",0.038069349381344,0.0704163303412371,0,0,0.0924231454161602,0,0,0,0,0.0980448486258777,0,0,0,0,0,0,0,0,0.221595377696328,0
"Row660",0.038069349381344,0.0711319965922154,0,0,0.093395306012133,0,0,0,0,0.0999618947071393,0,0,0,0,0,0,0,0,0.224382688132099,0
"Row661",0.038069349381344,0.0710292469980453,0,0,0.0935442168407543,0,0,0,0,0.0997896739327713,0,0,0,0,0,0,0,0,0.224202976855056,0
"Row662",0.038069349381344,0.0710191455417519,0,0,0.0936056370401209,0,0,0,0,0.100570226064141,0,0,0,0,0,0,0,0,0.223066124626538,0
"Row663",0.038069349381344,0.0712682924495308,0,0,0.0930905693264752,0,0,0,0,0.101474308118373,0,0,0,0,0,0,0,0,0.222903328317635,0
"Row664",0.038069349381344,0.0714758966507365,0,0,0.0934421132545468,0,0,0,0,0.100936109758629,0,0,0,0,0,0,0,0,0.220188141367614,0
"Row665",0.038069349381344,0.0714168263083525,0,0,0.0936407413021467,0,0,0,0,0.102522443482751,0,0,0,0,0,0,0,0,0.215812903457025,0
"Row666",0.038069349381344,0.0715486933773446,0,0,0.0942390776336865,0,0,0,0,0.113882882522272,0,0,0,0,0,0,0,0,0.193283753353287,0
"Row667",0.038069349381344,0.071740750619031,0,0,0.0941286516764119,0,0,0,0,0.121739637912705,0,0,0,0,0,0,0,0,0.165651562992091,0
"Row668",0.038069349381344,0.072463411177902,0,0,0.0983980766566134,0,0,0,0,0.1435973801327,0,0,0,0,0,0,0,0,0.0910818938168249,0
"Row669",0.038069349381344,0.0726696104732321,0,0,0.0986147145962138,0,0,0,0,0.145895490161113,0,0,0,0,0,0,0,0,0.083388424049585,0
"Row670",0.038069349381344,0.0721151433800894,0,0,0.100362453037646,0,0,0,0,0.159321129589646,0,0,0,0,0,0,0,0,0.0334914674452659,0
"Row671",0.038069349381344,0.072327609990613,0,0,0.100275313443652,0,0,0,0,0.17638866487335,0,0,0,0,0,0,0,0,0,0
"Row672",0.038069349381344,0.0724213036451858,0,0,0.102128498395954,0,0,0,0,0.190750867157793,0,0,0,0,0,0,0,0,0,0.011087039791316
"Row673",0.038069349381344,0.0725482532595812,0,0,0.101945879070926,0,0,0,0,0.190428845164276,0,0,0,0,0,0,0,0,0,0.0111817998687335
"Row674",0.038069349381344,0.0727154920146239,0,0,0.102250999277388,0,0,0,0,0.195931359514309,0,0,0,0,0,0,0,0,0,0.0126919902015095
"Row675",0.038069349381344,0.0732212663873418,0,0,0.10367161118549,0,0,0,0,0.199534603716985,0,0,0,0,0,0,0,0,0,0.0191358858948994
"Row676",0.038069349381344,0.0732822776754813,0,0,0.104001627648001,0,0,0,0,0.20202414808796,0,0,0,0,0,0,0,0,0,0.0235160049704975
"Row677",0.038069349381344,0.0732503409460995,0,0,0.104450092021677,0,0,0,0,0.202883197648612,0,0,0,0,0,0,0,0,0,0.024862526200915
"Row678",0.038069349381344,0.0732815586215198,0,0,0.104344934104545,0,0,0,0,0.203311638077034,0,0,0,0,0,0,0,0,0,0.0263170582747302
"Row679",0.038069349381344,0.0732260194941832,0,0,0.105372314726624,0,0,0,0,0.202511871682174,0,0,0,0,0,0,0,0,0,0.0303370030528013
"Row680",0.038069349381344,0.0738166982353303,0,0,0.105353591868157,0,0,0,0,0.206183944137728,0,0,0,0,0,0,0,0,0,0.0435994630226378
"Row681",0.038069349381344,0.0737687603719456,0,0,0.105729649248915,0,0,0,0,0.206428678958759,0,0,0,0,0,0,0,0,0,0.0794152159136157
"Row682",0.038069349381344,0.0738224923645851,0,0,0.103728774821916,0,0,0,0,0.210050496543429,0,0,0,0,0,0,0,0,0,0.193741573588725
"Row683",0.038069349381344,0.0741623130889932,0,0,0.103296102223216,0,0,0,0,0.210717377014088,0,0,0,0,0,0,0,0,0,0.215078530353234
"Row684",0.038069349381344,0.0746233855495262,0,0,0.10188691772446,0,0,0,0,0.213416083905723,0,0,0,0,0,0,0,0,0,0.336140675687834
"Row685",0.038069349381344,0.0745005961362004,0,0,0.101375580736238,0,0,0,0,0.211560895442891,0,0,0,0,0,0,0,0,0,0.38428144899963
"Row686",0.038069349381344,0.0745126977614529,0,0,0.101513721211792,0,0,0,0,0.212665331323902,0,0,0,0,0,0,0,0,0,0.393414165925719
"Row687",0.038069349381344,0.0744929050233557,0,0,0.101560054968534,0,0,0,0,0.213184021921516,0,0,0,0,0,0,0,0,0,0.396874799427894
"Row688",0.038069349381344,0.0746494033661934,0,0,0.102098751913188,0,0,0,0,0.212644451651239,0,0,0,0,0,0,0,0,0,0.402728546937102
"Row689",0.038069349381344,0.0749125087235615,0,0,0.102899580668758,0,0,0,0,0.21487313944694,0,0,0,0,0,0,0,0,0,0.411462106529397
